ALTER TABLE TRELLO.TBL_USUARIOS_X_TARJETA DISABLE CONSTRAINT USU_X_TAR_USU_FK;
ALTER TABLE TRELLO.TBL_USUARIOS_X_TARJETA DISABLE CONSTRAINT USU_X_TAR_TAR_FK;
ALTER TABLE TRELLO.TBL_USUARIOS_X_TABLERO DISABLE CONSTRAINT USU_X_TAB_USU_FK;
ALTER TABLE TRELLO.TBL_USUARIOS_X_TABLERO DISABLE CONSTRAINT USU_X_TAB_TAB_FK;
ALTER TABLE TRELLO.TBL_USUARIOS_X_ORGANIZACION DISABLE CONSTRAINT USU_X_ORG_USU_FK;
ALTER TABLE TRELLO.TBL_USUARIOS_X_ORGANIZACION DISABLE CONSTRAINT USU_X_ORG_TIP_USU_FK;
ALTER TABLE TRELLO.TBL_USUARIOS_X_ORGANIZACION DISABLE CONSTRAINT USU_X_ORG_ORG_FK;
ALTER TABLE TRELLO.TBL_USUARIOS DISABLE CONSTRAINT USU_RED_SOC_FK;
ALTER TABLE TRELLO.TBL_USUARIOS DISABLE CONSTRAINT USU_PLA_FK;
ALTER TABLE TRELLO.TBL_TARJETAS DISABLE CONSTRAINT TAR_USU_FK;
ALTER TABLE TRELLO.TBL_TARJETAS DISABLE CONSTRAINT TAR_LIS_FK;
ALTER TABLE TRELLO.TBL_TABLERO DISABLE CONSTRAINT TAB_ORG_FK;
ALTER TABLE TRELLO.TBL_TABLERO DISABLE CONSTRAINT TABL_USU_FK;
ALTER TABLE TRELLO.TBL_SUSCRIPCIONES DISABLE CONSTRAINT SUS_USU_FK;
ALTER TABLE TRELLO.TBL_SUSCRIPCIONES DISABLE CONSTRAINT SUS_TAR_FK;
ALTER TABLE TRELLO.TBL_SUSCRIPCIONES DISABLE CONSTRAINT SUS_TAB_FK;
ALTER TABLE TRELLO.TBL_SUSCRIPCIONES DISABLE CONSTRAINT SUS_LIS_FK;
ALTER TABLE TRELLO.TBL_ORGANIZACIONES DISABLE CONSTRAINT ORG_USU_FK;
ALTER TABLE TRELLO.TBL_LISTAS DISABLE CONSTRAINT LIS_TAB_FK;
ALTER TABLE TRELLO.TBL_FACTURACION_PAGOS DISABLE CONSTRAINT FAC_PAG_USU_FK;
ALTER TABLE TRELLO.TBL_FACTURACION_PAGOS DISABLE CONSTRAINT FAC_PAG_PL_FK;
ALTER TABLE TRELLO.TBL_COMENTARIOS DISABLE CONSTRAINT COM_USU_FK;
ALTER TABLE TRELLO.TBL_COMENTARIOS DISABLE CONSTRAINT COML_TAR_FK;
ALTER TABLE TRELLO.TBL_CHECKLISTS DISABLE CONSTRAINT CHE_USU_FK;
ALTER TABLE TRELLO.TBL_CHECKLISTS DISABLE CONSTRAINT CHE_TAR_FK;
ALTER TABLE TRELLO.TBL_CHECKLIST_ITEMS DISABLE CONSTRAINT CHE_ITE_CHE_FK;
ALTER TABLE TRELLO.TBL_ARCHIVOS_ADJUNTOS DISABLE CONSTRAINT ARC_ADJ_USU_FK;
ALTER TABLE TRELLO.TBL_ARCHIVOS_ADJUNTOS DISABLE CONSTRAINT ARC_ADJ_TAR_FK;




--------------------------------------------------------
--  File created - Friday-November-20-2015   
--------------------------------------------------------
REM INSERTING into TRELLO.TBL_ARCHIVOS_ADJUNTOS
SET DEFINE OFF;
REM INSERTING into TRELLO.TBL_CHECKLIST_ITEMS
SET DEFINE OFF;
REM INSERTING into TRELLO.TBL_CHECKLISTS
SET DEFINE OFF;
REM INSERTING into TRELLO.TBL_COMENTARIOS
SET DEFINE OFF;
Insert into TRELLO.TBL_COMENTARIOS (CODIGO_COMENTARIO,CODIGO_USUARIO,CODIGO_TARJETA,COMENTARIO,FECHA_PUBLICACION) values (1,71,24,'Lorem ipsum dolor sit amet, consectetur adipiscing elit, sed do eiusmod tempor incididunt ut labore et dolore magna aliqua.',to_date('17-OCT-15','DD-MON-RR'));
Insert into TRELLO.TBL_COMENTARIOS (CODIGO_COMENTARIO,CODIGO_USUARIO,CODIGO_TARJETA,COMENTARIO,FECHA_PUBLICACION) values (2,274,45,'Lorem ipsum dolor sit amet, consectetur adipiscing elit, sed do eiusmod tempor incididunt ut labore et dolore magna aliqua.',to_date('24-OCT-15','DD-MON-RR'));
Insert into TRELLO.TBL_COMENTARIOS (CODIGO_COMENTARIO,CODIGO_USUARIO,CODIGO_TARJETA,COMENTARIO,FECHA_PUBLICACION) values (3,192,45,'Lorem ipsum dolor sit amet, consectetur adipiscing elit, sed do eiusmod tempor incididunt ut labore et dolore magna aliqua.',to_date('12-NOV-15','DD-MON-RR'));
Insert into TRELLO.TBL_COMENTARIOS (CODIGO_COMENTARIO,CODIGO_USUARIO,CODIGO_TARJETA,COMENTARIO,FECHA_PUBLICACION) values (4,59,65,'Lorem ipsum dolor sit amet, consectetur adipiscing elit, sed do eiusmod tempor incididunt ut labore et dolore magna aliqua.',to_date('27-SEP-15','DD-MON-RR'));
Insert into TRELLO.TBL_COMENTARIOS (CODIGO_COMENTARIO,CODIGO_USUARIO,CODIGO_TARJETA,COMENTARIO,FECHA_PUBLICACION) values (5,153,60,'Lorem ipsum dolor sit amet, consectetur adipiscing elit, sed do eiusmod tempor incididunt ut labore et dolore magna aliqua.',to_date('24-SEP-15','DD-MON-RR'));
Insert into TRELLO.TBL_COMENTARIOS (CODIGO_COMENTARIO,CODIGO_USUARIO,CODIGO_TARJETA,COMENTARIO,FECHA_PUBLICACION) values (6,286,16,'Lorem ipsum dolor sit amet, consectetur adipiscing elit, sed do eiusmod tempor incididunt ut labore et dolore magna aliqua.',to_date('11-NOV-15','DD-MON-RR'));
Insert into TRELLO.TBL_COMENTARIOS (CODIGO_COMENTARIO,CODIGO_USUARIO,CODIGO_TARJETA,COMENTARIO,FECHA_PUBLICACION) values (7,55,12,'Lorem ipsum dolor sit amet, consectetur adipiscing elit, sed do eiusmod tempor incididunt ut labore et dolore magna aliqua.',to_date('04-NOV-15','DD-MON-RR'));
Insert into TRELLO.TBL_COMENTARIOS (CODIGO_COMENTARIO,CODIGO_USUARIO,CODIGO_TARJETA,COMENTARIO,FECHA_PUBLICACION) values (8,173,16,'Lorem ipsum dolor sit amet, consectetur adipiscing elit, sed do eiusmod tempor incididunt ut labore et dolore magna aliqua.',to_date('15-SEP-15','DD-MON-RR'));
Insert into TRELLO.TBL_COMENTARIOS (CODIGO_COMENTARIO,CODIGO_USUARIO,CODIGO_TARJETA,COMENTARIO,FECHA_PUBLICACION) values (9,184,25,'Lorem ipsum dolor sit amet, consectetur adipiscing elit, sed do eiusmod tempor incididunt ut labore et dolore magna aliqua.',to_date('21-OCT-15','DD-MON-RR'));
Insert into TRELLO.TBL_COMENTARIOS (CODIGO_COMENTARIO,CODIGO_USUARIO,CODIGO_TARJETA,COMENTARIO,FECHA_PUBLICACION) values (10,285,15,'Lorem ipsum dolor sit amet, consectetur adipiscing elit, sed do eiusmod tempor incididunt ut labore et dolore magna aliqua.',to_date('21-OCT-15','DD-MON-RR'));
Insert into TRELLO.TBL_COMENTARIOS (CODIGO_COMENTARIO,CODIGO_USUARIO,CODIGO_TARJETA,COMENTARIO,FECHA_PUBLICACION) values (11,124,7,'Lorem ipsum dolor sit amet, consectetur adipiscing elit, sed do eiusmod tempor incididunt ut labore et dolore magna aliqua.',to_date('03-NOV-15','DD-MON-RR'));
Insert into TRELLO.TBL_COMENTARIOS (CODIGO_COMENTARIO,CODIGO_USUARIO,CODIGO_TARJETA,COMENTARIO,FECHA_PUBLICACION) values (12,95,1,'Lorem ipsum dolor sit amet, consectetur adipiscing elit, sed do eiusmod tempor incididunt ut labore et dolore magna aliqua.',to_date('17-NOV-15','DD-MON-RR'));
Insert into TRELLO.TBL_COMENTARIOS (CODIGO_COMENTARIO,CODIGO_USUARIO,CODIGO_TARJETA,COMENTARIO,FECHA_PUBLICACION) values (13,81,22,'Lorem ipsum dolor sit amet, consectetur adipiscing elit, sed do eiusmod tempor incididunt ut labore et dolore magna aliqua.',to_date('10-NOV-15','DD-MON-RR'));
Insert into TRELLO.TBL_COMENTARIOS (CODIGO_COMENTARIO,CODIGO_USUARIO,CODIGO_TARJETA,COMENTARIO,FECHA_PUBLICACION) values (14,246,36,'Lorem ipsum dolor sit amet, consectetur adipiscing elit, sed do eiusmod tempor incididunt ut labore et dolore magna aliqua.',to_date('30-SEP-15','DD-MON-RR'));
Insert into TRELLO.TBL_COMENTARIOS (CODIGO_COMENTARIO,CODIGO_USUARIO,CODIGO_TARJETA,COMENTARIO,FECHA_PUBLICACION) values (15,17,52,'Lorem ipsum dolor sit amet, consectetur adipiscing elit, sed do eiusmod tempor incididunt ut labore et dolore magna aliqua.',to_date('03-OCT-15','DD-MON-RR'));
Insert into TRELLO.TBL_COMENTARIOS (CODIGO_COMENTARIO,CODIGO_USUARIO,CODIGO_TARJETA,COMENTARIO,FECHA_PUBLICACION) values (16,233,48,'Lorem ipsum dolor sit amet, consectetur adipiscing elit, sed do eiusmod tempor incididunt ut labore et dolore magna aliqua.',to_date('19-OCT-15','DD-MON-RR'));
Insert into TRELLO.TBL_COMENTARIOS (CODIGO_COMENTARIO,CODIGO_USUARIO,CODIGO_TARJETA,COMENTARIO,FECHA_PUBLICACION) values (17,227,4,'Lorem ipsum dolor sit amet, consectetur adipiscing elit, sed do eiusmod tempor incididunt ut labore et dolore magna aliqua.',to_date('30-SEP-15','DD-MON-RR'));
Insert into TRELLO.TBL_COMENTARIOS (CODIGO_COMENTARIO,CODIGO_USUARIO,CODIGO_TARJETA,COMENTARIO,FECHA_PUBLICACION) values (18,208,39,'Lorem ipsum dolor sit amet, consectetur adipiscing elit, sed do eiusmod tempor incididunt ut labore et dolore magna aliqua.',to_date('16-OCT-15','DD-MON-RR'));
Insert into TRELLO.TBL_COMENTARIOS (CODIGO_COMENTARIO,CODIGO_USUARIO,CODIGO_TARJETA,COMENTARIO,FECHA_PUBLICACION) values (19,40,59,'Lorem ipsum dolor sit amet, consectetur adipiscing elit, sed do eiusmod tempor incididunt ut labore et dolore magna aliqua.',to_date('01-OCT-15','DD-MON-RR'));
Insert into TRELLO.TBL_COMENTARIOS (CODIGO_COMENTARIO,CODIGO_USUARIO,CODIGO_TARJETA,COMENTARIO,FECHA_PUBLICACION) values (20,259,60,'Lorem ipsum dolor sit amet, consectetur adipiscing elit, sed do eiusmod tempor incididunt ut labore et dolore magna aliqua.',to_date('21-SEP-15','DD-MON-RR'));
Insert into TRELLO.TBL_COMENTARIOS (CODIGO_COMENTARIO,CODIGO_USUARIO,CODIGO_TARJETA,COMENTARIO,FECHA_PUBLICACION) values (21,226,4,'Lorem ipsum dolor sit amet, consectetur adipiscing elit, sed do eiusmod tempor incididunt ut labore et dolore magna aliqua.',to_date('29-SEP-15','DD-MON-RR'));
Insert into TRELLO.TBL_COMENTARIOS (CODIGO_COMENTARIO,CODIGO_USUARIO,CODIGO_TARJETA,COMENTARIO,FECHA_PUBLICACION) values (22,85,36,'Lorem ipsum dolor sit amet, consectetur adipiscing elit, sed do eiusmod tempor incididunt ut labore et dolore magna aliqua.',to_date('14-SEP-15','DD-MON-RR'));
Insert into TRELLO.TBL_COMENTARIOS (CODIGO_COMENTARIO,CODIGO_USUARIO,CODIGO_TARJETA,COMENTARIO,FECHA_PUBLICACION) values (23,224,54,'Lorem ipsum dolor sit amet, consectetur adipiscing elit, sed do eiusmod tempor incididunt ut labore et dolore magna aliqua.',to_date('07-NOV-15','DD-MON-RR'));
Insert into TRELLO.TBL_COMENTARIOS (CODIGO_COMENTARIO,CODIGO_USUARIO,CODIGO_TARJETA,COMENTARIO,FECHA_PUBLICACION) values (24,272,54,'Lorem ipsum dolor sit amet, consectetur adipiscing elit, sed do eiusmod tempor incididunt ut labore et dolore magna aliqua.',to_date('28-SEP-15','DD-MON-RR'));
Insert into TRELLO.TBL_COMENTARIOS (CODIGO_COMENTARIO,CODIGO_USUARIO,CODIGO_TARJETA,COMENTARIO,FECHA_PUBLICACION) values (25,241,17,'Lorem ipsum dolor sit amet, consectetur adipiscing elit, sed do eiusmod tempor incididunt ut labore et dolore magna aliqua.',to_date('17-SEP-15','DD-MON-RR'));
Insert into TRELLO.TBL_COMENTARIOS (CODIGO_COMENTARIO,CODIGO_USUARIO,CODIGO_TARJETA,COMENTARIO,FECHA_PUBLICACION) values (26,258,25,'Lorem ipsum dolor sit amet, consectetur adipiscing elit, sed do eiusmod tempor incididunt ut labore et dolore magna aliqua.',to_date('16-SEP-15','DD-MON-RR'));
Insert into TRELLO.TBL_COMENTARIOS (CODIGO_COMENTARIO,CODIGO_USUARIO,CODIGO_TARJETA,COMENTARIO,FECHA_PUBLICACION) values (27,102,26,'Lorem ipsum dolor sit amet, consectetur adipiscing elit, sed do eiusmod tempor incididunt ut labore et dolore magna aliqua.',to_date('22-OCT-15','DD-MON-RR'));
Insert into TRELLO.TBL_COMENTARIOS (CODIGO_COMENTARIO,CODIGO_USUARIO,CODIGO_TARJETA,COMENTARIO,FECHA_PUBLICACION) values (28,32,45,'Lorem ipsum dolor sit amet, consectetur adipiscing elit, sed do eiusmod tempor incididunt ut labore et dolore magna aliqua.',to_date('27-SEP-15','DD-MON-RR'));
Insert into TRELLO.TBL_COMENTARIOS (CODIGO_COMENTARIO,CODIGO_USUARIO,CODIGO_TARJETA,COMENTARIO,FECHA_PUBLICACION) values (29,262,38,'Lorem ipsum dolor sit amet, consectetur adipiscing elit, sed do eiusmod tempor incididunt ut labore et dolore magna aliqua.',to_date('14-SEP-15','DD-MON-RR'));
Insert into TRELLO.TBL_COMENTARIOS (CODIGO_COMENTARIO,CODIGO_USUARIO,CODIGO_TARJETA,COMENTARIO,FECHA_PUBLICACION) values (30,267,13,'Lorem ipsum dolor sit amet, consectetur adipiscing elit, sed do eiusmod tempor incididunt ut labore et dolore magna aliqua.',to_date('19-SEP-15','DD-MON-RR'));
Insert into TRELLO.TBL_COMENTARIOS (CODIGO_COMENTARIO,CODIGO_USUARIO,CODIGO_TARJETA,COMENTARIO,FECHA_PUBLICACION) values (31,253,2,'Lorem ipsum dolor sit amet, consectetur adipiscing elit, sed do eiusmod tempor incididunt ut labore et dolore magna aliqua.',to_date('25-OCT-15','DD-MON-RR'));
REM INSERTING into TRELLO.TBL_FACTURACION_PAGOS
SET DEFINE OFF;
Insert into TRELLO.TBL_FACTURACION_PAGOS (CODIGO_FACTURA,CODIGO_PLAN,CODIGO_USUARIO,FECHA_INICIO,FECHA_FIN,MONTO,DESCUENTO) values (194,1,216,to_date('11-SEP-15','DD-MON-RR'),to_date('02-FEB-16','DD-MON-RR'),594.533424374910101361150163885319172512,192.715142517197010928356453984720529126);
Insert into TRELLO.TBL_FACTURACION_PAGOS (CODIGO_FACTURA,CODIGO_PLAN,CODIGO_USUARIO,FECHA_INICIO,FECHA_FIN,MONTO,DESCUENTO) values (195,3,75,to_date('20-OCT-15','DD-MON-RR'),to_date('22-JAN-16','DD-MON-RR'),371.99853925870625878449009216383330434,36.1905385827439372066345322131470841381);
Insert into TRELLO.TBL_FACTURACION_PAGOS (CODIGO_FACTURA,CODIGO_PLAN,CODIGO_USUARIO,FECHA_INICIO,FECHA_FIN,MONTO,DESCUENTO) values (196,3,282,to_date('22-OCT-15','DD-MON-RR'),to_date('21-FEB-16','DD-MON-RR'),714.939746883517313765352088262297247636,144.915342630773165540338705320652854215);
Insert into TRELLO.TBL_FACTURACION_PAGOS (CODIGO_FACTURA,CODIGO_PLAN,CODIGO_USUARIO,FECHA_INICIO,FECHA_FIN,MONTO,DESCUENTO) values (197,4,165,to_date('26-AUG-15','DD-MON-RR'),to_date('11-JAN-16','DD-MON-RR'),1811.748701823003415370938309694014657448,30.4351246062079114054198841264422399264);
Insert into TRELLO.TBL_FACTURACION_PAGOS (CODIGO_FACTURA,CODIGO_PLAN,CODIGO_USUARIO,FECHA_INICIO,FECHA_FIN,MONTO,DESCUENTO) values (198,5,42,to_date('03-OCT-15','DD-MON-RR'),to_date('03-FEB-16','DD-MON-RR'),2177.414651864408626505107619629420505784,189.334449044721158527615557450319143741);
Insert into TRELLO.TBL_FACTURACION_PAGOS (CODIGO_FACTURA,CODIGO_PLAN,CODIGO_USUARIO,FECHA_INICIO,FECHA_FIN,MONTO,DESCUENTO) values (199,1,251,to_date('15-OCT-15','DD-MON-RR'),to_date('13-FEB-16','DD-MON-RR'),2302.397859282782662559454207627442794148,48.136043349313500239119230489201743569);
Insert into TRELLO.TBL_FACTURACION_PAGOS (CODIGO_FACTURA,CODIGO_PLAN,CODIGO_USUARIO,FECHA_INICIO,FECHA_FIN,MONTO,DESCUENTO) values (200,3,229,to_date('24-OCT-15','DD-MON-RR'),to_date('11-FEB-16','DD-MON-RR'),2137.486701963704018919758402173217490808,79.8059294337346118286348468068687569693);
Insert into TRELLO.TBL_FACTURACION_PAGOS (CODIGO_FACTURA,CODIGO_PLAN,CODIGO_USUARIO,FECHA_INICIO,FECHA_FIN,MONTO,DESCUENTO) values (201,4,291,to_date('20-AUG-15','DD-MON-RR'),to_date('17-FEB-16','DD-MON-RR'),2459.162101471816915709595735374675658848,125.288365651316186565385422313351683257);
Insert into TRELLO.TBL_FACTURACION_PAGOS (CODIGO_FACTURA,CODIGO_PLAN,CODIGO_USUARIO,FECHA_INICIO,FECHA_FIN,MONTO,DESCUENTO) values (1,4,128,to_date('10-SEP-15','DD-MON-RR'),to_date('22-JAN-16','DD-MON-RR'),1287.601656807812360088170865065953873564,128.468067594178497343357355294427210411);
Insert into TRELLO.TBL_FACTURACION_PAGOS (CODIGO_FACTURA,CODIGO_PLAN,CODIGO_USUARIO,FECHA_INICIO,FECHA_FIN,MONTO,DESCUENTO) values (2,1,6,to_date('28-OCT-15','DD-MON-RR'),to_date('29-DEC-15','DD-MON-RR'),2313.775129457513644653773740754229797264,95.1970397495405441748865121447850619796);
Insert into TRELLO.TBL_FACTURACION_PAGOS (CODIGO_FACTURA,CODIGO_PLAN,CODIGO_USUARIO,FECHA_INICIO,FECHA_FIN,MONTO,DESCUENTO) values (3,4,62,to_date('17-SEP-15','DD-MON-RR'),to_date('15-DEC-15','DD-MON-RR'),2746.539578048834191303388408934390907664,147.79743601566736909513071973469241254);
Insert into TRELLO.TBL_FACTURACION_PAGOS (CODIGO_FACTURA,CODIGO_PLAN,CODIGO_USUARIO,FECHA_INICIO,FECHA_FIN,MONTO,DESCUENTO) values (4,5,222,to_date('29-OCT-15','DD-MON-RR'),to_date('31-JAN-16','DD-MON-RR'),2056.645647813404493607176920941767638584,66.9089904861576971319447761029327105544);
Insert into TRELLO.TBL_FACTURACION_PAGOS (CODIGO_FACTURA,CODIGO_PLAN,CODIGO_USUARIO,FECHA_INICIO,FECHA_FIN,MONTO,DESCUENTO) values (5,4,44,to_date('20-AUG-15','DD-MON-RR'),to_date('29-DEC-15','DD-MON-RR'),1139.255836287627960305910086237859392152,159.525646838677215820608685627785159769);
Insert into TRELLO.TBL_FACTURACION_PAGOS (CODIGO_FACTURA,CODIGO_PLAN,CODIGO_USUARIO,FECHA_INICIO,FECHA_FIN,MONTO,DESCUENTO) values (6,3,291,to_date('24-SEP-15','DD-MON-RR'),to_date('24-FEB-16','DD-MON-RR'),1240.116515506885085111441061692551241864,110.478357115661170289502460940077061759);
Insert into TRELLO.TBL_FACTURACION_PAGOS (CODIGO_FACTURA,CODIGO_PLAN,CODIGO_USUARIO,FECHA_INICIO,FECHA_FIN,MONTO,DESCUENTO) values (7,4,151,to_date('27-OCT-15','DD-MON-RR'),to_date('22-FEB-16','DD-MON-RR'),323.303447888880064348409973670920014316,73.1056219692948285618843039391505199566);
Insert into TRELLO.TBL_FACTURACION_PAGOS (CODIGO_FACTURA,CODIGO_PLAN,CODIGO_USUARIO,FECHA_INICIO,FECHA_FIN,MONTO,DESCUENTO) values (8,4,237,to_date('24-SEP-15','DD-MON-RR'),to_date('22-DEC-15','DD-MON-RR'),2157.023688785878830789740335835069714156,63.9019316984420467050788685440132843369);
Insert into TRELLO.TBL_FACTURACION_PAGOS (CODIGO_FACTURA,CODIGO_PLAN,CODIGO_USUARIO,FECHA_INICIO,FECHA_FIN,MONTO,DESCUENTO) values (9,2,145,to_date('07-OCT-15','DD-MON-RR'),to_date('18-JAN-16','DD-MON-RR'),1071.266574549540301251924125726896461488,174.857748068813595199353282331539814739);
Insert into TRELLO.TBL_FACTURACION_PAGOS (CODIGO_FACTURA,CODIGO_PLAN,CODIGO_USUARIO,FECHA_INICIO,FECHA_FIN,MONTO,DESCUENTO) values (10,3,162,to_date('15-SEP-15','DD-MON-RR'),to_date('20-JAN-16','DD-MON-RR'),2474.364086402719442516538530779477355224,147.536758460047736026741207409901614459);
Insert into TRELLO.TBL_FACTURACION_PAGOS (CODIGO_FACTURA,CODIGO_PLAN,CODIGO_USUARIO,FECHA_INICIO,FECHA_FIN,MONTO,DESCUENTO) values (11,3,213,to_date('13-AUG-15','DD-MON-RR'),to_date('16-JAN-16','DD-MON-RR'),806.4371460092008090671332244808125258,34.0140759082984852340681473088887133694);
Insert into TRELLO.TBL_FACTURACION_PAGOS (CODIGO_FACTURA,CODIGO_PLAN,CODIGO_USUARIO,FECHA_INICIO,FECHA_FIN,MONTO,DESCUENTO) values (12,5,94,to_date('04-SEP-15','DD-MON-RR'),to_date('24-JAN-16','DD-MON-RR'),271.429345768888904171776667989070578832,191.167919617202038776372033105360383992);
Insert into TRELLO.TBL_FACTURACION_PAGOS (CODIGO_FACTURA,CODIGO_PLAN,CODIGO_USUARIO,FECHA_INICIO,FECHA_FIN,MONTO,DESCUENTO) values (13,1,174,to_date('18-SEP-15','DD-MON-RR'),to_date('15-JAN-16','DD-MON-RR'),2519.769147826024818187850978600267774708,78.7847049835227970126479567098568203645);
Insert into TRELLO.TBL_FACTURACION_PAGOS (CODIGO_FACTURA,CODIGO_PLAN,CODIGO_USUARIO,FECHA_INICIO,FECHA_FIN,MONTO,DESCUENTO) values (14,3,292,to_date('10-SEP-15','DD-MON-RR'),to_date('24-DEC-15','DD-MON-RR'),2335.030153948033109406857156078474297432,132.856877878236417748567321526179861497);
Insert into TRELLO.TBL_FACTURACION_PAGOS (CODIGO_FACTURA,CODIGO_PLAN,CODIGO_USUARIO,FECHA_INICIO,FECHA_FIN,MONTO,DESCUENTO) values (15,4,26,to_date('20-SEP-15','DD-MON-RR'),to_date('11-DEC-15','DD-MON-RR'),1582.493648275126070167717788159721926488,44.9111837010088786604700437748876548024);
Insert into TRELLO.TBL_FACTURACION_PAGOS (CODIGO_FACTURA,CODIGO_PLAN,CODIGO_USUARIO,FECHA_INICIO,FECHA_FIN,MONTO,DESCUENTO) values (16,2,5,to_date('14-OCT-15','DD-MON-RR'),to_date('11-DEC-15','DD-MON-RR'),1398.286420850985955731846124469361301812,59.5181117287983449817690027317247080793);
Insert into TRELLO.TBL_FACTURACION_PAGOS (CODIGO_FACTURA,CODIGO_PLAN,CODIGO_USUARIO,FECHA_INICIO,FECHA_FIN,MONTO,DESCUENTO) values (17,3,224,to_date('23-OCT-15','DD-MON-RR'),to_date('21-DEC-15','DD-MON-RR'),2280.47404550518111257116308194006022452,147.64502734478781058667436811663809131);
Insert into TRELLO.TBL_FACTURACION_PAGOS (CODIGO_FACTURA,CODIGO_PLAN,CODIGO_USUARIO,FECHA_INICIO,FECHA_FIN,MONTO,DESCUENTO) values (18,2,80,to_date('26-OCT-15','DD-MON-RR'),to_date('12-FEB-16','DD-MON-RR'),2944.018493171813104458472814851917908184,36.5345668754847759619847392222004303133);
Insert into TRELLO.TBL_FACTURACION_PAGOS (CODIGO_FACTURA,CODIGO_PLAN,CODIGO_USUARIO,FECHA_INICIO,FECHA_FIN,MONTO,DESCUENTO) values (19,2,36,to_date('20-SEP-15','DD-MON-RR'),to_date('25-DEC-15','DD-MON-RR'),2211.646077222599087006301749768370753036,119.208894880943923166230421608218147859);
Insert into TRELLO.TBL_FACTURACION_PAGOS (CODIGO_FACTURA,CODIGO_PLAN,CODIGO_USUARIO,FECHA_INICIO,FECHA_FIN,MONTO,DESCUENTO) values (20,2,20,to_date('28-AUG-15','DD-MON-RR'),to_date('17-JAN-16','DD-MON-RR'),1639.2132573362748933850196211314018617,144.963161040722181090936318714893409262);
Insert into TRELLO.TBL_FACTURACION_PAGOS (CODIGO_FACTURA,CODIGO_PLAN,CODIGO_USUARIO,FECHA_INICIO,FECHA_FIN,MONTO,DESCUENTO) values (21,2,69,to_date('04-OCT-15','DD-MON-RR'),to_date('20-FEB-16','DD-MON-RR'),1896.172949626363383038652463522338245776,96.1592841634915083506029752025364490437);
Insert into TRELLO.TBL_FACTURACION_PAGOS (CODIGO_FACTURA,CODIGO_PLAN,CODIGO_USUARIO,FECHA_INICIO,FECHA_FIN,MONTO,DESCUENTO) values (22,2,155,to_date('04-OCT-15','DD-MON-RR'),to_date('27-JAN-16','DD-MON-RR'),1964.76674990987492896615124346743643704,118.587930976046116730075954108093685662);
Insert into TRELLO.TBL_FACTURACION_PAGOS (CODIGO_FACTURA,CODIGO_PLAN,CODIGO_USUARIO,FECHA_INICIO,FECHA_FIN,MONTO,DESCUENTO) values (23,1,247,to_date('11-OCT-15','DD-MON-RR'),to_date('02-FEB-16','DD-MON-RR'),217.796214970229067976448911161918746028,151.078301054560993083718819455990899667);
Insert into TRELLO.TBL_FACTURACION_PAGOS (CODIGO_FACTURA,CODIGO_PLAN,CODIGO_USUARIO,FECHA_INICIO,FECHA_FIN,MONTO,DESCUENTO) values (24,4,266,to_date('14-OCT-15','DD-MON-RR'),to_date('10-DEC-15','DD-MON-RR'),847.037225622360476761958277573477313512,50.3166242302027785225227543594062889677);
Insert into TRELLO.TBL_FACTURACION_PAGOS (CODIGO_FACTURA,CODIGO_PLAN,CODIGO_USUARIO,FECHA_INICIO,FECHA_FIN,MONTO,DESCUENTO) values (25,4,187,to_date('24-OCT-15','DD-MON-RR'),to_date('09-DEC-15','DD-MON-RR'),1653.297619919870013446586378556144771996,188.973192448421271904358747022908928953);
Insert into TRELLO.TBL_FACTURACION_PAGOS (CODIGO_FACTURA,CODIGO_PLAN,CODIGO_USUARIO,FECHA_INICIO,FECHA_FIN,MONTO,DESCUENTO) values (26,5,231,to_date('13-AUG-15','DD-MON-RR'),to_date('12-JAN-16','DD-MON-RR'),398.70746936690722510815833684404187144,76.2724746696405193449517691563770390558);
Insert into TRELLO.TBL_FACTURACION_PAGOS (CODIGO_FACTURA,CODIGO_PLAN,CODIGO_USUARIO,FECHA_INICIO,FECHA_FIN,MONTO,DESCUENTO) values (27,1,136,to_date('29-AUG-15','DD-MON-RR'),to_date('09-JAN-16','DD-MON-RR'),1434.731959986389223388779365567743659168,125.95328435197168798238520395738475914);
Insert into TRELLO.TBL_FACTURACION_PAGOS (CODIGO_FACTURA,CODIGO_PLAN,CODIGO_USUARIO,FECHA_INICIO,FECHA_FIN,MONTO,DESCUENTO) values (28,4,95,to_date('16-AUG-15','DD-MON-RR'),to_date('07-FEB-16','DD-MON-RR'),2702.01152051596023209147732522640448654,147.712155541656196230972366277412501722);
Insert into TRELLO.TBL_FACTURACION_PAGOS (CODIGO_FACTURA,CODIGO_PLAN,CODIGO_USUARIO,FECHA_INICIO,FECHA_FIN,MONTO,DESCUENTO) values (29,2,48,to_date('16-AUG-15','DD-MON-RR'),to_date('26-FEB-16','DD-MON-RR'),1637.04173170865405154818215063260933772,151.566997057907400117116357412116801175);
Insert into TRELLO.TBL_FACTURACION_PAGOS (CODIGO_FACTURA,CODIGO_PLAN,CODIGO_USUARIO,FECHA_INICIO,FECHA_FIN,MONTO,DESCUENTO) values (30,5,21,to_date('23-AUG-15','DD-MON-RR'),to_date('10-JAN-16','DD-MON-RR'),2758.62202463009092713934420928977341176,33.7140743620658376186412071410399190631);
Insert into TRELLO.TBL_FACTURACION_PAGOS (CODIGO_FACTURA,CODIGO_PLAN,CODIGO_USUARIO,FECHA_INICIO,FECHA_FIN,MONTO,DESCUENTO) values (31,2,56,to_date('08-OCT-15','DD-MON-RR'),to_date('02-JAN-16','DD-MON-RR'),338.498863377410207197762206342097171068,143.235750593781646169328150092564599504);
Insert into TRELLO.TBL_FACTURACION_PAGOS (CODIGO_FACTURA,CODIGO_PLAN,CODIGO_USUARIO,FECHA_INICIO,FECHA_FIN,MONTO,DESCUENTO) values (32,5,80,to_date('09-OCT-15','DD-MON-RR'),to_date('10-DEC-15','DD-MON-RR'),422.378092096791019376847531949783759232,94.9929833006276697712119187780842346383);
Insert into TRELLO.TBL_FACTURACION_PAGOS (CODIGO_FACTURA,CODIGO_PLAN,CODIGO_USUARIO,FECHA_INICIO,FECHA_FIN,MONTO,DESCUENTO) values (33,2,150,to_date('14-OCT-15','DD-MON-RR'),to_date('20-DEC-15','DD-MON-RR'),2356.489303074035671110017515503642239332,33.6854506308146195293402730471348364321);
Insert into TRELLO.TBL_FACTURACION_PAGOS (CODIGO_FACTURA,CODIGO_PLAN,CODIGO_USUARIO,FECHA_INICIO,FECHA_FIN,MONTO,DESCUENTO) values (34,5,23,to_date('29-AUG-15','DD-MON-RR'),to_date('11-DEC-15','DD-MON-RR'),2994.214205941820536998133759331654002176,16.1301702890784186960735787663797431593);
Insert into TRELLO.TBL_FACTURACION_PAGOS (CODIGO_FACTURA,CODIGO_PLAN,CODIGO_USUARIO,FECHA_INICIO,FECHA_FIN,MONTO,DESCUENTO) values (35,4,269,to_date('25-AUG-15','DD-MON-RR'),to_date('13-FEB-16','DD-MON-RR'),2537.694931632905129074723956951131461748,197.10450137836773175965195848765175136);
Insert into TRELLO.TBL_FACTURACION_PAGOS (CODIGO_FACTURA,CODIGO_PLAN,CODIGO_USUARIO,FECHA_INICIO,FECHA_FIN,MONTO,DESCUENTO) values (36,3,173,to_date('10-SEP-15','DD-MON-RR'),to_date('14-DEC-15','DD-MON-RR'),2127.626767475314826925410235621575535444,103.18352015682924707551532095102491348);
Insert into TRELLO.TBL_FACTURACION_PAGOS (CODIGO_FACTURA,CODIGO_PLAN,CODIGO_USUARIO,FECHA_INICIO,FECHA_FIN,MONTO,DESCUENTO) values (37,2,190,to_date('14-SEP-15','DD-MON-RR'),to_date('25-DEC-15','DD-MON-RR'),2356.030312887895380988675984557851906532,194.869295141579549206779186736955630963);
Insert into TRELLO.TBL_FACTURACION_PAGOS (CODIGO_FACTURA,CODIGO_PLAN,CODIGO_USUARIO,FECHA_INICIO,FECHA_FIN,MONTO,DESCUENTO) values (38,1,202,to_date('08-SEP-15','DD-MON-RR'),to_date('21-DEC-15','DD-MON-RR'),587.102076855724097920993739433027970584,63.8467487888253740375206916306742141571);
Insert into TRELLO.TBL_FACTURACION_PAGOS (CODIGO_FACTURA,CODIGO_PLAN,CODIGO_USUARIO,FECHA_INICIO,FECHA_FIN,MONTO,DESCUENTO) values (39,5,258,to_date('19-OCT-15','DD-MON-RR'),to_date('28-JAN-16','DD-MON-RR'),1432.113551611393405525293068633610361948,183.228172788808277923614576442168288803);
Insert into TRELLO.TBL_FACTURACION_PAGOS (CODIGO_FACTURA,CODIGO_PLAN,CODIGO_USUARIO,FECHA_INICIO,FECHA_FIN,MONTO,DESCUENTO) values (40,1,25,to_date('24-OCT-15','DD-MON-RR'),to_date('18-DEC-15','DD-MON-RR'),563.4616328282678825528737119911984709,178.027436089985683532775846794897657227);
Insert into TRELLO.TBL_FACTURACION_PAGOS (CODIGO_FACTURA,CODIGO_PLAN,CODIGO_USUARIO,FECHA_INICIO,FECHA_FIN,MONTO,DESCUENTO) values (41,4,119,to_date('24-AUG-15','DD-MON-RR'),to_date('19-FEB-16','DD-MON-RR'),438.557570469107692189456755722405415536,155.893186899535753856224634228056523567);
Insert into TRELLO.TBL_FACTURACION_PAGOS (CODIGO_FACTURA,CODIGO_PLAN,CODIGO_USUARIO,FECHA_INICIO,FECHA_FIN,MONTO,DESCUENTO) values (42,5,200,to_date('20-OCT-15','DD-MON-RR'),to_date('09-FEB-16','DD-MON-RR'),1183.44030053629858536714647503169569946,112.635259654559607106697058932744245612);
Insert into TRELLO.TBL_FACTURACION_PAGOS (CODIGO_FACTURA,CODIGO_PLAN,CODIGO_USUARIO,FECHA_INICIO,FECHA_FIN,MONTO,DESCUENTO) values (43,1,33,to_date('01-SEP-15','DD-MON-RR'),to_date('12-JAN-16','DD-MON-RR'),707.006209912585058931483941428723621712,35.875033475547671655226508844746276723);
Insert into TRELLO.TBL_FACTURACION_PAGOS (CODIGO_FACTURA,CODIGO_PLAN,CODIGO_USUARIO,FECHA_INICIO,FECHA_FIN,MONTO,DESCUENTO) values (44,2,168,to_date('31-AUG-15','DD-MON-RR'),to_date('25-FEB-16','DD-MON-RR'),1493.725394666379462931702311033944083876,62.2370042201488291335725838789646237508);
Insert into TRELLO.TBL_FACTURACION_PAGOS (CODIGO_FACTURA,CODIGO_PLAN,CODIGO_USUARIO,FECHA_INICIO,FECHA_FIN,MONTO,DESCUENTO) values (45,5,190,to_date('08-SEP-15','DD-MON-RR'),to_date('04-FEB-16','DD-MON-RR'),725.51686514251700711208565510494064782,165.466712877743112428883553588009664716);
Insert into TRELLO.TBL_FACTURACION_PAGOS (CODIGO_FACTURA,CODIGO_PLAN,CODIGO_USUARIO,FECHA_INICIO,FECHA_FIN,MONTO,DESCUENTO) values (46,2,300,to_date('28-OCT-15','DD-MON-RR'),to_date('11-JAN-16','DD-MON-RR'),530.244769628360775156374883217733074068,172.489892084939494251373293090446032569);
Insert into TRELLO.TBL_FACTURACION_PAGOS (CODIGO_FACTURA,CODIGO_PLAN,CODIGO_USUARIO,FECHA_INICIO,FECHA_FIN,MONTO,DESCUENTO) values (47,4,33,to_date('04-OCT-15','DD-MON-RR'),to_date('09-FEB-16','DD-MON-RR'),2807.024783975817724110980899855418655168,103.001089894458682080266657410106249039);
Insert into TRELLO.TBL_FACTURACION_PAGOS (CODIGO_FACTURA,CODIGO_PLAN,CODIGO_USUARIO,FECHA_INICIO,FECHA_FIN,MONTO,DESCUENTO) values (48,5,291,to_date('14-AUG-15','DD-MON-RR'),to_date('18-FEB-16','DD-MON-RR'),388.4245862086431777018658841590879431,128.011698103412824373852725682801234606);
Insert into TRELLO.TBL_FACTURACION_PAGOS (CODIGO_FACTURA,CODIGO_PLAN,CODIGO_USUARIO,FECHA_INICIO,FECHA_FIN,MONTO,DESCUENTO) values (49,1,142,to_date('09-SEP-15','DD-MON-RR'),to_date('13-FEB-16','DD-MON-RR'),490.329309266253301797127461804278591604,122.45197686570821272931051584813467336);
Insert into TRELLO.TBL_FACTURACION_PAGOS (CODIGO_FACTURA,CODIGO_PLAN,CODIGO_USUARIO,FECHA_INICIO,FECHA_FIN,MONTO,DESCUENTO) values (50,1,175,to_date('29-OCT-15','DD-MON-RR'),to_date('17-JAN-16','DD-MON-RR'),1945.009985484838243182477422934870984392,61.8479081307888188811760921632841971563);
Insert into TRELLO.TBL_FACTURACION_PAGOS (CODIGO_FACTURA,CODIGO_PLAN,CODIGO_USUARIO,FECHA_INICIO,FECHA_FIN,MONTO,DESCUENTO) values (51,3,94,to_date('08-SEP-15','DD-MON-RR'),to_date('21-DEC-15','DD-MON-RR'),758.251086572864358475376379162466675084,99.1429154754590280355246635954969524894);
Insert into TRELLO.TBL_FACTURACION_PAGOS (CODIGO_FACTURA,CODIGO_PLAN,CODIGO_USUARIO,FECHA_INICIO,FECHA_FIN,MONTO,DESCUENTO) values (52,2,252,to_date('13-OCT-15','DD-MON-RR'),to_date('15-DEC-15','DD-MON-RR'),808.465443201853123512472665666599235092,31.309246013855903135024399944281083074);
Insert into TRELLO.TBL_FACTURACION_PAGOS (CODIGO_FACTURA,CODIGO_PLAN,CODIGO_USUARIO,FECHA_INICIO,FECHA_FIN,MONTO,DESCUENTO) values (53,4,42,to_date('19-SEP-15','DD-MON-RR'),to_date('04-FEB-16','DD-MON-RR'),2642.212713022407336424132566029346518376,110.574462987947964900134984673812887545);
Insert into TRELLO.TBL_FACTURACION_PAGOS (CODIGO_FACTURA,CODIGO_PLAN,CODIGO_USUARIO,FECHA_INICIO,FECHA_FIN,MONTO,DESCUENTO) values (54,5,284,to_date('22-OCT-15','DD-MON-RR'),to_date('01-JAN-16','DD-MON-RR'),1730.414187802722381269576223747541620852,65.3609904063094138188394615045541626752);
Insert into TRELLO.TBL_FACTURACION_PAGOS (CODIGO_FACTURA,CODIGO_PLAN,CODIGO_USUARIO,FECHA_INICIO,FECHA_FIN,MONTO,DESCUENTO) values (55,3,161,to_date('14-SEP-15','DD-MON-RR'),to_date('13-DEC-15','DD-MON-RR'),2753.26617175714043141039187619919023632,150.820858382681361958707835060355275396);
Insert into TRELLO.TBL_FACTURACION_PAGOS (CODIGO_FACTURA,CODIGO_PLAN,CODIGO_USUARIO,FECHA_INICIO,FECHA_FIN,MONTO,DESCUENTO) values (56,1,99,to_date('27-SEP-15','DD-MON-RR'),to_date('26-FEB-16','DD-MON-RR'),2824.964249552948004705460229192990257408,34.7865769300891413183599582190707902671);
Insert into TRELLO.TBL_FACTURACION_PAGOS (CODIGO_FACTURA,CODIGO_PLAN,CODIGO_USUARIO,FECHA_INICIO,FECHA_FIN,MONTO,DESCUENTO) values (57,5,66,to_date('27-AUG-15','DD-MON-RR'),to_date('24-DEC-15','DD-MON-RR'),2918.123963903631346989799214598612641888,64.0746805671408204395444015953144870916);
Insert into TRELLO.TBL_FACTURACION_PAGOS (CODIGO_FACTURA,CODIGO_PLAN,CODIGO_USUARIO,FECHA_INICIO,FECHA_FIN,MONTO,DESCUENTO) values (58,4,203,to_date('12-SEP-15','DD-MON-RR'),to_date('22-DEC-15','DD-MON-RR'),1748.990829169398053097201460431354841196,195.422494369587686165014073317281703892);
Insert into TRELLO.TBL_FACTURACION_PAGOS (CODIGO_FACTURA,CODIGO_PLAN,CODIGO_USUARIO,FECHA_INICIO,FECHA_FIN,MONTO,DESCUENTO) values (59,1,17,to_date('18-SEP-15','DD-MON-RR'),to_date('19-DEC-15','DD-MON-RR'),2408.390118375976648997712752813766935352,42.2609260445130423735322117391637124987);
Insert into TRELLO.TBL_FACTURACION_PAGOS (CODIGO_FACTURA,CODIGO_PLAN,CODIGO_USUARIO,FECHA_INICIO,FECHA_FIN,MONTO,DESCUENTO) values (60,3,299,to_date('24-AUG-15','DD-MON-RR'),to_date('28-DEC-15','DD-MON-RR'),772.295106702189169865968533209010928436,31.1386711009646107422485601852552904167);
Insert into TRELLO.TBL_FACTURACION_PAGOS (CODIGO_FACTURA,CODIGO_PLAN,CODIGO_USUARIO,FECHA_INICIO,FECHA_FIN,MONTO,DESCUENTO) values (61,2,158,to_date('17-OCT-15','DD-MON-RR'),to_date('29-JAN-16','DD-MON-RR'),414.491296059618682763548766950459194368,39.4113005797900765576454464369007155625);
Insert into TRELLO.TBL_FACTURACION_PAGOS (CODIGO_FACTURA,CODIGO_PLAN,CODIGO_USUARIO,FECHA_INICIO,FECHA_FIN,MONTO,DESCUENTO) values (62,2,176,to_date('02-OCT-15','DD-MON-RR'),to_date('04-JAN-16','DD-MON-RR'),2746.086440372139278570183205496379443652,170.165703077124053517373942256897228732);
Insert into TRELLO.TBL_FACTURACION_PAGOS (CODIGO_FACTURA,CODIGO_PLAN,CODIGO_USUARIO,FECHA_INICIO,FECHA_FIN,MONTO,DESCUENTO) values (63,5,189,to_date('11-SEP-15','DD-MON-RR'),to_date('04-FEB-16','DD-MON-RR'),1484.16682241745902285357028034832032948,28.9596261516796009034599142835679742104);
Insert into TRELLO.TBL_FACTURACION_PAGOS (CODIGO_FACTURA,CODIGO_PLAN,CODIGO_USUARIO,FECHA_INICIO,FECHA_FIN,MONTO,DESCUENTO) values (64,2,160,to_date('13-SEP-15','DD-MON-RR'),to_date('17-DEC-15','DD-MON-RR'),698.655128734683741817431594517641238648,143.112391116175801884835671254450665221);
Insert into TRELLO.TBL_FACTURACION_PAGOS (CODIGO_FACTURA,CODIGO_PLAN,CODIGO_USUARIO,FECHA_INICIO,FECHA_FIN,MONTO,DESCUENTO) values (65,5,208,to_date('05-OCT-15','DD-MON-RR'),to_date('30-DEC-15','DD-MON-RR'),866.715800091587721614372627108743047712,36.9568848887414511316326660201357947537);
Insert into TRELLO.TBL_FACTURACION_PAGOS (CODIGO_FACTURA,CODIGO_PLAN,CODIGO_USUARIO,FECHA_INICIO,FECHA_FIN,MONTO,DESCUENTO) values (66,2,51,to_date('01-SEP-15','DD-MON-RR'),to_date('24-FEB-16','DD-MON-RR'),2521.682005096729617789932101722949676504,18.9988926403633948761200416051155888888);
Insert into TRELLO.TBL_FACTURACION_PAGOS (CODIGO_FACTURA,CODIGO_PLAN,CODIGO_USUARIO,FECHA_INICIO,FECHA_FIN,MONTO,DESCUENTO) values (67,3,293,to_date('10-OCT-15','DD-MON-RR'),to_date('24-FEB-16','DD-MON-RR'),1582.15937116160199913596858896215797438,97.8802432903186046488582451879533979004);
Insert into TRELLO.TBL_FACTURACION_PAGOS (CODIGO_FACTURA,CODIGO_PLAN,CODIGO_USUARIO,FECHA_INICIO,FECHA_FIN,MONTO,DESCUENTO) values (68,5,281,to_date('06-SEP-15','DD-MON-RR'),to_date('20-DEC-15','DD-MON-RR'),2561.752170611882688997857331267443656712,56.9949352681259920184799201074273501136);
Insert into TRELLO.TBL_FACTURACION_PAGOS (CODIGO_FACTURA,CODIGO_PLAN,CODIGO_USUARIO,FECHA_INICIO,FECHA_FIN,MONTO,DESCUENTO) values (69,2,250,to_date('18-SEP-15','DD-MON-RR'),to_date('12-JAN-16','DD-MON-RR'),1176.509430923191399813088868851918890976,82.6716231189306618642307229528799684807);
Insert into TRELLO.TBL_FACTURACION_PAGOS (CODIGO_FACTURA,CODIGO_PLAN,CODIGO_USUARIO,FECHA_INICIO,FECHA_FIN,MONTO,DESCUENTO) values (70,5,37,to_date('13-OCT-15','DD-MON-RR'),to_date('17-JAN-16','DD-MON-RR'),2749.71862796191836756791917102545751694,69.796195810260434582787523168303009284);
Insert into TRELLO.TBL_FACTURACION_PAGOS (CODIGO_FACTURA,CODIGO_PLAN,CODIGO_USUARIO,FECHA_INICIO,FECHA_FIN,MONTO,DESCUENTO) values (71,2,146,to_date('31-AUG-15','DD-MON-RR'),to_date('17-DEC-15','DD-MON-RR'),1044.248378655269244058932624355429977536,150.312858799673246538722110132740190296);
Insert into TRELLO.TBL_FACTURACION_PAGOS (CODIGO_FACTURA,CODIGO_PLAN,CODIGO_USUARIO,FECHA_INICIO,FECHA_FIN,MONTO,DESCUENTO) values (72,5,77,to_date('12-SEP-15','DD-MON-RR'),to_date('17-FEB-16','DD-MON-RR'),2119.889670141507688237291949692598478224,190.929277421436283635004423274639599191);
Insert into TRELLO.TBL_FACTURACION_PAGOS (CODIGO_FACTURA,CODIGO_PLAN,CODIGO_USUARIO,FECHA_INICIO,FECHA_FIN,MONTO,DESCUENTO) values (73,3,26,to_date('23-SEP-15','DD-MON-RR'),to_date('30-DEC-15','DD-MON-RR'),904.937376534440825529754815717306392828,14.099066741374150662466034249702189328);
Insert into TRELLO.TBL_FACTURACION_PAGOS (CODIGO_FACTURA,CODIGO_PLAN,CODIGO_USUARIO,FECHA_INICIO,FECHA_FIN,MONTO,DESCUENTO) values (74,5,55,to_date('19-SEP-15','DD-MON-RR'),to_date('15-FEB-16','DD-MON-RR'),2174.491528462538417856031534595339257704,121.504569247431440382577744368759202982);
Insert into TRELLO.TBL_FACTURACION_PAGOS (CODIGO_FACTURA,CODIGO_PLAN,CODIGO_USUARIO,FECHA_INICIO,FECHA_FIN,MONTO,DESCUENTO) values (75,3,17,to_date('07-OCT-15','DD-MON-RR'),to_date('23-FEB-16','DD-MON-RR'),1488.067964511370784995977921268776166448,150.559328671836827577854193507927630984);
Insert into TRELLO.TBL_FACTURACION_PAGOS (CODIGO_FACTURA,CODIGO_PLAN,CODIGO_USUARIO,FECHA_INICIO,FECHA_FIN,MONTO,DESCUENTO) values (76,2,221,to_date('24-SEP-15','DD-MON-RR'),to_date('09-DEC-15','DD-MON-RR'),398.687687531701534220219262228343469208,161.077668737573405788225439475122039594);
Insert into TRELLO.TBL_FACTURACION_PAGOS (CODIGO_FACTURA,CODIGO_PLAN,CODIGO_USUARIO,FECHA_INICIO,FECHA_FIN,MONTO,DESCUENTO) values (77,2,213,to_date('15-OCT-15','DD-MON-RR'),to_date('01-JAN-16','DD-MON-RR'),258.043780081106682842099415414695715188,110.539982051122918455242272636574287728);
Insert into TRELLO.TBL_FACTURACION_PAGOS (CODIGO_FACTURA,CODIGO_PLAN,CODIGO_USUARIO,FECHA_INICIO,FECHA_FIN,MONTO,DESCUENTO) values (78,1,250,to_date('18-AUG-15','DD-MON-RR'),to_date('26-FEB-16','DD-MON-RR'),2188.334875830049258349317916654383316676,124.098176220339329576835821452911715687);
Insert into TRELLO.TBL_FACTURACION_PAGOS (CODIGO_FACTURA,CODIGO_PLAN,CODIGO_USUARIO,FECHA_INICIO,FECHA_FIN,MONTO,DESCUENTO) values (79,3,228,to_date('06-OCT-15','DD-MON-RR'),to_date('06-FEB-16','DD-MON-RR'),1150.014526307221892056925350840900839968,126.999974900230996153768083595696923994);
Insert into TRELLO.TBL_FACTURACION_PAGOS (CODIGO_FACTURA,CODIGO_PLAN,CODIGO_USUARIO,FECHA_INICIO,FECHA_FIN,MONTO,DESCUENTO) values (80,5,247,to_date('17-SEP-15','DD-MON-RR'),to_date('12-DEC-15','DD-MON-RR'),365.2878711982077364709544343334762305,154.692894714879144828726072738785416913);
Insert into TRELLO.TBL_FACTURACION_PAGOS (CODIGO_FACTURA,CODIGO_PLAN,CODIGO_USUARIO,FECHA_INICIO,FECHA_FIN,MONTO,DESCUENTO) values (81,3,76,to_date('12-AUG-15','DD-MON-RR'),to_date('14-DEC-15','DD-MON-RR'),2683.77735468872447596402861893475670702,153.760606413539197238188260808921060719);
Insert into TRELLO.TBL_FACTURACION_PAGOS (CODIGO_FACTURA,CODIGO_PLAN,CODIGO_USUARIO,FECHA_INICIO,FECHA_FIN,MONTO,DESCUENTO) values (82,4,229,to_date('28-AUG-15','DD-MON-RR'),to_date('30-JAN-16','DD-MON-RR'),1778.913086088842100315594230285338782528,61.7737213417692952109472513982430001868);
Insert into TRELLO.TBL_FACTURACION_PAGOS (CODIGO_FACTURA,CODIGO_PLAN,CODIGO_USUARIO,FECHA_INICIO,FECHA_FIN,MONTO,DESCUENTO) values (83,3,45,to_date('30-OCT-15','DD-MON-RR'),to_date('13-JAN-16','DD-MON-RR'),2564.808122241190536990392927202997643424,88.9060774341398780282201413348026032615);
Insert into TRELLO.TBL_FACTURACION_PAGOS (CODIGO_FACTURA,CODIGO_PLAN,CODIGO_USUARIO,FECHA_INICIO,FECHA_FIN,MONTO,DESCUENTO) values (84,1,279,to_date('26-AUG-15','DD-MON-RR'),to_date('25-JAN-16','DD-MON-RR'),2154.525198611134890715744289899477467712,161.869883305547360228589864893156654007);
Insert into TRELLO.TBL_FACTURACION_PAGOS (CODIGO_FACTURA,CODIGO_PLAN,CODIGO_USUARIO,FECHA_INICIO,FECHA_FIN,MONTO,DESCUENTO) values (85,2,80,to_date('16-SEP-15','DD-MON-RR'),to_date('26-FEB-16','DD-MON-RR'),353.390068980010792996046367031794611,34.6983414852438433683296436952663367659);
Insert into TRELLO.TBL_FACTURACION_PAGOS (CODIGO_FACTURA,CODIGO_PLAN,CODIGO_USUARIO,FECHA_INICIO,FECHA_FIN,MONTO,DESCUENTO) values (86,3,204,to_date('15-AUG-15','DD-MON-RR'),to_date('23-DEC-15','DD-MON-RR'),1194.64037642903568708254445513278391936,182.480719859381400061844402330855700078);
Insert into TRELLO.TBL_FACTURACION_PAGOS (CODIGO_FACTURA,CODIGO_PLAN,CODIGO_USUARIO,FECHA_INICIO,FECHA_FIN,MONTO,DESCUENTO) values (87,2,285,to_date('13-SEP-15','DD-MON-RR'),to_date('04-FEB-16','DD-MON-RR'),2016.696784594001889164745331805000527376,62.0632545587819136236904671137668567317);
Insert into TRELLO.TBL_FACTURACION_PAGOS (CODIGO_FACTURA,CODIGO_PLAN,CODIGO_USUARIO,FECHA_INICIO,FECHA_FIN,MONTO,DESCUENTO) values (88,5,287,to_date('19-AUG-15','DD-MON-RR'),to_date('03-JAN-16','DD-MON-RR'),707.711921320238374617144398624518494168,44.9343940086422719710680260101216828016);
Insert into TRELLO.TBL_FACTURACION_PAGOS (CODIGO_FACTURA,CODIGO_PLAN,CODIGO_USUARIO,FECHA_INICIO,FECHA_FIN,MONTO,DESCUENTO) values (89,1,27,to_date('01-SEP-15','DD-MON-RR'),to_date('06-JAN-16','DD-MON-RR'),1979.952305946165396610611132699588131128,153.84445830849110684481169914437900095);
Insert into TRELLO.TBL_FACTURACION_PAGOS (CODIGO_FACTURA,CODIGO_PLAN,CODIGO_USUARIO,FECHA_INICIO,FECHA_FIN,MONTO,DESCUENTO) values (90,3,251,to_date('19-SEP-15','DD-MON-RR'),to_date('21-JAN-16','DD-MON-RR'),377.718517018180543009069184737929542008,188.950646606092750393719374047730268009);
Insert into TRELLO.TBL_FACTURACION_PAGOS (CODIGO_FACTURA,CODIGO_PLAN,CODIGO_USUARIO,FECHA_INICIO,FECHA_FIN,MONTO,DESCUENTO) values (91,5,92,to_date('25-SEP-15','DD-MON-RR'),to_date('07-FEB-16','DD-MON-RR'),2531.831460661151671041324749625627480248,184.633984956570278430587982224801183342);
Insert into TRELLO.TBL_FACTURACION_PAGOS (CODIGO_FACTURA,CODIGO_PLAN,CODIGO_USUARIO,FECHA_INICIO,FECHA_FIN,MONTO,DESCUENTO) values (92,1,251,to_date('23-OCT-15','DD-MON-RR'),to_date('26-JAN-16','DD-MON-RR'),633.140672982879487813583126534298770464,103.74497582095948606052723900411416159);
Insert into TRELLO.TBL_FACTURACION_PAGOS (CODIGO_FACTURA,CODIGO_PLAN,CODIGO_USUARIO,FECHA_INICIO,FECHA_FIN,MONTO,DESCUENTO) values (93,4,19,to_date('21-AUG-15','DD-MON-RR'),to_date('04-FEB-16','DD-MON-RR'),2737.859366625055417316079620884250769812,177.080375995343185861874589578414011699);
Insert into TRELLO.TBL_FACTURACION_PAGOS (CODIGO_FACTURA,CODIGO_PLAN,CODIGO_USUARIO,FECHA_INICIO,FECHA_FIN,MONTO,DESCUENTO) values (94,5,116,to_date('02-OCT-15','DD-MON-RR'),to_date('02-JAN-16','DD-MON-RR'),1178.044411211882178282162738505340907812,141.191089727133384294737473196058114644);
Insert into TRELLO.TBL_FACTURACION_PAGOS (CODIGO_FACTURA,CODIGO_PLAN,CODIGO_USUARIO,FECHA_INICIO,FECHA_FIN,MONTO,DESCUENTO) values (95,5,36,to_date('19-SEP-15','DD-MON-RR'),to_date('16-JAN-16','DD-MON-RR'),2228.38117023529362751567538557972749288,89.5529249124896727562166398483698420214);
Insert into TRELLO.TBL_FACTURACION_PAGOS (CODIGO_FACTURA,CODIGO_PLAN,CODIGO_USUARIO,FECHA_INICIO,FECHA_FIN,MONTO,DESCUENTO) values (96,5,52,to_date('10-OCT-15','DD-MON-RR'),to_date('12-DEC-15','DD-MON-RR'),1516.375695769926013344187381793846386276,101.50727378517113444255475552564975766);
Insert into TRELLO.TBL_FACTURACION_PAGOS (CODIGO_FACTURA,CODIGO_PLAN,CODIGO_USUARIO,FECHA_INICIO,FECHA_FIN,MONTO,DESCUENTO) values (97,1,16,to_date('28-AUG-15','DD-MON-RR'),to_date('09-DEC-15','DD-MON-RR'),2781.405541504020595103134834483540283144,73.8435688991401406649422249214911715286);
Insert into TRELLO.TBL_FACTURACION_PAGOS (CODIGO_FACTURA,CODIGO_PLAN,CODIGO_USUARIO,FECHA_INICIO,FECHA_FIN,MONTO,DESCUENTO) values (98,4,217,to_date('19-OCT-15','DD-MON-RR'),to_date('28-JAN-16','DD-MON-RR'),401.25672880927128015893411524062438692,112.99436349590426951645401542176049685);
Insert into TRELLO.TBL_FACTURACION_PAGOS (CODIGO_FACTURA,CODIGO_PLAN,CODIGO_USUARIO,FECHA_INICIO,FECHA_FIN,MONTO,DESCUENTO) values (99,4,164,to_date('13-OCT-15','DD-MON-RR'),to_date('16-FEB-16','DD-MON-RR'),2588.649094557818163831167081355720432156,88.4267701298971132304764519343647805235);
Insert into TRELLO.TBL_FACTURACION_PAGOS (CODIGO_FACTURA,CODIGO_PLAN,CODIGO_USUARIO,FECHA_INICIO,FECHA_FIN,MONTO,DESCUENTO) values (100,4,233,to_date('27-SEP-15','DD-MON-RR'),to_date('23-FEB-16','DD-MON-RR'),857.336366515771775005379344104327903612,115.871571382258788116367866317506230319);
Insert into TRELLO.TBL_FACTURACION_PAGOS (CODIGO_FACTURA,CODIGO_PLAN,CODIGO_USUARIO,FECHA_INICIO,FECHA_FIN,MONTO,DESCUENTO) values (101,2,9,to_date('30-OCT-15','DD-MON-RR'),to_date('05-JAN-16','DD-MON-RR'),2007.441347090572268099171849476027347864,128.717182165368944721420141636552707065);
Insert into TRELLO.TBL_FACTURACION_PAGOS (CODIGO_FACTURA,CODIGO_PLAN,CODIGO_USUARIO,FECHA_INICIO,FECHA_FIN,MONTO,DESCUENTO) values (102,5,265,to_date('21-OCT-15','DD-MON-RR'),to_date('31-JAN-16','DD-MON-RR'),2223.033189176409907751670737446593723528,167.378690194473015128446695185671535736);
Insert into TRELLO.TBL_FACTURACION_PAGOS (CODIGO_FACTURA,CODIGO_PLAN,CODIGO_USUARIO,FECHA_INICIO,FECHA_FIN,MONTO,DESCUENTO) values (103,2,199,to_date('22-OCT-15','DD-MON-RR'),to_date('18-JAN-16','DD-MON-RR'),2829.812747590825336163885835295634781708,90.0240059300068418227887150756190735711);
Insert into TRELLO.TBL_FACTURACION_PAGOS (CODIGO_FACTURA,CODIGO_PLAN,CODIGO_USUARIO,FECHA_INICIO,FECHA_FIN,MONTO,DESCUENTO) values (104,2,158,to_date('08-SEP-15','DD-MON-RR'),to_date('05-FEB-16','DD-MON-RR'),1170.021930594946229083763851428696671904,119.72705368238972869853573882776253777);
Insert into TRELLO.TBL_FACTURACION_PAGOS (CODIGO_FACTURA,CODIGO_PLAN,CODIGO_USUARIO,FECHA_INICIO,FECHA_FIN,MONTO,DESCUENTO) values (105,5,145,to_date('16-AUG-15','DD-MON-RR'),to_date('31-JAN-16','DD-MON-RR'),2982.119729969921788774148868410361707388,143.930461369386635638006313543090398242);
Insert into TRELLO.TBL_FACTURACION_PAGOS (CODIGO_FACTURA,CODIGO_PLAN,CODIGO_USUARIO,FECHA_INICIO,FECHA_FIN,MONTO,DESCUENTO) values (106,1,160,to_date('24-OCT-15','DD-MON-RR'),to_date('11-FEB-16','DD-MON-RR'),1172.985144971553375363927037364244360248,117.814610297490230003013667840113517818);
Insert into TRELLO.TBL_FACTURACION_PAGOS (CODIGO_FACTURA,CODIGO_PLAN,CODIGO_USUARIO,FECHA_INICIO,FECHA_FIN,MONTO,DESCUENTO) values (107,5,196,to_date('12-SEP-15','DD-MON-RR'),to_date('30-DEC-15','DD-MON-RR'),1060.088383305041534695224858708118668272,160.93395872045693775107675786091837178);
Insert into TRELLO.TBL_FACTURACION_PAGOS (CODIGO_FACTURA,CODIGO_PLAN,CODIGO_USUARIO,FECHA_INICIO,FECHA_FIN,MONTO,DESCUENTO) values (108,2,256,to_date('14-OCT-15','DD-MON-RR'),to_date('04-JAN-16','DD-MON-RR'),1237.95144230585272532057324255008867626,160.538482145800808928235733629913389512);
Insert into TRELLO.TBL_FACTURACION_PAGOS (CODIGO_FACTURA,CODIGO_PLAN,CODIGO_USUARIO,FECHA_INICIO,FECHA_FIN,MONTO,DESCUENTO) values (109,5,260,to_date('07-OCT-15','DD-MON-RR'),to_date('15-DEC-15','DD-MON-RR'),2130.359336369847513208469792848637469888,120.427884446798721706049002554026667624);
Insert into TRELLO.TBL_FACTURACION_PAGOS (CODIGO_FACTURA,CODIGO_PLAN,CODIGO_USUARIO,FECHA_INICIO,FECHA_FIN,MONTO,DESCUENTO) values (110,1,51,to_date('20-SEP-15','DD-MON-RR'),to_date('23-FEB-16','DD-MON-RR'),251.444634711410913836376621334763779928,131.434501657676382430689620142290685892);
Insert into TRELLO.TBL_FACTURACION_PAGOS (CODIGO_FACTURA,CODIGO_PLAN,CODIGO_USUARIO,FECHA_INICIO,FECHA_FIN,MONTO,DESCUENTO) values (111,2,5,to_date('27-SEP-15','DD-MON-RR'),to_date('24-DEC-15','DD-MON-RR'),1529.364281535025196471541224653061761092,23.3012441028975084971298490050211556848);
Insert into TRELLO.TBL_FACTURACION_PAGOS (CODIGO_FACTURA,CODIGO_PLAN,CODIGO_USUARIO,FECHA_INICIO,FECHA_FIN,MONTO,DESCUENTO) values (112,2,53,to_date('05-OCT-15','DD-MON-RR'),to_date('03-FEB-16','DD-MON-RR'),2342.098043290964220011405947153418233864,56.8147195965052519511539399502546983915);
Insert into TRELLO.TBL_FACTURACION_PAGOS (CODIGO_FACTURA,CODIGO_PLAN,CODIGO_USUARIO,FECHA_INICIO,FECHA_FIN,MONTO,DESCUENTO) values (113,2,181,to_date('30-SEP-15','DD-MON-RR'),to_date('16-FEB-16','DD-MON-RR'),371.407375098759260977640388904754537612,146.25533601826850047743715994856043434);
Insert into TRELLO.TBL_FACTURACION_PAGOS (CODIGO_FACTURA,CODIGO_PLAN,CODIGO_USUARIO,FECHA_INICIO,FECHA_FIN,MONTO,DESCUENTO) values (114,2,200,to_date('03-OCT-15','DD-MON-RR'),to_date('28-DEC-15','DD-MON-RR'),2316.663941165229318608929607724703258604,139.775365215912916920249123442574944172);
Insert into TRELLO.TBL_FACTURACION_PAGOS (CODIGO_FACTURA,CODIGO_PLAN,CODIGO_USUARIO,FECHA_INICIO,FECHA_FIN,MONTO,DESCUENTO) values (115,2,53,to_date('04-SEP-15','DD-MON-RR'),to_date('25-JAN-16','DD-MON-RR'),2314.869579894590043329016892503969664316,79.5148779070582910528777482688612666548);
Insert into TRELLO.TBL_FACTURACION_PAGOS (CODIGO_FACTURA,CODIGO_PLAN,CODIGO_USUARIO,FECHA_INICIO,FECHA_FIN,MONTO,DESCUENTO) values (116,2,88,to_date('07-SEP-15','DD-MON-RR'),to_date('10-DEC-15','DD-MON-RR'),1487.88598947479041165292318858859928278,158.57000225700452818631626994236581485);
Insert into TRELLO.TBL_FACTURACION_PAGOS (CODIGO_FACTURA,CODIGO_PLAN,CODIGO_USUARIO,FECHA_INICIO,FECHA_FIN,MONTO,DESCUENTO) values (117,5,230,to_date('28-OCT-15','DD-MON-RR'),to_date('19-JAN-16','DD-MON-RR'),304.930490044888020165072659783291775524,35.7890722369268641475271593013093974727);
Insert into TRELLO.TBL_FACTURACION_PAGOS (CODIGO_FACTURA,CODIGO_PLAN,CODIGO_USUARIO,FECHA_INICIO,FECHA_FIN,MONTO,DESCUENTO) values (118,1,15,to_date('23-SEP-15','DD-MON-RR'),to_date('31-JAN-16','DD-MON-RR'),2857.9714320929988704339127624647401552,152.619883992512602534057476618980171938);
Insert into TRELLO.TBL_FACTURACION_PAGOS (CODIGO_FACTURA,CODIGO_PLAN,CODIGO_USUARIO,FECHA_INICIO,FECHA_FIN,MONTO,DESCUENTO) values (119,2,152,to_date('25-AUG-15','DD-MON-RR'),to_date('15-FEB-16','DD-MON-RR'),755.44813612278964974426672510167649438,157.121653363057730058788636971892406186);
Insert into TRELLO.TBL_FACTURACION_PAGOS (CODIGO_FACTURA,CODIGO_PLAN,CODIGO_USUARIO,FECHA_INICIO,FECHA_FIN,MONTO,DESCUENTO) values (120,2,185,to_date('16-OCT-15','DD-MON-RR'),to_date('18-DEC-15','DD-MON-RR'),2417.661675426579454328535003185472992176,53.7158691684381769864664436642271324384);
Insert into TRELLO.TBL_FACTURACION_PAGOS (CODIGO_FACTURA,CODIGO_PLAN,CODIGO_USUARIO,FECHA_INICIO,FECHA_FIN,MONTO,DESCUENTO) values (121,3,181,to_date('23-SEP-15','DD-MON-RR'),to_date('25-FEB-16','DD-MON-RR'),2233.321283332327428262527849708164773312,52.7489165091047785772223342110654743437);
Insert into TRELLO.TBL_FACTURACION_PAGOS (CODIGO_FACTURA,CODIGO_PLAN,CODIGO_USUARIO,FECHA_INICIO,FECHA_FIN,MONTO,DESCUENTO) values (122,1,24,to_date('01-OCT-15','DD-MON-RR'),to_date('10-JAN-16','DD-MON-RR'),1273.09363875123814045343081944499243154,28.7514979918903512203983854466888569628);
Insert into TRELLO.TBL_FACTURACION_PAGOS (CODIGO_FACTURA,CODIGO_PLAN,CODIGO_USUARIO,FECHA_INICIO,FECHA_FIN,MONTO,DESCUENTO) values (123,5,123,to_date('03-SEP-15','DD-MON-RR'),to_date('12-FEB-16','DD-MON-RR'),2764.453108471939657396600516291282925328,143.993114613951198542192875119997945937);
Insert into TRELLO.TBL_FACTURACION_PAGOS (CODIGO_FACTURA,CODIGO_PLAN,CODIGO_USUARIO,FECHA_INICIO,FECHA_FIN,MONTO,DESCUENTO) values (124,3,176,to_date('06-SEP-15','DD-MON-RR'),to_date('20-JAN-16','DD-MON-RR'),1470.761722123135806824123295630025837744,191.200130729750764887115674051811703626);
Insert into TRELLO.TBL_FACTURACION_PAGOS (CODIGO_FACTURA,CODIGO_PLAN,CODIGO_USUARIO,FECHA_INICIO,FECHA_FIN,MONTO,DESCUENTO) values (125,1,159,to_date('19-AUG-15','DD-MON-RR'),to_date('15-FEB-16','DD-MON-RR'),563.913817721230498830506408044695414124,57.8764486897358123344560915846691900863);
Insert into TRELLO.TBL_FACTURACION_PAGOS (CODIGO_FACTURA,CODIGO_PLAN,CODIGO_USUARIO,FECHA_INICIO,FECHA_FIN,MONTO,DESCUENTO) values (126,1,91,to_date('01-OCT-15','DD-MON-RR'),to_date('17-JAN-16','DD-MON-RR'),1588.858208267865065931342819050052729232,155.095656050596762571872891715491694385);
Insert into TRELLO.TBL_FACTURACION_PAGOS (CODIGO_FACTURA,CODIGO_PLAN,CODIGO_USUARIO,FECHA_INICIO,FECHA_FIN,MONTO,DESCUENTO) values (127,2,21,to_date('20-OCT-15','DD-MON-RR'),to_date('13-FEB-16','DD-MON-RR'),412.736388998309314420661956421768526792,73.1794155215732257387840287724461398145);
Insert into TRELLO.TBL_FACTURACION_PAGOS (CODIGO_FACTURA,CODIGO_PLAN,CODIGO_USUARIO,FECHA_INICIO,FECHA_FIN,MONTO,DESCUENTO) values (128,5,46,to_date('18-AUG-15','DD-MON-RR'),to_date('21-JAN-16','DD-MON-RR'),2085.508087398997970122487483145590378192,31.7075844546423458417017056659508177659);
Insert into TRELLO.TBL_FACTURACION_PAGOS (CODIGO_FACTURA,CODIGO_PLAN,CODIGO_USUARIO,FECHA_INICIO,FECHA_FIN,MONTO,DESCUENTO) values (129,3,227,to_date('14-OCT-15','DD-MON-RR'),to_date('16-FEB-16','DD-MON-RR'),2016.305554709451709324689908799012246792,56.714444833730678435358955991051706316);
Insert into TRELLO.TBL_FACTURACION_PAGOS (CODIGO_FACTURA,CODIGO_PLAN,CODIGO_USUARIO,FECHA_INICIO,FECHA_FIN,MONTO,DESCUENTO) values (130,1,173,to_date('20-OCT-15','DD-MON-RR'),to_date('07-JAN-16','DD-MON-RR'),2530.620673739452970033421209677653998292,172.66952471434857362417018177608694129);
Insert into TRELLO.TBL_FACTURACION_PAGOS (CODIGO_FACTURA,CODIGO_PLAN,CODIGO_USUARIO,FECHA_INICIO,FECHA_FIN,MONTO,DESCUENTO) values (131,3,13,to_date('30-SEP-15','DD-MON-RR'),to_date('06-FEB-16','DD-MON-RR'),2715.231956171258978399248722093620529476,177.061018190582003290395354040735207338);
Insert into TRELLO.TBL_FACTURACION_PAGOS (CODIGO_FACTURA,CODIGO_PLAN,CODIGO_USUARIO,FECHA_INICIO,FECHA_FIN,MONTO,DESCUENTO) values (132,5,65,to_date('22-SEP-15','DD-MON-RR'),to_date('14-FEB-16','DD-MON-RR'),2024.370157327450464238364458132948338776,198.452144471195465944742810648385634251);
Insert into TRELLO.TBL_FACTURACION_PAGOS (CODIGO_FACTURA,CODIGO_PLAN,CODIGO_USUARIO,FECHA_INICIO,FECHA_FIN,MONTO,DESCUENTO) values (133,1,85,to_date('02-SEP-15','DD-MON-RR'),to_date('25-JAN-16','DD-MON-RR'),437.029109372518289600150326587219304632,34.1754513604305062928057314169168146528);
Insert into TRELLO.TBL_FACTURACION_PAGOS (CODIGO_FACTURA,CODIGO_PLAN,CODIGO_USUARIO,FECHA_INICIO,FECHA_FIN,MONTO,DESCUENTO) values (134,1,186,to_date('08-OCT-15','DD-MON-RR'),to_date('17-DEC-15','DD-MON-RR'),2213.369110354565604182976990772313983956,157.943457414939149839102607214394448419);
Insert into TRELLO.TBL_FACTURACION_PAGOS (CODIGO_FACTURA,CODIGO_PLAN,CODIGO_USUARIO,FECHA_INICIO,FECHA_FIN,MONTO,DESCUENTO) values (135,3,59,to_date('21-AUG-15','DD-MON-RR'),to_date('17-JAN-16','DD-MON-RR'),2630.606908564649535573099326746453746288,72.3932098504965810118947019493800993677);
Insert into TRELLO.TBL_FACTURACION_PAGOS (CODIGO_FACTURA,CODIGO_PLAN,CODIGO_USUARIO,FECHA_INICIO,FECHA_FIN,MONTO,DESCUENTO) values (136,4,252,to_date('22-OCT-15','DD-MON-RR'),to_date('18-JAN-16','DD-MON-RR'),1808.440625336042853337268711823991777912,195.112137707934991298493938899258543104);
Insert into TRELLO.TBL_FACTURACION_PAGOS (CODIGO_FACTURA,CODIGO_PLAN,CODIGO_USUARIO,FECHA_INICIO,FECHA_FIN,MONTO,DESCUENTO) values (137,2,214,to_date('01-OCT-15','DD-MON-RR'),to_date('09-JAN-16','DD-MON-RR'),1303.456536342489957848116692910976090264,71.7417380350090009030578103010436986514);
Insert into TRELLO.TBL_FACTURACION_PAGOS (CODIGO_FACTURA,CODIGO_PLAN,CODIGO_USUARIO,FECHA_INICIO,FECHA_FIN,MONTO,DESCUENTO) values (138,1,156,to_date('27-OCT-15','DD-MON-RR'),to_date('21-FEB-16','DD-MON-RR'),1478.78543164561549705828996482969670986,149.333423634133678498471301686922855275);
Insert into TRELLO.TBL_FACTURACION_PAGOS (CODIGO_FACTURA,CODIGO_PLAN,CODIGO_USUARIO,FECHA_INICIO,FECHA_FIN,MONTO,DESCUENTO) values (139,2,76,to_date('15-OCT-15','DD-MON-RR'),to_date('11-JAN-16','DD-MON-RR'),1543.549260286384447409951728225184977064,114.770735349236974678969877887676398795);
Insert into TRELLO.TBL_FACTURACION_PAGOS (CODIGO_FACTURA,CODIGO_PLAN,CODIGO_USUARIO,FECHA_INICIO,FECHA_FIN,MONTO,DESCUENTO) values (140,4,293,to_date('12-OCT-15','DD-MON-RR'),to_date('29-DEC-15','DD-MON-RR'),863.803156661208601804544911615108540004,155.61049439279379201955218902843361157);
Insert into TRELLO.TBL_FACTURACION_PAGOS (CODIGO_FACTURA,CODIGO_PLAN,CODIGO_USUARIO,FECHA_INICIO,FECHA_FIN,MONTO,DESCUENTO) values (141,2,145,to_date('26-OCT-15','DD-MON-RR'),to_date('24-JAN-16','DD-MON-RR'),1191.605565088657004843082853172098321324,52.9407316807370465497751079613637936324);
Insert into TRELLO.TBL_FACTURACION_PAGOS (CODIGO_FACTURA,CODIGO_PLAN,CODIGO_USUARIO,FECHA_INICIO,FECHA_FIN,MONTO,DESCUENTO) values (142,5,75,to_date('12-AUG-15','DD-MON-RR'),to_date('17-DEC-15','DD-MON-RR'),2943.470788474334051872344146705381941528,100.961525959232702505418119180234687511);
Insert into TRELLO.TBL_FACTURACION_PAGOS (CODIGO_FACTURA,CODIGO_PLAN,CODIGO_USUARIO,FECHA_INICIO,FECHA_FIN,MONTO,DESCUENTO) values (143,3,53,to_date('20-OCT-15','DD-MON-RR'),to_date('03-JAN-16','DD-MON-RR'),319.054382132115009960343940708965353316,43.3962010642980032985145434158507256518);
Insert into TRELLO.TBL_FACTURACION_PAGOS (CODIGO_FACTURA,CODIGO_PLAN,CODIGO_USUARIO,FECHA_INICIO,FECHA_FIN,MONTO,DESCUENTO) values (144,3,262,to_date('25-SEP-15','DD-MON-RR'),to_date('14-DEC-15','DD-MON-RR'),2762.3779129349233608782405369307489222,76.1034543148915917024213215873611990846);
Insert into TRELLO.TBL_FACTURACION_PAGOS (CODIGO_FACTURA,CODIGO_PLAN,CODIGO_USUARIO,FECHA_INICIO,FECHA_FIN,MONTO,DESCUENTO) values (145,5,77,to_date('26-AUG-15','DD-MON-RR'),to_date('05-JAN-16','DD-MON-RR'),2345.608623963736402205566989508166605132,164.187970921242063027480210161938950144);
Insert into TRELLO.TBL_FACTURACION_PAGOS (CODIGO_FACTURA,CODIGO_PLAN,CODIGO_USUARIO,FECHA_INICIO,FECHA_FIN,MONTO,DESCUENTO) values (146,4,126,to_date('15-OCT-15','DD-MON-RR'),to_date('11-JAN-16','DD-MON-RR'),2920.490870937056859467237110396614808976,152.164928311399258182617112055637192215);
Insert into TRELLO.TBL_FACTURACION_PAGOS (CODIGO_FACTURA,CODIGO_PLAN,CODIGO_USUARIO,FECHA_INICIO,FECHA_FIN,MONTO,DESCUENTO) values (147,3,22,to_date('30-AUG-15','DD-MON-RR'),to_date('11-DEC-15','DD-MON-RR'),301.624841046303386164632117196667910244,92.9388149367108622488644575684517656299);
Insert into TRELLO.TBL_FACTURACION_PAGOS (CODIGO_FACTURA,CODIGO_PLAN,CODIGO_USUARIO,FECHA_INICIO,FECHA_FIN,MONTO,DESCUENTO) values (148,2,248,to_date('26-SEP-15','DD-MON-RR'),to_date('04-JAN-16','DD-MON-RR'),2269.072207591355069063405624074517883912,109.248104306969606035841491820531629562);
Insert into TRELLO.TBL_FACTURACION_PAGOS (CODIGO_FACTURA,CODIGO_PLAN,CODIGO_USUARIO,FECHA_INICIO,FECHA_FIN,MONTO,DESCUENTO) values (149,4,45,to_date('24-AUG-15','DD-MON-RR'),to_date('01-FEB-16','DD-MON-RR'),1120.410120900264472422508967767296692956,38.9194297225946688963318697227546135067);
Insert into TRELLO.TBL_FACTURACION_PAGOS (CODIGO_FACTURA,CODIGO_PLAN,CODIGO_USUARIO,FECHA_INICIO,FECHA_FIN,MONTO,DESCUENTO) values (150,1,27,to_date('02-SEP-15','DD-MON-RR'),to_date('16-FEB-16','DD-MON-RR'),2794.364456061121203656949027232366073532,32.8823913999838383354440964675894057238);
Insert into TRELLO.TBL_FACTURACION_PAGOS (CODIGO_FACTURA,CODIGO_PLAN,CODIGO_USUARIO,FECHA_INICIO,FECHA_FIN,MONTO,DESCUENTO) values (151,1,213,to_date('07-SEP-15','DD-MON-RR'),to_date('24-DEC-15','DD-MON-RR'),1646.199961545589830461549410870379608524,190.768826888630097555185871017635493784);
Insert into TRELLO.TBL_FACTURACION_PAGOS (CODIGO_FACTURA,CODIGO_PLAN,CODIGO_USUARIO,FECHA_INICIO,FECHA_FIN,MONTO,DESCUENTO) values (152,2,1,to_date('11-OCT-15','DD-MON-RR'),to_date('19-FEB-16','DD-MON-RR'),1199.051151076275763397364456447112869544,24.974661572821248308480518215025114313);
Insert into TRELLO.TBL_FACTURACION_PAGOS (CODIGO_FACTURA,CODIGO_PLAN,CODIGO_USUARIO,FECHA_INICIO,FECHA_FIN,MONTO,DESCUENTO) values (153,4,218,to_date('05-SEP-15','DD-MON-RR'),to_date('16-FEB-16','DD-MON-RR'),1334.007081456920776046248037183109972168,134.276972464283179174611703782500247558);
Insert into TRELLO.TBL_FACTURACION_PAGOS (CODIGO_FACTURA,CODIGO_PLAN,CODIGO_USUARIO,FECHA_INICIO,FECHA_FIN,MONTO,DESCUENTO) values (154,5,183,to_date('28-SEP-15','DD-MON-RR'),to_date('30-JAN-16','DD-MON-RR'),276.322584006425336471133721273431224672,28.0512719729143450640480113865492952274);
Insert into TRELLO.TBL_FACTURACION_PAGOS (CODIGO_FACTURA,CODIGO_PLAN,CODIGO_USUARIO,FECHA_INICIO,FECHA_FIN,MONTO,DESCUENTO) values (155,5,257,to_date('20-SEP-15','DD-MON-RR'),to_date('21-FEB-16','DD-MON-RR'),983.722067296993137133861177568055788716,180.650897189162082854855487910537988456);
Insert into TRELLO.TBL_FACTURACION_PAGOS (CODIGO_FACTURA,CODIGO_PLAN,CODIGO_USUARIO,FECHA_INICIO,FECHA_FIN,MONTO,DESCUENTO) values (156,5,177,to_date('29-AUG-15','DD-MON-RR'),to_date('12-JAN-16','DD-MON-RR'),821.496142821516289305683133805911079608,115.030968747307039699633746547406795916);
Insert into TRELLO.TBL_FACTURACION_PAGOS (CODIGO_FACTURA,CODIGO_PLAN,CODIGO_USUARIO,FECHA_INICIO,FECHA_FIN,MONTO,DESCUENTO) values (157,2,132,to_date('25-AUG-15','DD-MON-RR'),to_date('31-JAN-16','DD-MON-RR'),862.883925151757204820093608838691402488,28.1940850524463779169808268925392296988);
Insert into TRELLO.TBL_FACTURACION_PAGOS (CODIGO_FACTURA,CODIGO_PLAN,CODIGO_USUARIO,FECHA_INICIO,FECHA_FIN,MONTO,DESCUENTO) values (158,4,102,to_date('22-AUG-15','DD-MON-RR'),to_date('21-JAN-16','DD-MON-RR'),1759.3759500100453629529571381142799885,149.406881588523284717522796764491880848);
Insert into TRELLO.TBL_FACTURACION_PAGOS (CODIGO_FACTURA,CODIGO_PLAN,CODIGO_USUARIO,FECHA_INICIO,FECHA_FIN,MONTO,DESCUENTO) values (159,5,296,to_date('05-SEP-15','DD-MON-RR'),to_date('20-DEC-15','DD-MON-RR'),1661.92457482683874023200859051032818032,191.225192004583515222977043648607673807);
Insert into TRELLO.TBL_FACTURACION_PAGOS (CODIGO_FACTURA,CODIGO_PLAN,CODIGO_USUARIO,FECHA_INICIO,FECHA_FIN,MONTO,DESCUENTO) values (160,2,1,to_date('16-SEP-15','DD-MON-RR'),to_date('23-DEC-15','DD-MON-RR'),533.603886589902312236672757428996432592,161.316137671460987086831432786893830527);
Insert into TRELLO.TBL_FACTURACION_PAGOS (CODIGO_FACTURA,CODIGO_PLAN,CODIGO_USUARIO,FECHA_INICIO,FECHA_FIN,MONTO,DESCUENTO) values (161,5,29,to_date('13-SEP-15','DD-MON-RR'),to_date('11-DEC-15','DD-MON-RR'),1151.21521719365151861732654619103586966,119.96570922877874643342108648145519655);
Insert into TRELLO.TBL_FACTURACION_PAGOS (CODIGO_FACTURA,CODIGO_PLAN,CODIGO_USUARIO,FECHA_INICIO,FECHA_FIN,MONTO,DESCUENTO) values (162,4,1,to_date('17-OCT-15','DD-MON-RR'),to_date('19-JAN-16','DD-MON-RR'),1726.727410630046084217288301213039657312,131.931889734160291558787468837193664709);
Insert into TRELLO.TBL_FACTURACION_PAGOS (CODIGO_FACTURA,CODIGO_PLAN,CODIGO_USUARIO,FECHA_INICIO,FECHA_FIN,MONTO,DESCUENTO) values (163,4,142,to_date('16-AUG-15','DD-MON-RR'),to_date('30-DEC-15','DD-MON-RR'),760.907566273558694088695609465925338752,120.993829093974797460920451172737546608);
Insert into TRELLO.TBL_FACTURACION_PAGOS (CODIGO_FACTURA,CODIGO_PLAN,CODIGO_USUARIO,FECHA_INICIO,FECHA_FIN,MONTO,DESCUENTO) values (164,5,232,to_date('24-AUG-15','DD-MON-RR'),to_date('25-DEC-15','DD-MON-RR'),392.756307729957974806844917241560791904,162.38316500126002024982687711960462647);
Insert into TRELLO.TBL_FACTURACION_PAGOS (CODIGO_FACTURA,CODIGO_PLAN,CODIGO_USUARIO,FECHA_INICIO,FECHA_FIN,MONTO,DESCUENTO) values (165,5,26,to_date('13-SEP-15','DD-MON-RR'),to_date('05-JAN-16','DD-MON-RR'),1912.83881493179210442090862814296320254,74.810359138631976533231292619511581185);
Insert into TRELLO.TBL_FACTURACION_PAGOS (CODIGO_FACTURA,CODIGO_PLAN,CODIGO_USUARIO,FECHA_INICIO,FECHA_FIN,MONTO,DESCUENTO) values (166,2,72,to_date('18-SEP-15','DD-MON-RR'),to_date('11-JAN-16','DD-MON-RR'),2152.410452750046472820174787662390494272,119.528156087724163376110653377017207753);
Insert into TRELLO.TBL_FACTURACION_PAGOS (CODIGO_FACTURA,CODIGO_PLAN,CODIGO_USUARIO,FECHA_INICIO,FECHA_FIN,MONTO,DESCUENTO) values (167,4,70,to_date('03-OCT-15','DD-MON-RR'),to_date('11-DEC-15','DD-MON-RR'),386.856434286829831944203746873163051512,29.4141566148633482008380833829252616801);
Insert into TRELLO.TBL_FACTURACION_PAGOS (CODIGO_FACTURA,CODIGO_PLAN,CODIGO_USUARIO,FECHA_INICIO,FECHA_FIN,MONTO,DESCUENTO) values (168,2,167,to_date('24-SEP-15','DD-MON-RR'),to_date('29-JAN-16','DD-MON-RR'),1349.300432996984117835489538540360692852,147.263609574669825900333499284102917366);
Insert into TRELLO.TBL_FACTURACION_PAGOS (CODIGO_FACTURA,CODIGO_PLAN,CODIGO_USUARIO,FECHA_INICIO,FECHA_FIN,MONTO,DESCUENTO) values (169,3,14,to_date('30-AUG-15','DD-MON-RR'),to_date('10-JAN-16','DD-MON-RR'),1256.37148021389963929819490981747583552,45.7172989002762337636672707812163830908);
Insert into TRELLO.TBL_FACTURACION_PAGOS (CODIGO_FACTURA,CODIGO_PLAN,CODIGO_USUARIO,FECHA_INICIO,FECHA_FIN,MONTO,DESCUENTO) values (170,3,211,to_date('16-OCT-15','DD-MON-RR'),to_date('23-DEC-15','DD-MON-RR'),1224.752857919775427994142636026858443288,190.775095037083674420451672544092794185);
Insert into TRELLO.TBL_FACTURACION_PAGOS (CODIGO_FACTURA,CODIGO_PLAN,CODIGO_USUARIO,FECHA_INICIO,FECHA_FIN,MONTO,DESCUENTO) values (171,5,295,to_date('11-OCT-15','DD-MON-RR'),to_date('02-FEB-16','DD-MON-RR'),2845.442890450486327839356359616916654952,56.0843550150777092275421381736899031432);
Insert into TRELLO.TBL_FACTURACION_PAGOS (CODIGO_FACTURA,CODIGO_PLAN,CODIGO_USUARIO,FECHA_INICIO,FECHA_FIN,MONTO,DESCUENTO) values (172,2,128,to_date('04-SEP-15','DD-MON-RR'),to_date('31-DEC-15','DD-MON-RR'),1057.457973777715354625671964129200995484,60.7411286094549356950895991801524264822);
Insert into TRELLO.TBL_FACTURACION_PAGOS (CODIGO_FACTURA,CODIGO_PLAN,CODIGO_USUARIO,FECHA_INICIO,FECHA_FIN,MONTO,DESCUENTO) values (173,4,62,to_date('04-OCT-15','DD-MON-RR'),to_date('01-JAN-16','DD-MON-RR'),2558.539897073974199759802955706837608788,101.068135977899642000729838070916100751);
Insert into TRELLO.TBL_FACTURACION_PAGOS (CODIGO_FACTURA,CODIGO_PLAN,CODIGO_USUARIO,FECHA_INICIO,FECHA_FIN,MONTO,DESCUENTO) values (174,3,117,to_date('20-OCT-15','DD-MON-RR'),to_date('06-JAN-16','DD-MON-RR'),2277.305317674411606435317822305193947768,197.910698599171939752367740075886934726);
Insert into TRELLO.TBL_FACTURACION_PAGOS (CODIGO_FACTURA,CODIGO_PLAN,CODIGO_USUARIO,FECHA_INICIO,FECHA_FIN,MONTO,DESCUENTO) values (175,3,285,to_date('16-AUG-15','DD-MON-RR'),to_date('04-FEB-16','DD-MON-RR'),1884.062698642190903642416870789727297944,22.021796081166486126685825178913320763);
Insert into TRELLO.TBL_FACTURACION_PAGOS (CODIGO_FACTURA,CODIGO_PLAN,CODIGO_USUARIO,FECHA_INICIO,FECHA_FIN,MONTO,DESCUENTO) values (176,3,179,to_date('13-OCT-15','DD-MON-RR'),to_date('24-JAN-16','DD-MON-RR'),2249.059757384879652104735963911304939612,12.1917398928893108424558643689696943672);
Insert into TRELLO.TBL_FACTURACION_PAGOS (CODIGO_FACTURA,CODIGO_PLAN,CODIGO_USUARIO,FECHA_INICIO,FECHA_FIN,MONTO,DESCUENTO) values (177,2,179,to_date('13-AUG-15','DD-MON-RR'),to_date('21-DEC-15','DD-MON-RR'),2796.032278008828796777997157430755566476,146.172891888283178488435959109720257423);
Insert into TRELLO.TBL_FACTURACION_PAGOS (CODIGO_FACTURA,CODIGO_PLAN,CODIGO_USUARIO,FECHA_INICIO,FECHA_FIN,MONTO,DESCUENTO) values (178,5,68,to_date('11-OCT-15','DD-MON-RR'),to_date('16-DEC-15','DD-MON-RR'),2150.67899445843108844726130598351164008,51.7261291731057247932212837320069837209);
Insert into TRELLO.TBL_FACTURACION_PAGOS (CODIGO_FACTURA,CODIGO_PLAN,CODIGO_USUARIO,FECHA_INICIO,FECHA_FIN,MONTO,DESCUENTO) values (179,4,37,to_date('23-OCT-15','DD-MON-RR'),to_date('02-JAN-16','DD-MON-RR'),1718.562148268761919280911822863268263948,30.4968047724626916219991025296749836788);
Insert into TRELLO.TBL_FACTURACION_PAGOS (CODIGO_FACTURA,CODIGO_PLAN,CODIGO_USUARIO,FECHA_INICIO,FECHA_FIN,MONTO,DESCUENTO) values (180,5,135,to_date('17-AUG-15','DD-MON-RR'),to_date('23-DEC-15','DD-MON-RR'),1354.459854428052214045388320264351413244,113.787879259860240707691754920450839661);
Insert into TRELLO.TBL_FACTURACION_PAGOS (CODIGO_FACTURA,CODIGO_PLAN,CODIGO_USUARIO,FECHA_INICIO,FECHA_FIN,MONTO,DESCUENTO) values (181,2,224,to_date('29-OCT-15','DD-MON-RR'),to_date('20-FEB-16','DD-MON-RR'),2618.199047733850028587858125487404725832,17.2279889003189468852776808313200455958);
Insert into TRELLO.TBL_FACTURACION_PAGOS (CODIGO_FACTURA,CODIGO_PLAN,CODIGO_USUARIO,FECHA_INICIO,FECHA_FIN,MONTO,DESCUENTO) values (182,2,10,to_date('28-AUG-15','DD-MON-RR'),to_date('02-JAN-16','DD-MON-RR'),1475.981700028430463466179979368864808976,156.203111880618774765065007677193822607);
Insert into TRELLO.TBL_FACTURACION_PAGOS (CODIGO_FACTURA,CODIGO_PLAN,CODIGO_USUARIO,FECHA_INICIO,FECHA_FIN,MONTO,DESCUENTO) values (183,1,155,to_date('11-SEP-15','DD-MON-RR'),to_date('08-JAN-16','DD-MON-RR'),1483.554635276772182654009396460781885624,93.3275068947286114384607265624478791754);
Insert into TRELLO.TBL_FACTURACION_PAGOS (CODIGO_FACTURA,CODIGO_PLAN,CODIGO_USUARIO,FECHA_INICIO,FECHA_FIN,MONTO,DESCUENTO) values (184,2,59,to_date('25-OCT-15','DD-MON-RR'),to_date('11-DEC-15','DD-MON-RR'),263.036724169604555173806011838325061908,37.3209717546717986983687327835961274141);
Insert into TRELLO.TBL_FACTURACION_PAGOS (CODIGO_FACTURA,CODIGO_PLAN,CODIGO_USUARIO,FECHA_INICIO,FECHA_FIN,MONTO,DESCUENTO) values (185,1,141,to_date('27-OCT-15','DD-MON-RR'),to_date('20-DEC-15','DD-MON-RR'),2311.904964466765538873900101481477180992,37.3816879444489480601870049976338239438);
Insert into TRELLO.TBL_FACTURACION_PAGOS (CODIGO_FACTURA,CODIGO_PLAN,CODIGO_USUARIO,FECHA_INICIO,FECHA_FIN,MONTO,DESCUENTO) values (186,3,196,to_date('03-OCT-15','DD-MON-RR'),to_date('26-FEB-16','DD-MON-RR'),418.494406762306014566638820869776823004,160.251411389681777435540179912303734121);
Insert into TRELLO.TBL_FACTURACION_PAGOS (CODIGO_FACTURA,CODIGO_PLAN,CODIGO_USUARIO,FECHA_INICIO,FECHA_FIN,MONTO,DESCUENTO) values (187,4,81,to_date('10-OCT-15','DD-MON-RR'),to_date('12-DEC-15','DD-MON-RR'),1331.50568110980073453591537552486210586,38.9519756973227481655549443631969733288);
Insert into TRELLO.TBL_FACTURACION_PAGOS (CODIGO_FACTURA,CODIGO_PLAN,CODIGO_USUARIO,FECHA_INICIO,FECHA_FIN,MONTO,DESCUENTO) values (188,5,259,to_date('10-SEP-15','DD-MON-RR'),to_date('03-FEB-16','DD-MON-RR'),2117.102510429290100881649420244684398552,10.1436388834469569170125113112748315781);
Insert into TRELLO.TBL_FACTURACION_PAGOS (CODIGO_FACTURA,CODIGO_PLAN,CODIGO_USUARIO,FECHA_INICIO,FECHA_FIN,MONTO,DESCUENTO) values (189,3,45,to_date('09-SEP-15','DD-MON-RR'),to_date('26-FEB-16','DD-MON-RR'),780.739241049821990596616062503877985068,92.6158392619838521970167582498244750996);
Insert into TRELLO.TBL_FACTURACION_PAGOS (CODIGO_FACTURA,CODIGO_PLAN,CODIGO_USUARIO,FECHA_INICIO,FECHA_FIN,MONTO,DESCUENTO) values (190,4,144,to_date('13-OCT-15','DD-MON-RR'),to_date('13-DEC-15','DD-MON-RR'),367.471424983394112689027969639759153768,127.39991511361319922061930825860270082);
Insert into TRELLO.TBL_FACTURACION_PAGOS (CODIGO_FACTURA,CODIGO_PLAN,CODIGO_USUARIO,FECHA_INICIO,FECHA_FIN,MONTO,DESCUENTO) values (191,1,251,to_date('06-SEP-15','DD-MON-RR'),to_date('20-DEC-15','DD-MON-RR'),1056.720420817382757637497123937390482576,111.410878675085689580798418587622110742);
Insert into TRELLO.TBL_FACTURACION_PAGOS (CODIGO_FACTURA,CODIGO_PLAN,CODIGO_USUARIO,FECHA_INICIO,FECHA_FIN,MONTO,DESCUENTO) values (192,3,286,to_date('29-AUG-15','DD-MON-RR'),to_date('16-FEB-16','DD-MON-RR'),1384.046694293773856671906766881832821416,173.879092897660305095030609527597270851);
Insert into TRELLO.TBL_FACTURACION_PAGOS (CODIGO_FACTURA,CODIGO_PLAN,CODIGO_USUARIO,FECHA_INICIO,FECHA_FIN,MONTO,DESCUENTO) values (193,3,60,to_date('26-OCT-15','DD-MON-RR'),to_date('03-FEB-16','DD-MON-RR'),2262.0842185565950824419289946587199227,144.366590919210708803763047177061356246);
REM INSERTING into TRELLO.TBL_LISTAS
SET DEFINE OFF;
Insert into TRELLO.TBL_LISTAS (CODIGO_LISTA,CODIGO_TABLERO,NOMBRE_LISTA,DESCRIPCION) values (1,17,'Lista 1','Descripcion lista 1');
Insert into TRELLO.TBL_LISTAS (CODIGO_LISTA,CODIGO_TABLERO,NOMBRE_LISTA,DESCRIPCION) values (2,9,'Lista 2','Descripcion lista 2');
Insert into TRELLO.TBL_LISTAS (CODIGO_LISTA,CODIGO_TABLERO,NOMBRE_LISTA,DESCRIPCION) values (3,3,'Lista 3','Descripcion lista 3');
Insert into TRELLO.TBL_LISTAS (CODIGO_LISTA,CODIGO_TABLERO,NOMBRE_LISTA,DESCRIPCION) values (4,19,'Lista 4','Descripcion lista 4');
Insert into TRELLO.TBL_LISTAS (CODIGO_LISTA,CODIGO_TABLERO,NOMBRE_LISTA,DESCRIPCION) values (5,42,'Lista 5','Descripcion lista 5');
Insert into TRELLO.TBL_LISTAS (CODIGO_LISTA,CODIGO_TABLERO,NOMBRE_LISTA,DESCRIPCION) values (6,49,'Lista 6','Descripcion lista 6');
Insert into TRELLO.TBL_LISTAS (CODIGO_LISTA,CODIGO_TABLERO,NOMBRE_LISTA,DESCRIPCION) values (7,1,'Lista 7','Descripcion lista 7');
Insert into TRELLO.TBL_LISTAS (CODIGO_LISTA,CODIGO_TABLERO,NOMBRE_LISTA,DESCRIPCION) values (8,30,'Lista 8','Descripcion lista 8');
Insert into TRELLO.TBL_LISTAS (CODIGO_LISTA,CODIGO_TABLERO,NOMBRE_LISTA,DESCRIPCION) values (9,20,'Lista 9','Descripcion lista 9');
Insert into TRELLO.TBL_LISTAS (CODIGO_LISTA,CODIGO_TABLERO,NOMBRE_LISTA,DESCRIPCION) values (10,22,'Lista 10','Descripcion lista 10');
Insert into TRELLO.TBL_LISTAS (CODIGO_LISTA,CODIGO_TABLERO,NOMBRE_LISTA,DESCRIPCION) values (11,29,'Lista 11','Descripcion lista 11');
Insert into TRELLO.TBL_LISTAS (CODIGO_LISTA,CODIGO_TABLERO,NOMBRE_LISTA,DESCRIPCION) values (12,38,'Lista 12','Descripcion lista 12');
Insert into TRELLO.TBL_LISTAS (CODIGO_LISTA,CODIGO_TABLERO,NOMBRE_LISTA,DESCRIPCION) values (13,28,'Lista 13','Descripcion lista 13');
Insert into TRELLO.TBL_LISTAS (CODIGO_LISTA,CODIGO_TABLERO,NOMBRE_LISTA,DESCRIPCION) values (14,21,'Lista 14','Descripcion lista 14');
Insert into TRELLO.TBL_LISTAS (CODIGO_LISTA,CODIGO_TABLERO,NOMBRE_LISTA,DESCRIPCION) values (15,11,'Lista 15','Descripcion lista 15');
Insert into TRELLO.TBL_LISTAS (CODIGO_LISTA,CODIGO_TABLERO,NOMBRE_LISTA,DESCRIPCION) values (16,41,'Lista 16','Descripcion lista 16');
Insert into TRELLO.TBL_LISTAS (CODIGO_LISTA,CODIGO_TABLERO,NOMBRE_LISTA,DESCRIPCION) values (17,36,'Lista 17','Descripcion lista 17');
Insert into TRELLO.TBL_LISTAS (CODIGO_LISTA,CODIGO_TABLERO,NOMBRE_LISTA,DESCRIPCION) values (18,18,'Lista 18','Descripcion lista 18');
Insert into TRELLO.TBL_LISTAS (CODIGO_LISTA,CODIGO_TABLERO,NOMBRE_LISTA,DESCRIPCION) values (19,7,'Lista 19','Descripcion lista 19');
Insert into TRELLO.TBL_LISTAS (CODIGO_LISTA,CODIGO_TABLERO,NOMBRE_LISTA,DESCRIPCION) values (20,11,'Lista 20','Descripcion lista 20');
Insert into TRELLO.TBL_LISTAS (CODIGO_LISTA,CODIGO_TABLERO,NOMBRE_LISTA,DESCRIPCION) values (21,43,'Lista 21','Descripcion lista 21');
Insert into TRELLO.TBL_LISTAS (CODIGO_LISTA,CODIGO_TABLERO,NOMBRE_LISTA,DESCRIPCION) values (22,2,'Lista 22','Descripcion lista 22');
Insert into TRELLO.TBL_LISTAS (CODIGO_LISTA,CODIGO_TABLERO,NOMBRE_LISTA,DESCRIPCION) values (23,34,'Lista 23','Descripcion lista 23');
Insert into TRELLO.TBL_LISTAS (CODIGO_LISTA,CODIGO_TABLERO,NOMBRE_LISTA,DESCRIPCION) values (24,12,'Lista 24','Descripcion lista 24');
Insert into TRELLO.TBL_LISTAS (CODIGO_LISTA,CODIGO_TABLERO,NOMBRE_LISTA,DESCRIPCION) values (25,10,'Lista 25','Descripcion lista 25');
Insert into TRELLO.TBL_LISTAS (CODIGO_LISTA,CODIGO_TABLERO,NOMBRE_LISTA,DESCRIPCION) values (26,17,'Lista 26','Descripcion lista 26');
Insert into TRELLO.TBL_LISTAS (CODIGO_LISTA,CODIGO_TABLERO,NOMBRE_LISTA,DESCRIPCION) values (27,43,'Lista 27','Descripcion lista 27');
Insert into TRELLO.TBL_LISTAS (CODIGO_LISTA,CODIGO_TABLERO,NOMBRE_LISTA,DESCRIPCION) values (28,19,'Lista 28','Descripcion lista 28');
Insert into TRELLO.TBL_LISTAS (CODIGO_LISTA,CODIGO_TABLERO,NOMBRE_LISTA,DESCRIPCION) values (29,36,'Lista 29','Descripcion lista 29');
Insert into TRELLO.TBL_LISTAS (CODIGO_LISTA,CODIGO_TABLERO,NOMBRE_LISTA,DESCRIPCION) values (30,46,'Lista 30','Descripcion lista 30');
Insert into TRELLO.TBL_LISTAS (CODIGO_LISTA,CODIGO_TABLERO,NOMBRE_LISTA,DESCRIPCION) values (31,8,'Lista 31','Descripcion lista 31');
Insert into TRELLO.TBL_LISTAS (CODIGO_LISTA,CODIGO_TABLERO,NOMBRE_LISTA,DESCRIPCION) values (32,33,'Lista 32','Descripcion lista 32');
Insert into TRELLO.TBL_LISTAS (CODIGO_LISTA,CODIGO_TABLERO,NOMBRE_LISTA,DESCRIPCION) values (33,41,'Lista 33','Descripcion lista 33');
Insert into TRELLO.TBL_LISTAS (CODIGO_LISTA,CODIGO_TABLERO,NOMBRE_LISTA,DESCRIPCION) values (34,3,'Lista 34','Descripcion lista 34');
Insert into TRELLO.TBL_LISTAS (CODIGO_LISTA,CODIGO_TABLERO,NOMBRE_LISTA,DESCRIPCION) values (35,1,'Lista 35','Descripcion lista 35');
Insert into TRELLO.TBL_LISTAS (CODIGO_LISTA,CODIGO_TABLERO,NOMBRE_LISTA,DESCRIPCION) values (36,34,'Lista 36','Descripcion lista 36');
Insert into TRELLO.TBL_LISTAS (CODIGO_LISTA,CODIGO_TABLERO,NOMBRE_LISTA,DESCRIPCION) values (37,23,'Lista 37','Descripcion lista 37');
Insert into TRELLO.TBL_LISTAS (CODIGO_LISTA,CODIGO_TABLERO,NOMBRE_LISTA,DESCRIPCION) values (38,27,'Lista 38','Descripcion lista 38');
Insert into TRELLO.TBL_LISTAS (CODIGO_LISTA,CODIGO_TABLERO,NOMBRE_LISTA,DESCRIPCION) values (39,37,'Lista 39','Descripcion lista 39');
Insert into TRELLO.TBL_LISTAS (CODIGO_LISTA,CODIGO_TABLERO,NOMBRE_LISTA,DESCRIPCION) values (40,34,'Lista 40','Descripcion lista 40');
Insert into TRELLO.TBL_LISTAS (CODIGO_LISTA,CODIGO_TABLERO,NOMBRE_LISTA,DESCRIPCION) values (41,15,'Lista 41','Descripcion lista 41');
Insert into TRELLO.TBL_LISTAS (CODIGO_LISTA,CODIGO_TABLERO,NOMBRE_LISTA,DESCRIPCION) values (42,37,'Lista 42','Descripcion lista 42');
Insert into TRELLO.TBL_LISTAS (CODIGO_LISTA,CODIGO_TABLERO,NOMBRE_LISTA,DESCRIPCION) values (43,16,'Lista 43','Descripcion lista 43');
Insert into TRELLO.TBL_LISTAS (CODIGO_LISTA,CODIGO_TABLERO,NOMBRE_LISTA,DESCRIPCION) values (44,43,'Lista 44','Descripcion lista 44');
Insert into TRELLO.TBL_LISTAS (CODIGO_LISTA,CODIGO_TABLERO,NOMBRE_LISTA,DESCRIPCION) values (45,15,'Lista 45','Descripcion lista 45');
Insert into TRELLO.TBL_LISTAS (CODIGO_LISTA,CODIGO_TABLERO,NOMBRE_LISTA,DESCRIPCION) values (46,37,'Lista 46','Descripcion lista 46');
Insert into TRELLO.TBL_LISTAS (CODIGO_LISTA,CODIGO_TABLERO,NOMBRE_LISTA,DESCRIPCION) values (47,12,'Lista 47','Descripcion lista 47');
Insert into TRELLO.TBL_LISTAS (CODIGO_LISTA,CODIGO_TABLERO,NOMBRE_LISTA,DESCRIPCION) values (48,41,'Lista 48','Descripcion lista 48');
Insert into TRELLO.TBL_LISTAS (CODIGO_LISTA,CODIGO_TABLERO,NOMBRE_LISTA,DESCRIPCION) values (49,14,'Lista 49','Descripcion lista 49');
Insert into TRELLO.TBL_LISTAS (CODIGO_LISTA,CODIGO_TABLERO,NOMBRE_LISTA,DESCRIPCION) values (50,29,'Lista 50','Descripcion lista 50');
Insert into TRELLO.TBL_LISTAS (CODIGO_LISTA,CODIGO_TABLERO,NOMBRE_LISTA,DESCRIPCION) values (51,50,'Lista 51','Descripcion lista 51');
REM INSERTING into TRELLO.TBL_ORGANIZACIONES
SET DEFINE OFF;
Insert into TRELLO.TBL_ORGANIZACIONES (CODIGO_ORGANIZACION,NOMBRE_ORGANIZACION,TELEFONO,DIRECCION,CODIGO_ADMINISTRADOR) values (1,'Organizacion 1','123456','Direccion Organizacion 1',1);
Insert into TRELLO.TBL_ORGANIZACIONES (CODIGO_ORGANIZACION,NOMBRE_ORGANIZACION,TELEFONO,DIRECCION,CODIGO_ADMINISTRADOR) values (2,'Organizacion 2','123456','Direccion Organizacion 2',145);
Insert into TRELLO.TBL_ORGANIZACIONES (CODIGO_ORGANIZACION,NOMBRE_ORGANIZACION,TELEFONO,DIRECCION,CODIGO_ADMINISTRADOR) values (3,'Organizacion 3','123456','Direccion Organizacion 3',258);
Insert into TRELLO.TBL_ORGANIZACIONES (CODIGO_ORGANIZACION,NOMBRE_ORGANIZACION,TELEFONO,DIRECCION,CODIGO_ADMINISTRADOR) values (4,'Organizacion 4','123456','Direccion Organizacion 4',167);
Insert into TRELLO.TBL_ORGANIZACIONES (CODIGO_ORGANIZACION,NOMBRE_ORGANIZACION,TELEFONO,DIRECCION,CODIGO_ADMINISTRADOR) values (5,'Organizacion 5','123456','Direccion Organizacion 5',199);
Insert into TRELLO.TBL_ORGANIZACIONES (CODIGO_ORGANIZACION,NOMBRE_ORGANIZACION,TELEFONO,DIRECCION,CODIGO_ADMINISTRADOR) values (6,'Organizacion 6','123456','Direccion Organizacion 6',22);
Insert into TRELLO.TBL_ORGANIZACIONES (CODIGO_ORGANIZACION,NOMBRE_ORGANIZACION,TELEFONO,DIRECCION,CODIGO_ADMINISTRADOR) values (7,'Organizacion 7','123456','Direccion Organizacion 7',141);
Insert into TRELLO.TBL_ORGANIZACIONES (CODIGO_ORGANIZACION,NOMBRE_ORGANIZACION,TELEFONO,DIRECCION,CODIGO_ADMINISTRADOR) values (8,'Organizacion 8','123456','Direccion Organizacion 8',98);
Insert into TRELLO.TBL_ORGANIZACIONES (CODIGO_ORGANIZACION,NOMBRE_ORGANIZACION,TELEFONO,DIRECCION,CODIGO_ADMINISTRADOR) values (9,'Organizacion 9','123456','Direccion Organizacion 9',160);
Insert into TRELLO.TBL_ORGANIZACIONES (CODIGO_ORGANIZACION,NOMBRE_ORGANIZACION,TELEFONO,DIRECCION,CODIGO_ADMINISTRADOR) values (10,'Organizacion 10','123456','Direccion Organizacion 10',255);
Insert into TRELLO.TBL_ORGANIZACIONES (CODIGO_ORGANIZACION,NOMBRE_ORGANIZACION,TELEFONO,DIRECCION,CODIGO_ADMINISTRADOR) values (11,'Organizacion 11','123456','Direccion Organizacion 11',96);
Insert into TRELLO.TBL_ORGANIZACIONES (CODIGO_ORGANIZACION,NOMBRE_ORGANIZACION,TELEFONO,DIRECCION,CODIGO_ADMINISTRADOR) values (12,'Organizacion 12','123456','Direccion Organizacion 12',64);
Insert into TRELLO.TBL_ORGANIZACIONES (CODIGO_ORGANIZACION,NOMBRE_ORGANIZACION,TELEFONO,DIRECCION,CODIGO_ADMINISTRADOR) values (13,'Organizacion 13','123456','Direccion Organizacion 13',254);
Insert into TRELLO.TBL_ORGANIZACIONES (CODIGO_ORGANIZACION,NOMBRE_ORGANIZACION,TELEFONO,DIRECCION,CODIGO_ADMINISTRADOR) values (14,'Organizacion 14','123456','Direccion Organizacion 14',209);
Insert into TRELLO.TBL_ORGANIZACIONES (CODIGO_ORGANIZACION,NOMBRE_ORGANIZACION,TELEFONO,DIRECCION,CODIGO_ADMINISTRADOR) values (15,'Organizacion 15','123456','Direccion Organizacion 15',200);
Insert into TRELLO.TBL_ORGANIZACIONES (CODIGO_ORGANIZACION,NOMBRE_ORGANIZACION,TELEFONO,DIRECCION,CODIGO_ADMINISTRADOR) values (16,'Organizacion 16','123456','Direccion Organizacion 16',69);
Insert into TRELLO.TBL_ORGANIZACIONES (CODIGO_ORGANIZACION,NOMBRE_ORGANIZACION,TELEFONO,DIRECCION,CODIGO_ADMINISTRADOR) values (17,'Organizacion 17','123456','Direccion Organizacion 17',263);
Insert into TRELLO.TBL_ORGANIZACIONES (CODIGO_ORGANIZACION,NOMBRE_ORGANIZACION,TELEFONO,DIRECCION,CODIGO_ADMINISTRADOR) values (18,'Organizacion 18','123456','Direccion Organizacion 18',19);
Insert into TRELLO.TBL_ORGANIZACIONES (CODIGO_ORGANIZACION,NOMBRE_ORGANIZACION,TELEFONO,DIRECCION,CODIGO_ADMINISTRADOR) values (19,'Organizacion 19','123456','Direccion Organizacion 19',108);
Insert into TRELLO.TBL_ORGANIZACIONES (CODIGO_ORGANIZACION,NOMBRE_ORGANIZACION,TELEFONO,DIRECCION,CODIGO_ADMINISTRADOR) values (20,'Organizacion 20','123456','Direccion Organizacion 20',148);
Insert into TRELLO.TBL_ORGANIZACIONES (CODIGO_ORGANIZACION,NOMBRE_ORGANIZACION,TELEFONO,DIRECCION,CODIGO_ADMINISTRADOR) values (21,'Organizacion 21','123456','Direccion Organizacion 21',222);
Insert into TRELLO.TBL_ORGANIZACIONES (CODIGO_ORGANIZACION,NOMBRE_ORGANIZACION,TELEFONO,DIRECCION,CODIGO_ADMINISTRADOR) values (22,'Organizacion 22','123456','Direccion Organizacion 22',269);
Insert into TRELLO.TBL_ORGANIZACIONES (CODIGO_ORGANIZACION,NOMBRE_ORGANIZACION,TELEFONO,DIRECCION,CODIGO_ADMINISTRADOR) values (23,'Organizacion 23','123456','Direccion Organizacion 23',245);
Insert into TRELLO.TBL_ORGANIZACIONES (CODIGO_ORGANIZACION,NOMBRE_ORGANIZACION,TELEFONO,DIRECCION,CODIGO_ADMINISTRADOR) values (24,'Organizacion 24','123456','Direccion Organizacion 24',170);
Insert into TRELLO.TBL_ORGANIZACIONES (CODIGO_ORGANIZACION,NOMBRE_ORGANIZACION,TELEFONO,DIRECCION,CODIGO_ADMINISTRADOR) values (25,'Organizacion 25','123456','Direccion Organizacion 25',173);
Insert into TRELLO.TBL_ORGANIZACIONES (CODIGO_ORGANIZACION,NOMBRE_ORGANIZACION,TELEFONO,DIRECCION,CODIGO_ADMINISTRADOR) values (26,'Organizacion 26','123456','Direccion Organizacion 26',97);
Insert into TRELLO.TBL_ORGANIZACIONES (CODIGO_ORGANIZACION,NOMBRE_ORGANIZACION,TELEFONO,DIRECCION,CODIGO_ADMINISTRADOR) values (27,'Organizacion 27','123456','Direccion Organizacion 27',281);
Insert into TRELLO.TBL_ORGANIZACIONES (CODIGO_ORGANIZACION,NOMBRE_ORGANIZACION,TELEFONO,DIRECCION,CODIGO_ADMINISTRADOR) values (28,'Organizacion 28','123456','Direccion Organizacion 28',283);
Insert into TRELLO.TBL_ORGANIZACIONES (CODIGO_ORGANIZACION,NOMBRE_ORGANIZACION,TELEFONO,DIRECCION,CODIGO_ADMINISTRADOR) values (29,'Organizacion 29','123456','Direccion Organizacion 29',122);
Insert into TRELLO.TBL_ORGANIZACIONES (CODIGO_ORGANIZACION,NOMBRE_ORGANIZACION,TELEFONO,DIRECCION,CODIGO_ADMINISTRADOR) values (30,'Organizacion 30','123456','Direccion Organizacion 30',197);
Insert into TRELLO.TBL_ORGANIZACIONES (CODIGO_ORGANIZACION,NOMBRE_ORGANIZACION,TELEFONO,DIRECCION,CODIGO_ADMINISTRADOR) values (31,'Organizacion 31','123456','Direccion Organizacion 31',151);
Insert into TRELLO.TBL_ORGANIZACIONES (CODIGO_ORGANIZACION,NOMBRE_ORGANIZACION,TELEFONO,DIRECCION,CODIGO_ADMINISTRADOR) values (32,'Organizacion 32','123456','Direccion Organizacion 32',237);
Insert into TRELLO.TBL_ORGANIZACIONES (CODIGO_ORGANIZACION,NOMBRE_ORGANIZACION,TELEFONO,DIRECCION,CODIGO_ADMINISTRADOR) values (33,'Organizacion 33','123456','Direccion Organizacion 33',110);
Insert into TRELLO.TBL_ORGANIZACIONES (CODIGO_ORGANIZACION,NOMBRE_ORGANIZACION,TELEFONO,DIRECCION,CODIGO_ADMINISTRADOR) values (34,'Organizacion 34','123456','Direccion Organizacion 34',213);
Insert into TRELLO.TBL_ORGANIZACIONES (CODIGO_ORGANIZACION,NOMBRE_ORGANIZACION,TELEFONO,DIRECCION,CODIGO_ADMINISTRADOR) values (35,'Organizacion 35','123456','Direccion Organizacion 35',14);
Insert into TRELLO.TBL_ORGANIZACIONES (CODIGO_ORGANIZACION,NOMBRE_ORGANIZACION,TELEFONO,DIRECCION,CODIGO_ADMINISTRADOR) values (36,'Organizacion 36','123456','Direccion Organizacion 36',138);
Insert into TRELLO.TBL_ORGANIZACIONES (CODIGO_ORGANIZACION,NOMBRE_ORGANIZACION,TELEFONO,DIRECCION,CODIGO_ADMINISTRADOR) values (37,'Organizacion 37','123456','Direccion Organizacion 37',251);
Insert into TRELLO.TBL_ORGANIZACIONES (CODIGO_ORGANIZACION,NOMBRE_ORGANIZACION,TELEFONO,DIRECCION,CODIGO_ADMINISTRADOR) values (38,'Organizacion 38','123456','Direccion Organizacion 38',103);
Insert into TRELLO.TBL_ORGANIZACIONES (CODIGO_ORGANIZACION,NOMBRE_ORGANIZACION,TELEFONO,DIRECCION,CODIGO_ADMINISTRADOR) values (39,'Organizacion 39','123456','Direccion Organizacion 39',187);
Insert into TRELLO.TBL_ORGANIZACIONES (CODIGO_ORGANIZACION,NOMBRE_ORGANIZACION,TELEFONO,DIRECCION,CODIGO_ADMINISTRADOR) values (40,'Organizacion 40','123456','Direccion Organizacion 40',57);
Insert into TRELLO.TBL_ORGANIZACIONES (CODIGO_ORGANIZACION,NOMBRE_ORGANIZACION,TELEFONO,DIRECCION,CODIGO_ADMINISTRADOR) values (41,'Organizacion 41','123456','Direccion Organizacion 41',180);
Insert into TRELLO.TBL_ORGANIZACIONES (CODIGO_ORGANIZACION,NOMBRE_ORGANIZACION,TELEFONO,DIRECCION,CODIGO_ADMINISTRADOR) values (42,'Organizacion 42','123456','Direccion Organizacion 42',280);
Insert into TRELLO.TBL_ORGANIZACIONES (CODIGO_ORGANIZACION,NOMBRE_ORGANIZACION,TELEFONO,DIRECCION,CODIGO_ADMINISTRADOR) values (43,'Organizacion 43','123456','Direccion Organizacion 43',164);
Insert into TRELLO.TBL_ORGANIZACIONES (CODIGO_ORGANIZACION,NOMBRE_ORGANIZACION,TELEFONO,DIRECCION,CODIGO_ADMINISTRADOR) values (44,'Organizacion 44','123456','Direccion Organizacion 44',107);
Insert into TRELLO.TBL_ORGANIZACIONES (CODIGO_ORGANIZACION,NOMBRE_ORGANIZACION,TELEFONO,DIRECCION,CODIGO_ADMINISTRADOR) values (45,'Organizacion 45','123456','Direccion Organizacion 45',111);
Insert into TRELLO.TBL_ORGANIZACIONES (CODIGO_ORGANIZACION,NOMBRE_ORGANIZACION,TELEFONO,DIRECCION,CODIGO_ADMINISTRADOR) values (46,'Organizacion 46','123456','Direccion Organizacion 46',36);
Insert into TRELLO.TBL_ORGANIZACIONES (CODIGO_ORGANIZACION,NOMBRE_ORGANIZACION,TELEFONO,DIRECCION,CODIGO_ADMINISTRADOR) values (47,'Organizacion 47','123456','Direccion Organizacion 47',2);
Insert into TRELLO.TBL_ORGANIZACIONES (CODIGO_ORGANIZACION,NOMBRE_ORGANIZACION,TELEFONO,DIRECCION,CODIGO_ADMINISTRADOR) values (48,'Organizacion 48','123456','Direccion Organizacion 48',244);
Insert into TRELLO.TBL_ORGANIZACIONES (CODIGO_ORGANIZACION,NOMBRE_ORGANIZACION,TELEFONO,DIRECCION,CODIGO_ADMINISTRADOR) values (49,'Organizacion 49','123456','Direccion Organizacion 49',245);
Insert into TRELLO.TBL_ORGANIZACIONES (CODIGO_ORGANIZACION,NOMBRE_ORGANIZACION,TELEFONO,DIRECCION,CODIGO_ADMINISTRADOR) values (50,'Organizacion 50','123456','Direccion Organizacion 50',264);
Insert into TRELLO.TBL_ORGANIZACIONES (CODIGO_ORGANIZACION,NOMBRE_ORGANIZACION,TELEFONO,DIRECCION,CODIGO_ADMINISTRADOR) values (51,'Organizacion 51','123456','Direccion Organizacion 51',102);
REM INSERTING into TRELLO.TBL_PLANES
SET DEFINE OFF;
Insert into TRELLO.TBL_PLANES (CODIGO_PLAN,NOMBRE_PLAN,DESCRIPCION_PLAN,COSTO_PLAN,PERIODICIDAD) values (1,'Free','Free',0,'M');
Insert into TRELLO.TBL_PLANES (CODIGO_PLAN,NOMBRE_PLAN,DESCRIPCION_PLAN,COSTO_PLAN,PERIODICIDAD) values (2,'Economico','Economico',1000,'M');
Insert into TRELLO.TBL_PLANES (CODIGO_PLAN,NOMBRE_PLAN,DESCRIPCION_PLAN,COSTO_PLAN,PERIODICIDAD) values (3,'Deluxe','Deluxe',2000,'M');
Insert into TRELLO.TBL_PLANES (CODIGO_PLAN,NOMBRE_PLAN,DESCRIPCION_PLAN,COSTO_PLAN,PERIODICIDAD) values (4,'Platinum','Platinum',3000,'M');
Insert into TRELLO.TBL_PLANES (CODIGO_PLAN,NOMBRE_PLAN,DESCRIPCION_PLAN,COSTO_PLAN,PERIODICIDAD) values (5,'Gold','Gold',4000,'M');
REM INSERTING into TRELLO.TBL_REDES_SOCIALES
SET DEFINE OFF;
Insert into TRELLO.TBL_REDES_SOCIALES (CODIGO_RED_SOCIAL,NOMBRE_RED_SOCIAL) values (1,'Facebook');
Insert into TRELLO.TBL_REDES_SOCIALES (CODIGO_RED_SOCIAL,NOMBRE_RED_SOCIAL) values (2,'Google Plus');
Insert into TRELLO.TBL_REDES_SOCIALES (CODIGO_RED_SOCIAL,NOMBRE_RED_SOCIAL) values (3,'Twitter');
Insert into TRELLO.TBL_REDES_SOCIALES (CODIGO_RED_SOCIAL,NOMBRE_RED_SOCIAL) values (4,'Instagram');
REM INSERTING into TRELLO.TBL_SUSCRIPCIONES
SET DEFINE OFF;
Insert into TRELLO.TBL_SUSCRIPCIONES (CODIGO_USUARIO,CODIGO_LISTA,CODIGO_TABLERO,CODIGO_TARJETA,FECHA_SUSCRIPCION) values (172,14,null,null,to_date('22-JUN-15','DD-MON-RR'));
Insert into TRELLO.TBL_SUSCRIPCIONES (CODIGO_USUARIO,CODIGO_LISTA,CODIGO_TABLERO,CODIGO_TARJETA,FECHA_SUSCRIPCION) values (263,null,7,null,to_date('15-SEP-15','DD-MON-RR'));
Insert into TRELLO.TBL_SUSCRIPCIONES (CODIGO_USUARIO,CODIGO_LISTA,CODIGO_TABLERO,CODIGO_TARJETA,FECHA_SUSCRIPCION) values (245,null,null,1,to_date('01-JUN-15','DD-MON-RR'));
Insert into TRELLO.TBL_SUSCRIPCIONES (CODIGO_USUARIO,CODIGO_LISTA,CODIGO_TABLERO,CODIGO_TARJETA,FECHA_SUSCRIPCION) values (290,20,null,null,to_date('02-JUN-15','DD-MON-RR'));
Insert into TRELLO.TBL_SUSCRIPCIONES (CODIGO_USUARIO,CODIGO_LISTA,CODIGO_TABLERO,CODIGO_TARJETA,FECHA_SUSCRIPCION) values (263,null,37,null,to_date('29-OCT-15','DD-MON-RR'));
Insert into TRELLO.TBL_SUSCRIPCIONES (CODIGO_USUARIO,CODIGO_LISTA,CODIGO_TABLERO,CODIGO_TARJETA,FECHA_SUSCRIPCION) values (97,null,null,20,to_date('09-JUN-15','DD-MON-RR'));
Insert into TRELLO.TBL_SUSCRIPCIONES (CODIGO_USUARIO,CODIGO_LISTA,CODIGO_TABLERO,CODIGO_TARJETA,FECHA_SUSCRIPCION) values (102,50,null,null,to_date('01-JUL-15','DD-MON-RR'));
Insert into TRELLO.TBL_SUSCRIPCIONES (CODIGO_USUARIO,CODIGO_LISTA,CODIGO_TABLERO,CODIGO_TARJETA,FECHA_SUSCRIPCION) values (57,null,38,null,to_date('28-MAY-15','DD-MON-RR'));
Insert into TRELLO.TBL_SUSCRIPCIONES (CODIGO_USUARIO,CODIGO_LISTA,CODIGO_TABLERO,CODIGO_TARJETA,FECHA_SUSCRIPCION) values (24,null,null,18,to_date('05-AUG-15','DD-MON-RR'));
Insert into TRELLO.TBL_SUSCRIPCIONES (CODIGO_USUARIO,CODIGO_LISTA,CODIGO_TABLERO,CODIGO_TARJETA,FECHA_SUSCRIPCION) values (211,16,null,null,to_date('01-SEP-15','DD-MON-RR'));
Insert into TRELLO.TBL_SUSCRIPCIONES (CODIGO_USUARIO,CODIGO_LISTA,CODIGO_TABLERO,CODIGO_TARJETA,FECHA_SUSCRIPCION) values (215,null,22,null,to_date('26-AUG-15','DD-MON-RR'));
Insert into TRELLO.TBL_SUSCRIPCIONES (CODIGO_USUARIO,CODIGO_LISTA,CODIGO_TABLERO,CODIGO_TARJETA,FECHA_SUSCRIPCION) values (24,null,null,29,to_date('05-JUN-15','DD-MON-RR'));
Insert into TRELLO.TBL_SUSCRIPCIONES (CODIGO_USUARIO,CODIGO_LISTA,CODIGO_TABLERO,CODIGO_TARJETA,FECHA_SUSCRIPCION) values (77,48,null,null,to_date('03-JUN-15','DD-MON-RR'));
Insert into TRELLO.TBL_SUSCRIPCIONES (CODIGO_USUARIO,CODIGO_LISTA,CODIGO_TABLERO,CODIGO_TARJETA,FECHA_SUSCRIPCION) values (15,null,40,null,to_date('17-OCT-15','DD-MON-RR'));
Insert into TRELLO.TBL_SUSCRIPCIONES (CODIGO_USUARIO,CODIGO_LISTA,CODIGO_TABLERO,CODIGO_TARJETA,FECHA_SUSCRIPCION) values (15,null,null,25,to_date('13-AUG-15','DD-MON-RR'));
Insert into TRELLO.TBL_SUSCRIPCIONES (CODIGO_USUARIO,CODIGO_LISTA,CODIGO_TABLERO,CODIGO_TARJETA,FECHA_SUSCRIPCION) values (39,7,null,null,to_date('30-OCT-15','DD-MON-RR'));
Insert into TRELLO.TBL_SUSCRIPCIONES (CODIGO_USUARIO,CODIGO_LISTA,CODIGO_TABLERO,CODIGO_TARJETA,FECHA_SUSCRIPCION) values (54,null,1,null,to_date('12-MAY-15','DD-MON-RR'));
Insert into TRELLO.TBL_SUSCRIPCIONES (CODIGO_USUARIO,CODIGO_LISTA,CODIGO_TABLERO,CODIGO_TARJETA,FECHA_SUSCRIPCION) values (176,null,null,4,to_date('30-JUL-15','DD-MON-RR'));
Insert into TRELLO.TBL_SUSCRIPCIONES (CODIGO_USUARIO,CODIGO_LISTA,CODIGO_TABLERO,CODIGO_TARJETA,FECHA_SUSCRIPCION) values (145,33,null,null,to_date('14-JUL-15','DD-MON-RR'));
Insert into TRELLO.TBL_SUSCRIPCIONES (CODIGO_USUARIO,CODIGO_LISTA,CODIGO_TABLERO,CODIGO_TARJETA,FECHA_SUSCRIPCION) values (79,null,29,null,to_date('22-AUG-15','DD-MON-RR'));
Insert into TRELLO.TBL_SUSCRIPCIONES (CODIGO_USUARIO,CODIGO_LISTA,CODIGO_TABLERO,CODIGO_TARJETA,FECHA_SUSCRIPCION) values (209,null,null,27,to_date('20-AUG-15','DD-MON-RR'));
Insert into TRELLO.TBL_SUSCRIPCIONES (CODIGO_USUARIO,CODIGO_LISTA,CODIGO_TABLERO,CODIGO_TARJETA,FECHA_SUSCRIPCION) values (79,3,null,null,to_date('09-MAY-15','DD-MON-RR'));
Insert into TRELLO.TBL_SUSCRIPCIONES (CODIGO_USUARIO,CODIGO_LISTA,CODIGO_TABLERO,CODIGO_TARJETA,FECHA_SUSCRIPCION) values (204,null,9,null,to_date('05-JUL-15','DD-MON-RR'));
Insert into TRELLO.TBL_SUSCRIPCIONES (CODIGO_USUARIO,CODIGO_LISTA,CODIGO_TABLERO,CODIGO_TARJETA,FECHA_SUSCRIPCION) values (263,null,null,19,to_date('10-OCT-15','DD-MON-RR'));
Insert into TRELLO.TBL_SUSCRIPCIONES (CODIGO_USUARIO,CODIGO_LISTA,CODIGO_TABLERO,CODIGO_TARJETA,FECHA_SUSCRIPCION) values (288,20,null,null,to_date('14-AUG-15','DD-MON-RR'));
Insert into TRELLO.TBL_SUSCRIPCIONES (CODIGO_USUARIO,CODIGO_LISTA,CODIGO_TABLERO,CODIGO_TARJETA,FECHA_SUSCRIPCION) values (55,null,18,null,to_date('27-MAY-15','DD-MON-RR'));
Insert into TRELLO.TBL_SUSCRIPCIONES (CODIGO_USUARIO,CODIGO_LISTA,CODIGO_TABLERO,CODIGO_TARJETA,FECHA_SUSCRIPCION) values (287,null,null,13,to_date('04-SEP-15','DD-MON-RR'));
Insert into TRELLO.TBL_SUSCRIPCIONES (CODIGO_USUARIO,CODIGO_LISTA,CODIGO_TABLERO,CODIGO_TARJETA,FECHA_SUSCRIPCION) values (143,15,null,null,to_date('01-SEP-15','DD-MON-RR'));
Insert into TRELLO.TBL_SUSCRIPCIONES (CODIGO_USUARIO,CODIGO_LISTA,CODIGO_TABLERO,CODIGO_TARJETA,FECHA_SUSCRIPCION) values (281,null,10,null,to_date('29-OCT-15','DD-MON-RR'));
Insert into TRELLO.TBL_SUSCRIPCIONES (CODIGO_USUARIO,CODIGO_LISTA,CODIGO_TABLERO,CODIGO_TARJETA,FECHA_SUSCRIPCION) values (15,null,null,18,to_date('15-OCT-15','DD-MON-RR'));
Insert into TRELLO.TBL_SUSCRIPCIONES (CODIGO_USUARIO,CODIGO_LISTA,CODIGO_TABLERO,CODIGO_TARJETA,FECHA_SUSCRIPCION) values (79,48,null,null,to_date('12-AUG-15','DD-MON-RR'));
Insert into TRELLO.TBL_SUSCRIPCIONES (CODIGO_USUARIO,CODIGO_LISTA,CODIGO_TABLERO,CODIGO_TARJETA,FECHA_SUSCRIPCION) values (86,null,16,null,to_date('01-JUN-15','DD-MON-RR'));
Insert into TRELLO.TBL_SUSCRIPCIONES (CODIGO_USUARIO,CODIGO_LISTA,CODIGO_TABLERO,CODIGO_TARJETA,FECHA_SUSCRIPCION) values (24,null,null,37,to_date('11-JUL-15','DD-MON-RR'));
Insert into TRELLO.TBL_SUSCRIPCIONES (CODIGO_USUARIO,CODIGO_LISTA,CODIGO_TABLERO,CODIGO_TARJETA,FECHA_SUSCRIPCION) values (39,5,null,null,to_date('08-AUG-15','DD-MON-RR'));
Insert into TRELLO.TBL_SUSCRIPCIONES (CODIGO_USUARIO,CODIGO_LISTA,CODIGO_TABLERO,CODIGO_TARJETA,FECHA_SUSCRIPCION) values (79,null,7,null,to_date('29-AUG-15','DD-MON-RR'));
Insert into TRELLO.TBL_SUSCRIPCIONES (CODIGO_USUARIO,CODIGO_LISTA,CODIGO_TABLERO,CODIGO_TARJETA,FECHA_SUSCRIPCION) values (130,null,null,39,to_date('23-AUG-15','DD-MON-RR'));
Insert into TRELLO.TBL_SUSCRIPCIONES (CODIGO_USUARIO,CODIGO_LISTA,CODIGO_TABLERO,CODIGO_TARJETA,FECHA_SUSCRIPCION) values (130,22,null,null,to_date('22-MAY-15','DD-MON-RR'));
Insert into TRELLO.TBL_SUSCRIPCIONES (CODIGO_USUARIO,CODIGO_LISTA,CODIGO_TABLERO,CODIGO_TARJETA,FECHA_SUSCRIPCION) values (1,null,38,null,to_date('30-MAY-15','DD-MON-RR'));
Insert into TRELLO.TBL_SUSCRIPCIONES (CODIGO_USUARIO,CODIGO_LISTA,CODIGO_TABLERO,CODIGO_TARJETA,FECHA_SUSCRIPCION) values (244,null,null,32,to_date('26-JUN-15','DD-MON-RR'));
Insert into TRELLO.TBL_SUSCRIPCIONES (CODIGO_USUARIO,CODIGO_LISTA,CODIGO_TABLERO,CODIGO_TARJETA,FECHA_SUSCRIPCION) values (159,16,null,null,to_date('25-AUG-15','DD-MON-RR'));
Insert into TRELLO.TBL_SUSCRIPCIONES (CODIGO_USUARIO,CODIGO_LISTA,CODIGO_TABLERO,CODIGO_TARJETA,FECHA_SUSCRIPCION) values (39,null,48,null,to_date('24-OCT-15','DD-MON-RR'));
Insert into TRELLO.TBL_SUSCRIPCIONES (CODIGO_USUARIO,CODIGO_LISTA,CODIGO_TABLERO,CODIGO_TARJETA,FECHA_SUSCRIPCION) values (39,null,null,11,to_date('03-JUL-15','DD-MON-RR'));
Insert into TRELLO.TBL_SUSCRIPCIONES (CODIGO_USUARIO,CODIGO_LISTA,CODIGO_TABLERO,CODIGO_TARJETA,FECHA_SUSCRIPCION) values (11,4,null,null,to_date('23-OCT-15','DD-MON-RR'));
Insert into TRELLO.TBL_SUSCRIPCIONES (CODIGO_USUARIO,CODIGO_LISTA,CODIGO_TABLERO,CODIGO_TARJETA,FECHA_SUSCRIPCION) values (24,null,17,null,to_date('19-AUG-15','DD-MON-RR'));
Insert into TRELLO.TBL_SUSCRIPCIONES (CODIGO_USUARIO,CODIGO_LISTA,CODIGO_TABLERO,CODIGO_TARJETA,FECHA_SUSCRIPCION) values (115,null,null,11,to_date('30-AUG-15','DD-MON-RR'));
Insert into TRELLO.TBL_SUSCRIPCIONES (CODIGO_USUARIO,CODIGO_LISTA,CODIGO_TABLERO,CODIGO_TARJETA,FECHA_SUSCRIPCION) values (230,46,null,null,to_date('04-NOV-15','DD-MON-RR'));
Insert into TRELLO.TBL_SUSCRIPCIONES (CODIGO_USUARIO,CODIGO_LISTA,CODIGO_TABLERO,CODIGO_TARJETA,FECHA_SUSCRIPCION) values (244,null,19,null,to_date('14-JUL-15','DD-MON-RR'));
Insert into TRELLO.TBL_SUSCRIPCIONES (CODIGO_USUARIO,CODIGO_LISTA,CODIGO_TABLERO,CODIGO_TARJETA,FECHA_SUSCRIPCION) values (290,null,null,3,to_date('26-OCT-15','DD-MON-RR'));
Insert into TRELLO.TBL_SUSCRIPCIONES (CODIGO_USUARIO,CODIGO_LISTA,CODIGO_TABLERO,CODIGO_TARJETA,FECHA_SUSCRIPCION) values (6,4,null,null,to_date('24-JUL-15','DD-MON-RR'));
Insert into TRELLO.TBL_SUSCRIPCIONES (CODIGO_USUARIO,CODIGO_LISTA,CODIGO_TABLERO,CODIGO_TARJETA,FECHA_SUSCRIPCION) values (64,null,41,null,to_date('13-JUL-15','DD-MON-RR'));
Insert into TRELLO.TBL_SUSCRIPCIONES (CODIGO_USUARIO,CODIGO_LISTA,CODIGO_TABLERO,CODIGO_TARJETA,FECHA_SUSCRIPCION) values (79,null,null,13,to_date('07-JUL-15','DD-MON-RR'));
Insert into TRELLO.TBL_SUSCRIPCIONES (CODIGO_USUARIO,CODIGO_LISTA,CODIGO_TABLERO,CODIGO_TARJETA,FECHA_SUSCRIPCION) values (228,17,null,null,to_date('17-SEP-15','DD-MON-RR'));
Insert into TRELLO.TBL_SUSCRIPCIONES (CODIGO_USUARIO,CODIGO_LISTA,CODIGO_TABLERO,CODIGO_TARJETA,FECHA_SUSCRIPCION) values (59,null,15,null,to_date('04-OCT-15','DD-MON-RR'));
Insert into TRELLO.TBL_SUSCRIPCIONES (CODIGO_USUARIO,CODIGO_LISTA,CODIGO_TABLERO,CODIGO_TARJETA,FECHA_SUSCRIPCION) values (154,null,null,28,to_date('25-OCT-15','DD-MON-RR'));
Insert into TRELLO.TBL_SUSCRIPCIONES (CODIGO_USUARIO,CODIGO_LISTA,CODIGO_TABLERO,CODIGO_TARJETA,FECHA_SUSCRIPCION) values (263,41,null,null,to_date('11-JUL-15','DD-MON-RR'));
Insert into TRELLO.TBL_SUSCRIPCIONES (CODIGO_USUARIO,CODIGO_LISTA,CODIGO_TABLERO,CODIGO_TARJETA,FECHA_SUSCRIPCION) values (91,null,39,null,to_date('11-JUL-15','DD-MON-RR'));
Insert into TRELLO.TBL_SUSCRIPCIONES (CODIGO_USUARIO,CODIGO_LISTA,CODIGO_TABLERO,CODIGO_TARJETA,FECHA_SUSCRIPCION) values (263,null,null,32,to_date('04-MAY-15','DD-MON-RR'));
Insert into TRELLO.TBL_SUSCRIPCIONES (CODIGO_USUARIO,CODIGO_LISTA,CODIGO_TABLERO,CODIGO_TARJETA,FECHA_SUSCRIPCION) values (108,27,null,null,to_date('03-SEP-15','DD-MON-RR'));
Insert into TRELLO.TBL_SUSCRIPCIONES (CODIGO_USUARIO,CODIGO_LISTA,CODIGO_TABLERO,CODIGO_TARJETA,FECHA_SUSCRIPCION) values (156,null,8,null,to_date('11-NOV-15','DD-MON-RR'));
Insert into TRELLO.TBL_SUSCRIPCIONES (CODIGO_USUARIO,CODIGO_LISTA,CODIGO_TABLERO,CODIGO_TARJETA,FECHA_SUSCRIPCION) values (208,null,null,19,to_date('09-NOV-15','DD-MON-RR'));
Insert into TRELLO.TBL_SUSCRIPCIONES (CODIGO_USUARIO,CODIGO_LISTA,CODIGO_TABLERO,CODIGO_TARJETA,FECHA_SUSCRIPCION) values (99,16,null,null,to_date('14-SEP-15','DD-MON-RR'));
Insert into TRELLO.TBL_SUSCRIPCIONES (CODIGO_USUARIO,CODIGO_LISTA,CODIGO_TABLERO,CODIGO_TARJETA,FECHA_SUSCRIPCION) values (236,null,44,null,to_date('08-JUL-15','DD-MON-RR'));
Insert into TRELLO.TBL_SUSCRIPCIONES (CODIGO_USUARIO,CODIGO_LISTA,CODIGO_TABLERO,CODIGO_TARJETA,FECHA_SUSCRIPCION) values (225,null,null,29,to_date('07-AUG-15','DD-MON-RR'));
REM INSERTING into TRELLO.TBL_TABLERO
SET DEFINE OFF;
Insert into TRELLO.TBL_TABLERO (CODIGO_TABLERO,CODIGO_USUARIO_CREA,NOMBRE_TABLERO,DESCRIPCION,TIPO_ACCESO,FECHA_CREACION,CODIGO_ORGANIZACION) values (1,1,'Tablero 1','Descripcion tablero 1',1,to_date('12-NOV-15','DD-MON-RR'),1);
Insert into TRELLO.TBL_TABLERO (CODIGO_TABLERO,CODIGO_USUARIO_CREA,NOMBRE_TABLERO,DESCRIPCION,TIPO_ACCESO,FECHA_CREACION,CODIGO_ORGANIZACION) values (2,276,'Tablero 2','Descripcion tablero 2',2,to_date('24-AUG-15','DD-MON-RR'),7);
Insert into TRELLO.TBL_TABLERO (CODIGO_TABLERO,CODIGO_USUARIO_CREA,NOMBRE_TABLERO,DESCRIPCION,TIPO_ACCESO,FECHA_CREACION,CODIGO_ORGANIZACION) values (3,153,'Tablero 3','Descripcion tablero 3',2,to_date('09-SEP-15','DD-MON-RR'),41);
Insert into TRELLO.TBL_TABLERO (CODIGO_TABLERO,CODIGO_USUARIO_CREA,NOMBRE_TABLERO,DESCRIPCION,TIPO_ACCESO,FECHA_CREACION,CODIGO_ORGANIZACION) values (4,238,'Tablero 4','Descripcion tablero 4',2,to_date('09-AUG-15','DD-MON-RR'),4);
Insert into TRELLO.TBL_TABLERO (CODIGO_TABLERO,CODIGO_USUARIO_CREA,NOMBRE_TABLERO,DESCRIPCION,TIPO_ACCESO,FECHA_CREACION,CODIGO_ORGANIZACION) values (5,219,'Tablero 5','Descripcion tablero 5',2,to_date('09-MAY-15','DD-MON-RR'),6);
Insert into TRELLO.TBL_TABLERO (CODIGO_TABLERO,CODIGO_USUARIO_CREA,NOMBRE_TABLERO,DESCRIPCION,TIPO_ACCESO,FECHA_CREACION,CODIGO_ORGANIZACION) values (6,269,'Tablero 6','Descripcion tablero 6',2,to_date('28-JUL-15','DD-MON-RR'),19);
Insert into TRELLO.TBL_TABLERO (CODIGO_TABLERO,CODIGO_USUARIO_CREA,NOMBRE_TABLERO,DESCRIPCION,TIPO_ACCESO,FECHA_CREACION,CODIGO_ORGANIZACION) values (7,201,'Tablero 7','Descripcion tablero 7',2,to_date('04-JUL-15','DD-MON-RR'),2);
Insert into TRELLO.TBL_TABLERO (CODIGO_TABLERO,CODIGO_USUARIO_CREA,NOMBRE_TABLERO,DESCRIPCION,TIPO_ACCESO,FECHA_CREACION,CODIGO_ORGANIZACION) values (8,87,'Tablero 8','Descripcion tablero 8',2,to_date('24-AUG-15','DD-MON-RR'),24);
Insert into TRELLO.TBL_TABLERO (CODIGO_TABLERO,CODIGO_USUARIO_CREA,NOMBRE_TABLERO,DESCRIPCION,TIPO_ACCESO,FECHA_CREACION,CODIGO_ORGANIZACION) values (9,298,'Tablero 9','Descripcion tablero 9',2,to_date('22-MAY-15','DD-MON-RR'),43);
Insert into TRELLO.TBL_TABLERO (CODIGO_TABLERO,CODIGO_USUARIO_CREA,NOMBRE_TABLERO,DESCRIPCION,TIPO_ACCESO,FECHA_CREACION,CODIGO_ORGANIZACION) values (10,32,'Tablero 10','Descripcion tablero 10',2,to_date('11-NOV-15','DD-MON-RR'),41);
Insert into TRELLO.TBL_TABLERO (CODIGO_TABLERO,CODIGO_USUARIO_CREA,NOMBRE_TABLERO,DESCRIPCION,TIPO_ACCESO,FECHA_CREACION,CODIGO_ORGANIZACION) values (11,114,'Tablero 11','Descripcion tablero 11',2,to_date('29-AUG-15','DD-MON-RR'),10);
Insert into TRELLO.TBL_TABLERO (CODIGO_TABLERO,CODIGO_USUARIO_CREA,NOMBRE_TABLERO,DESCRIPCION,TIPO_ACCESO,FECHA_CREACION,CODIGO_ORGANIZACION) values (12,82,'Tablero 12','Descripcion tablero 12',2,to_date('30-MAY-15','DD-MON-RR'),42);
Insert into TRELLO.TBL_TABLERO (CODIGO_TABLERO,CODIGO_USUARIO_CREA,NOMBRE_TABLERO,DESCRIPCION,TIPO_ACCESO,FECHA_CREACION,CODIGO_ORGANIZACION) values (13,237,'Tablero 13','Descripcion tablero 13',2,to_date('11-NOV-15','DD-MON-RR'),7);
Insert into TRELLO.TBL_TABLERO (CODIGO_TABLERO,CODIGO_USUARIO_CREA,NOMBRE_TABLERO,DESCRIPCION,TIPO_ACCESO,FECHA_CREACION,CODIGO_ORGANIZACION) values (14,50,'Tablero 14','Descripcion tablero 14',2,to_date('08-AUG-15','DD-MON-RR'),27);
Insert into TRELLO.TBL_TABLERO (CODIGO_TABLERO,CODIGO_USUARIO_CREA,NOMBRE_TABLERO,DESCRIPCION,TIPO_ACCESO,FECHA_CREACION,CODIGO_ORGANIZACION) values (15,158,'Tablero 15','Descripcion tablero 15',2,to_date('27-JUL-15','DD-MON-RR'),16);
Insert into TRELLO.TBL_TABLERO (CODIGO_TABLERO,CODIGO_USUARIO_CREA,NOMBRE_TABLERO,DESCRIPCION,TIPO_ACCESO,FECHA_CREACION,CODIGO_ORGANIZACION) values (16,221,'Tablero 16','Descripcion tablero 16',2,to_date('28-OCT-15','DD-MON-RR'),8);
Insert into TRELLO.TBL_TABLERO (CODIGO_TABLERO,CODIGO_USUARIO_CREA,NOMBRE_TABLERO,DESCRIPCION,TIPO_ACCESO,FECHA_CREACION,CODIGO_ORGANIZACION) values (17,88,'Tablero 17','Descripcion tablero 17',2,to_date('03-OCT-15','DD-MON-RR'),2);
Insert into TRELLO.TBL_TABLERO (CODIGO_TABLERO,CODIGO_USUARIO_CREA,NOMBRE_TABLERO,DESCRIPCION,TIPO_ACCESO,FECHA_CREACION,CODIGO_ORGANIZACION) values (18,123,'Tablero 18','Descripcion tablero 18',2,to_date('26-AUG-15','DD-MON-RR'),22);
Insert into TRELLO.TBL_TABLERO (CODIGO_TABLERO,CODIGO_USUARIO_CREA,NOMBRE_TABLERO,DESCRIPCION,TIPO_ACCESO,FECHA_CREACION,CODIGO_ORGANIZACION) values (19,86,'Tablero 19','Descripcion tablero 19',2,to_date('09-JUN-15','DD-MON-RR'),40);
Insert into TRELLO.TBL_TABLERO (CODIGO_TABLERO,CODIGO_USUARIO_CREA,NOMBRE_TABLERO,DESCRIPCION,TIPO_ACCESO,FECHA_CREACION,CODIGO_ORGANIZACION) values (20,55,'Tablero 20','Descripcion tablero 20',2,to_date('09-NOV-15','DD-MON-RR'),22);
Insert into TRELLO.TBL_TABLERO (CODIGO_TABLERO,CODIGO_USUARIO_CREA,NOMBRE_TABLERO,DESCRIPCION,TIPO_ACCESO,FECHA_CREACION,CODIGO_ORGANIZACION) values (21,286,'Tablero 21','Descripcion tablero 21',2,to_date('25-MAY-15','DD-MON-RR'),37);
Insert into TRELLO.TBL_TABLERO (CODIGO_TABLERO,CODIGO_USUARIO_CREA,NOMBRE_TABLERO,DESCRIPCION,TIPO_ACCESO,FECHA_CREACION,CODIGO_ORGANIZACION) values (22,1,'Tablero 22','Descripcion tablero 22',2,to_date('01-NOV-15','DD-MON-RR'),18);
Insert into TRELLO.TBL_TABLERO (CODIGO_TABLERO,CODIGO_USUARIO_CREA,NOMBRE_TABLERO,DESCRIPCION,TIPO_ACCESO,FECHA_CREACION,CODIGO_ORGANIZACION) values (23,267,'Tablero 23','Descripcion tablero 23',2,to_date('05-AUG-15','DD-MON-RR'),49);
Insert into TRELLO.TBL_TABLERO (CODIGO_TABLERO,CODIGO_USUARIO_CREA,NOMBRE_TABLERO,DESCRIPCION,TIPO_ACCESO,FECHA_CREACION,CODIGO_ORGANIZACION) values (24,71,'Tablero 24','Descripcion tablero 24',2,to_date('02-NOV-15','DD-MON-RR'),3);
Insert into TRELLO.TBL_TABLERO (CODIGO_TABLERO,CODIGO_USUARIO_CREA,NOMBRE_TABLERO,DESCRIPCION,TIPO_ACCESO,FECHA_CREACION,CODIGO_ORGANIZACION) values (25,270,'Tablero 25','Descripcion tablero 25',2,to_date('07-OCT-15','DD-MON-RR'),12);
Insert into TRELLO.TBL_TABLERO (CODIGO_TABLERO,CODIGO_USUARIO_CREA,NOMBRE_TABLERO,DESCRIPCION,TIPO_ACCESO,FECHA_CREACION,CODIGO_ORGANIZACION) values (26,105,'Tablero 26','Descripcion tablero 26',2,to_date('09-NOV-15','DD-MON-RR'),25);
Insert into TRELLO.TBL_TABLERO (CODIGO_TABLERO,CODIGO_USUARIO_CREA,NOMBRE_TABLERO,DESCRIPCION,TIPO_ACCESO,FECHA_CREACION,CODIGO_ORGANIZACION) values (27,188,'Tablero 27','Descripcion tablero 27',2,to_date('20-SEP-15','DD-MON-RR'),6);
Insert into TRELLO.TBL_TABLERO (CODIGO_TABLERO,CODIGO_USUARIO_CREA,NOMBRE_TABLERO,DESCRIPCION,TIPO_ACCESO,FECHA_CREACION,CODIGO_ORGANIZACION) values (28,264,'Tablero 28','Descripcion tablero 28',2,to_date('05-AUG-15','DD-MON-RR'),22);
Insert into TRELLO.TBL_TABLERO (CODIGO_TABLERO,CODIGO_USUARIO_CREA,NOMBRE_TABLERO,DESCRIPCION,TIPO_ACCESO,FECHA_CREACION,CODIGO_ORGANIZACION) values (29,72,'Tablero 29','Descripcion tablero 29',2,to_date('07-JUL-15','DD-MON-RR'),10);
Insert into TRELLO.TBL_TABLERO (CODIGO_TABLERO,CODIGO_USUARIO_CREA,NOMBRE_TABLERO,DESCRIPCION,TIPO_ACCESO,FECHA_CREACION,CODIGO_ORGANIZACION) values (30,295,'Tablero 30','Descripcion tablero 30',2,to_date('17-AUG-15','DD-MON-RR'),45);
Insert into TRELLO.TBL_TABLERO (CODIGO_TABLERO,CODIGO_USUARIO_CREA,NOMBRE_TABLERO,DESCRIPCION,TIPO_ACCESO,FECHA_CREACION,CODIGO_ORGANIZACION) values (31,76,'Tablero 31','Descripcion tablero 31',2,to_date('23-JUN-15','DD-MON-RR'),45);
Insert into TRELLO.TBL_TABLERO (CODIGO_TABLERO,CODIGO_USUARIO_CREA,NOMBRE_TABLERO,DESCRIPCION,TIPO_ACCESO,FECHA_CREACION,CODIGO_ORGANIZACION) values (32,255,'Tablero 32','Descripcion tablero 32',2,to_date('12-OCT-15','DD-MON-RR'),29);
Insert into TRELLO.TBL_TABLERO (CODIGO_TABLERO,CODIGO_USUARIO_CREA,NOMBRE_TABLERO,DESCRIPCION,TIPO_ACCESO,FECHA_CREACION,CODIGO_ORGANIZACION) values (33,268,'Tablero 33','Descripcion tablero 33',2,to_date('25-AUG-15','DD-MON-RR'),4);
Insert into TRELLO.TBL_TABLERO (CODIGO_TABLERO,CODIGO_USUARIO_CREA,NOMBRE_TABLERO,DESCRIPCION,TIPO_ACCESO,FECHA_CREACION,CODIGO_ORGANIZACION) values (34,87,'Tablero 34','Descripcion tablero 34',2,to_date('08-MAY-15','DD-MON-RR'),8);
Insert into TRELLO.TBL_TABLERO (CODIGO_TABLERO,CODIGO_USUARIO_CREA,NOMBRE_TABLERO,DESCRIPCION,TIPO_ACCESO,FECHA_CREACION,CODIGO_ORGANIZACION) values (35,63,'Tablero 35','Descripcion tablero 35',2,to_date('08-OCT-15','DD-MON-RR'),21);
Insert into TRELLO.TBL_TABLERO (CODIGO_TABLERO,CODIGO_USUARIO_CREA,NOMBRE_TABLERO,DESCRIPCION,TIPO_ACCESO,FECHA_CREACION,CODIGO_ORGANIZACION) values (36,82,'Tablero 36','Descripcion tablero 36',2,to_date('19-JUN-15','DD-MON-RR'),22);
Insert into TRELLO.TBL_TABLERO (CODIGO_TABLERO,CODIGO_USUARIO_CREA,NOMBRE_TABLERO,DESCRIPCION,TIPO_ACCESO,FECHA_CREACION,CODIGO_ORGANIZACION) values (37,277,'Tablero 37','Descripcion tablero 37',2,to_date('20-MAY-15','DD-MON-RR'),5);
Insert into TRELLO.TBL_TABLERO (CODIGO_TABLERO,CODIGO_USUARIO_CREA,NOMBRE_TABLERO,DESCRIPCION,TIPO_ACCESO,FECHA_CREACION,CODIGO_ORGANIZACION) values (38,269,'Tablero 38','Descripcion tablero 38',2,to_date('02-NOV-15','DD-MON-RR'),27);
Insert into TRELLO.TBL_TABLERO (CODIGO_TABLERO,CODIGO_USUARIO_CREA,NOMBRE_TABLERO,DESCRIPCION,TIPO_ACCESO,FECHA_CREACION,CODIGO_ORGANIZACION) values (39,256,'Tablero 39','Descripcion tablero 39',2,to_date('07-OCT-15','DD-MON-RR'),28);
Insert into TRELLO.TBL_TABLERO (CODIGO_TABLERO,CODIGO_USUARIO_CREA,NOMBRE_TABLERO,DESCRIPCION,TIPO_ACCESO,FECHA_CREACION,CODIGO_ORGANIZACION) values (40,278,'Tablero 40','Descripcion tablero 40',2,to_date('06-MAY-15','DD-MON-RR'),26);
Insert into TRELLO.TBL_TABLERO (CODIGO_TABLERO,CODIGO_USUARIO_CREA,NOMBRE_TABLERO,DESCRIPCION,TIPO_ACCESO,FECHA_CREACION,CODIGO_ORGANIZACION) values (41,71,'Tablero 41','Descripcion tablero 41',2,to_date('18-OCT-15','DD-MON-RR'),13);
Insert into TRELLO.TBL_TABLERO (CODIGO_TABLERO,CODIGO_USUARIO_CREA,NOMBRE_TABLERO,DESCRIPCION,TIPO_ACCESO,FECHA_CREACION,CODIGO_ORGANIZACION) values (42,263,'Tablero 42','Descripcion tablero 42',2,to_date('28-OCT-15','DD-MON-RR'),12);
Insert into TRELLO.TBL_TABLERO (CODIGO_TABLERO,CODIGO_USUARIO_CREA,NOMBRE_TABLERO,DESCRIPCION,TIPO_ACCESO,FECHA_CREACION,CODIGO_ORGANIZACION) values (43,187,'Tablero 43','Descripcion tablero 43',2,to_date('13-JUN-15','DD-MON-RR'),31);
Insert into TRELLO.TBL_TABLERO (CODIGO_TABLERO,CODIGO_USUARIO_CREA,NOMBRE_TABLERO,DESCRIPCION,TIPO_ACCESO,FECHA_CREACION,CODIGO_ORGANIZACION) values (44,95,'Tablero 44','Descripcion tablero 44',2,to_date('12-JUL-15','DD-MON-RR'),50);
Insert into TRELLO.TBL_TABLERO (CODIGO_TABLERO,CODIGO_USUARIO_CREA,NOMBRE_TABLERO,DESCRIPCION,TIPO_ACCESO,FECHA_CREACION,CODIGO_ORGANIZACION) values (45,193,'Tablero 45','Descripcion tablero 45',2,to_date('04-JUN-15','DD-MON-RR'),24);
Insert into TRELLO.TBL_TABLERO (CODIGO_TABLERO,CODIGO_USUARIO_CREA,NOMBRE_TABLERO,DESCRIPCION,TIPO_ACCESO,FECHA_CREACION,CODIGO_ORGANIZACION) values (46,157,'Tablero 46','Descripcion tablero 46',2,to_date('15-OCT-15','DD-MON-RR'),14);
Insert into TRELLO.TBL_TABLERO (CODIGO_TABLERO,CODIGO_USUARIO_CREA,NOMBRE_TABLERO,DESCRIPCION,TIPO_ACCESO,FECHA_CREACION,CODIGO_ORGANIZACION) values (47,257,'Tablero 47','Descripcion tablero 47',2,to_date('13-OCT-15','DD-MON-RR'),29);
Insert into TRELLO.TBL_TABLERO (CODIGO_TABLERO,CODIGO_USUARIO_CREA,NOMBRE_TABLERO,DESCRIPCION,TIPO_ACCESO,FECHA_CREACION,CODIGO_ORGANIZACION) values (48,87,'Tablero 48','Descripcion tablero 48',2,to_date('27-MAY-15','DD-MON-RR'),26);
Insert into TRELLO.TBL_TABLERO (CODIGO_TABLERO,CODIGO_USUARIO_CREA,NOMBRE_TABLERO,DESCRIPCION,TIPO_ACCESO,FECHA_CREACION,CODIGO_ORGANIZACION) values (49,128,'Tablero 49','Descripcion tablero 49',2,to_date('25-OCT-15','DD-MON-RR'),47);
Insert into TRELLO.TBL_TABLERO (CODIGO_TABLERO,CODIGO_USUARIO_CREA,NOMBRE_TABLERO,DESCRIPCION,TIPO_ACCESO,FECHA_CREACION,CODIGO_ORGANIZACION) values (50,135,'Tablero 50','Descripcion tablero 50',2,to_date('16-JUN-15','DD-MON-RR'),8);
Insert into TRELLO.TBL_TABLERO (CODIGO_TABLERO,CODIGO_USUARIO_CREA,NOMBRE_TABLERO,DESCRIPCION,TIPO_ACCESO,FECHA_CREACION,CODIGO_ORGANIZACION) values (51,25,'Tablero 51','Descripcion tablero 51',2,to_date('20-OCT-15','DD-MON-RR'),28);
REM INSERTING into TRELLO.TBL_TARJETAS
SET DEFINE OFF;
Insert into TRELLO.TBL_TARJETAS (CODIGO_TARJETA,TITULO_TARJETA,DESCRIPCION,FECHA_CREACION,FECHA_LIMITE,CODIGO_LISTA,CODIGO_USUARIO) values (1,'Tarjeta 1','Descripcion tarjeta 1',to_date('12-NOV-15','DD-MON-RR'),to_date('03-SEP-15','DD-MON-RR'),40,237);
Insert into TRELLO.TBL_TARJETAS (CODIGO_TARJETA,TITULO_TARJETA,DESCRIPCION,FECHA_CREACION,FECHA_LIMITE,CODIGO_LISTA,CODIGO_USUARIO) values (2,'Tarjeta 2','Descripcion tarjeta 2',to_date('07-AUG-15','DD-MON-RR'),to_date('16-NOV-15','DD-MON-RR'),47,226);
Insert into TRELLO.TBL_TARJETAS (CODIGO_TARJETA,TITULO_TARJETA,DESCRIPCION,FECHA_CREACION,FECHA_LIMITE,CODIGO_LISTA,CODIGO_USUARIO) values (3,'Tarjeta 3','Descripcion tarjeta 3',to_date('02-AUG-15','DD-MON-RR'),to_date('05-FEB-16','DD-MON-RR'),9,70);
Insert into TRELLO.TBL_TARJETAS (CODIGO_TARJETA,TITULO_TARJETA,DESCRIPCION,FECHA_CREACION,FECHA_LIMITE,CODIGO_LISTA,CODIGO_USUARIO) values (4,'Tarjeta 4','Descripcion tarjeta 4',to_date('06-OCT-15','DD-MON-RR'),to_date('16-NOV-15','DD-MON-RR'),30,123);
Insert into TRELLO.TBL_TARJETAS (CODIGO_TARJETA,TITULO_TARJETA,DESCRIPCION,FECHA_CREACION,FECHA_LIMITE,CODIGO_LISTA,CODIGO_USUARIO) values (5,'Tarjeta 5','Descripcion tarjeta 5',to_date('12-NOV-15','DD-MON-RR'),to_date('17-FEB-16','DD-MON-RR'),49,144);
Insert into TRELLO.TBL_TARJETAS (CODIGO_TARJETA,TITULO_TARJETA,DESCRIPCION,FECHA_CREACION,FECHA_LIMITE,CODIGO_LISTA,CODIGO_USUARIO) values (6,'Tarjeta 6','Descripcion tarjeta 6',to_date('05-MAY-15','DD-MON-RR'),to_date('26-AUG-15','DD-MON-RR'),23,18);
Insert into TRELLO.TBL_TARJETAS (CODIGO_TARJETA,TITULO_TARJETA,DESCRIPCION,FECHA_CREACION,FECHA_LIMITE,CODIGO_LISTA,CODIGO_USUARIO) values (7,'Tarjeta 7','Descripcion tarjeta 7',to_date('15-OCT-15','DD-MON-RR'),to_date('10-JAN-16','DD-MON-RR'),46,14);
Insert into TRELLO.TBL_TARJETAS (CODIGO_TARJETA,TITULO_TARJETA,DESCRIPCION,FECHA_CREACION,FECHA_LIMITE,CODIGO_LISTA,CODIGO_USUARIO) values (8,'Tarjeta 8','Descripcion tarjeta 8',to_date('16-AUG-15','DD-MON-RR'),to_date('05-FEB-16','DD-MON-RR'),43,118);
Insert into TRELLO.TBL_TARJETAS (CODIGO_TARJETA,TITULO_TARJETA,DESCRIPCION,FECHA_CREACION,FECHA_LIMITE,CODIGO_LISTA,CODIGO_USUARIO) values (9,'Tarjeta 9','Descripcion tarjeta 9',to_date('06-JUN-15','DD-MON-RR'),to_date('29-DEC-15','DD-MON-RR'),48,46);
Insert into TRELLO.TBL_TARJETAS (CODIGO_TARJETA,TITULO_TARJETA,DESCRIPCION,FECHA_CREACION,FECHA_LIMITE,CODIGO_LISTA,CODIGO_USUARIO) values (10,'Tarjeta 10','Descripcion tarjeta 10',to_date('18-SEP-15','DD-MON-RR'),to_date('21-FEB-16','DD-MON-RR'),39,59);
Insert into TRELLO.TBL_TARJETAS (CODIGO_TARJETA,TITULO_TARJETA,DESCRIPCION,FECHA_CREACION,FECHA_LIMITE,CODIGO_LISTA,CODIGO_USUARIO) values (11,'Tarjeta 11','Descripcion tarjeta 11',to_date('08-SEP-15','DD-MON-RR'),to_date('29-DEC-15','DD-MON-RR'),49,259);
Insert into TRELLO.TBL_TARJETAS (CODIGO_TARJETA,TITULO_TARJETA,DESCRIPCION,FECHA_CREACION,FECHA_LIMITE,CODIGO_LISTA,CODIGO_USUARIO) values (12,'Tarjeta 12','Descripcion tarjeta 12',to_date('16-JUN-15','DD-MON-RR'),to_date('10-OCT-15','DD-MON-RR'),37,257);
Insert into TRELLO.TBL_TARJETAS (CODIGO_TARJETA,TITULO_TARJETA,DESCRIPCION,FECHA_CREACION,FECHA_LIMITE,CODIGO_LISTA,CODIGO_USUARIO) values (13,'Tarjeta 13','Descripcion tarjeta 13',to_date('27-SEP-15','DD-MON-RR'),to_date('25-DEC-15','DD-MON-RR'),37,239);
Insert into TRELLO.TBL_TARJETAS (CODIGO_TARJETA,TITULO_TARJETA,DESCRIPCION,FECHA_CREACION,FECHA_LIMITE,CODIGO_LISTA,CODIGO_USUARIO) values (14,'Tarjeta 14','Descripcion tarjeta 14',to_date('05-SEP-15','DD-MON-RR'),to_date('13-AUG-15','DD-MON-RR'),3,49);
Insert into TRELLO.TBL_TARJETAS (CODIGO_TARJETA,TITULO_TARJETA,DESCRIPCION,FECHA_CREACION,FECHA_LIMITE,CODIGO_LISTA,CODIGO_USUARIO) values (15,'Tarjeta 15','Descripcion tarjeta 15',to_date('25-MAY-15','DD-MON-RR'),to_date('25-DEC-15','DD-MON-RR'),43,291);
Insert into TRELLO.TBL_TARJETAS (CODIGO_TARJETA,TITULO_TARJETA,DESCRIPCION,FECHA_CREACION,FECHA_LIMITE,CODIGO_LISTA,CODIGO_USUARIO) values (16,'Tarjeta 16','Descripcion tarjeta 16',to_date('31-AUG-15','DD-MON-RR'),to_date('09-JAN-16','DD-MON-RR'),8,107);
Insert into TRELLO.TBL_TARJETAS (CODIGO_TARJETA,TITULO_TARJETA,DESCRIPCION,FECHA_CREACION,FECHA_LIMITE,CODIGO_LISTA,CODIGO_USUARIO) values (17,'Tarjeta 17','Descripcion tarjeta 17',to_date('20-JUL-15','DD-MON-RR'),to_date('02-SEP-15','DD-MON-RR'),20,147);
Insert into TRELLO.TBL_TARJETAS (CODIGO_TARJETA,TITULO_TARJETA,DESCRIPCION,FECHA_CREACION,FECHA_LIMITE,CODIGO_LISTA,CODIGO_USUARIO) values (18,'Tarjeta 18','Descripcion tarjeta 18',to_date('16-AUG-15','DD-MON-RR'),to_date('17-OCT-15','DD-MON-RR'),31,106);
Insert into TRELLO.TBL_TARJETAS (CODIGO_TARJETA,TITULO_TARJETA,DESCRIPCION,FECHA_CREACION,FECHA_LIMITE,CODIGO_LISTA,CODIGO_USUARIO) values (19,'Tarjeta 19','Descripcion tarjeta 19',to_date('09-JUL-15','DD-MON-RR'),to_date('11-FEB-16','DD-MON-RR'),18,229);
Insert into TRELLO.TBL_TARJETAS (CODIGO_TARJETA,TITULO_TARJETA,DESCRIPCION,FECHA_CREACION,FECHA_LIMITE,CODIGO_LISTA,CODIGO_USUARIO) values (20,'Tarjeta 20','Descripcion tarjeta 20',to_date('01-SEP-15','DD-MON-RR'),to_date('13-SEP-15','DD-MON-RR'),47,120);
Insert into TRELLO.TBL_TARJETAS (CODIGO_TARJETA,TITULO_TARJETA,DESCRIPCION,FECHA_CREACION,FECHA_LIMITE,CODIGO_LISTA,CODIGO_USUARIO) values (21,'Tarjeta 21','Descripcion tarjeta 21',to_date('18-AUG-15','DD-MON-RR'),to_date('10-DEC-15','DD-MON-RR'),43,245);
Insert into TRELLO.TBL_TARJETAS (CODIGO_TARJETA,TITULO_TARJETA,DESCRIPCION,FECHA_CREACION,FECHA_LIMITE,CODIGO_LISTA,CODIGO_USUARIO) values (22,'Tarjeta 22','Descripcion tarjeta 22',to_date('21-MAY-15','DD-MON-RR'),to_date('03-FEB-16','DD-MON-RR'),28,212);
Insert into TRELLO.TBL_TARJETAS (CODIGO_TARJETA,TITULO_TARJETA,DESCRIPCION,FECHA_CREACION,FECHA_LIMITE,CODIGO_LISTA,CODIGO_USUARIO) values (23,'Tarjeta 23','Descripcion tarjeta 23',to_date('30-AUG-15','DD-MON-RR'),to_date('13-JAN-16','DD-MON-RR'),7,203);
Insert into TRELLO.TBL_TARJETAS (CODIGO_TARJETA,TITULO_TARJETA,DESCRIPCION,FECHA_CREACION,FECHA_LIMITE,CODIGO_LISTA,CODIGO_USUARIO) values (24,'Tarjeta 24','Descripcion tarjeta 24',to_date('24-JUN-15','DD-MON-RR'),to_date('07-FEB-16','DD-MON-RR'),28,282);
Insert into TRELLO.TBL_TARJETAS (CODIGO_TARJETA,TITULO_TARJETA,DESCRIPCION,FECHA_CREACION,FECHA_LIMITE,CODIGO_LISTA,CODIGO_USUARIO) values (25,'Tarjeta 25','Descripcion tarjeta 25',to_date('08-JUN-15','DD-MON-RR'),to_date('19-OCT-15','DD-MON-RR'),18,69);
Insert into TRELLO.TBL_TARJETAS (CODIGO_TARJETA,TITULO_TARJETA,DESCRIPCION,FECHA_CREACION,FECHA_LIMITE,CODIGO_LISTA,CODIGO_USUARIO) values (26,'Tarjeta 26','Descripcion tarjeta 26',to_date('12-JUL-15','DD-MON-RR'),to_date('15-OCT-15','DD-MON-RR'),11,271);
Insert into TRELLO.TBL_TARJETAS (CODIGO_TARJETA,TITULO_TARJETA,DESCRIPCION,FECHA_CREACION,FECHA_LIMITE,CODIGO_LISTA,CODIGO_USUARIO) values (27,'Tarjeta 27','Descripcion tarjeta 27',to_date('19-JUL-15','DD-MON-RR'),to_date('20-AUG-15','DD-MON-RR'),29,220);
Insert into TRELLO.TBL_TARJETAS (CODIGO_TARJETA,TITULO_TARJETA,DESCRIPCION,FECHA_CREACION,FECHA_LIMITE,CODIGO_LISTA,CODIGO_USUARIO) values (28,'Tarjeta 28','Descripcion tarjeta 28',to_date('10-OCT-15','DD-MON-RR'),to_date('17-FEB-16','DD-MON-RR'),29,100);
Insert into TRELLO.TBL_TARJETAS (CODIGO_TARJETA,TITULO_TARJETA,DESCRIPCION,FECHA_CREACION,FECHA_LIMITE,CODIGO_LISTA,CODIGO_USUARIO) values (29,'Tarjeta 29','Descripcion tarjeta 29',to_date('18-SEP-15','DD-MON-RR'),to_date('22-DEC-15','DD-MON-RR'),40,87);
Insert into TRELLO.TBL_TARJETAS (CODIGO_TARJETA,TITULO_TARJETA,DESCRIPCION,FECHA_CREACION,FECHA_LIMITE,CODIGO_LISTA,CODIGO_USUARIO) values (30,'Tarjeta 30','Descripcion tarjeta 30',to_date('12-JUL-15','DD-MON-RR'),to_date('26-DEC-15','DD-MON-RR'),4,295);
Insert into TRELLO.TBL_TARJETAS (CODIGO_TARJETA,TITULO_TARJETA,DESCRIPCION,FECHA_CREACION,FECHA_LIMITE,CODIGO_LISTA,CODIGO_USUARIO) values (31,'Tarjeta 31','Descripcion tarjeta 31',to_date('25-MAY-15','DD-MON-RR'),to_date('17-NOV-15','DD-MON-RR'),9,57);
Insert into TRELLO.TBL_TARJETAS (CODIGO_TARJETA,TITULO_TARJETA,DESCRIPCION,FECHA_CREACION,FECHA_LIMITE,CODIGO_LISTA,CODIGO_USUARIO) values (32,'Tarjeta 32','Descripcion tarjeta 32',to_date('28-SEP-15','DD-MON-RR'),to_date('09-SEP-15','DD-MON-RR'),15,142);
Insert into TRELLO.TBL_TARJETAS (CODIGO_TARJETA,TITULO_TARJETA,DESCRIPCION,FECHA_CREACION,FECHA_LIMITE,CODIGO_LISTA,CODIGO_USUARIO) values (33,'Tarjeta 33','Descripcion tarjeta 33',to_date('22-SEP-15','DD-MON-RR'),to_date('26-DEC-15','DD-MON-RR'),50,5);
Insert into TRELLO.TBL_TARJETAS (CODIGO_TARJETA,TITULO_TARJETA,DESCRIPCION,FECHA_CREACION,FECHA_LIMITE,CODIGO_LISTA,CODIGO_USUARIO) values (34,'Tarjeta 34','Descripcion tarjeta 34',to_date('10-AUG-15','DD-MON-RR'),to_date('03-SEP-15','DD-MON-RR'),16,16);
Insert into TRELLO.TBL_TARJETAS (CODIGO_TARJETA,TITULO_TARJETA,DESCRIPCION,FECHA_CREACION,FECHA_LIMITE,CODIGO_LISTA,CODIGO_USUARIO) values (35,'Tarjeta 35','Descripcion tarjeta 35',to_date('09-JUL-15','DD-MON-RR'),to_date('27-OCT-15','DD-MON-RR'),28,25);
Insert into TRELLO.TBL_TARJETAS (CODIGO_TARJETA,TITULO_TARJETA,DESCRIPCION,FECHA_CREACION,FECHA_LIMITE,CODIGO_LISTA,CODIGO_USUARIO) values (36,'Tarjeta 36','Descripcion tarjeta 36',to_date('03-JUN-15','DD-MON-RR'),to_date('01-SEP-15','DD-MON-RR'),3,204);
Insert into TRELLO.TBL_TARJETAS (CODIGO_TARJETA,TITULO_TARJETA,DESCRIPCION,FECHA_CREACION,FECHA_LIMITE,CODIGO_LISTA,CODIGO_USUARIO) values (37,'Tarjeta 37','Descripcion tarjeta 37',to_date('19-AUG-15','DD-MON-RR'),to_date('06-FEB-16','DD-MON-RR'),49,112);
Insert into TRELLO.TBL_TARJETAS (CODIGO_TARJETA,TITULO_TARJETA,DESCRIPCION,FECHA_CREACION,FECHA_LIMITE,CODIGO_LISTA,CODIGO_USUARIO) values (38,'Tarjeta 38','Descripcion tarjeta 38',to_date('22-JUL-15','DD-MON-RR'),to_date('09-DEC-15','DD-MON-RR'),47,211);
Insert into TRELLO.TBL_TARJETAS (CODIGO_TARJETA,TITULO_TARJETA,DESCRIPCION,FECHA_CREACION,FECHA_LIMITE,CODIGO_LISTA,CODIGO_USUARIO) values (39,'Tarjeta 39','Descripcion tarjeta 39',to_date('02-JUN-15','DD-MON-RR'),to_date('21-NOV-15','DD-MON-RR'),22,264);
Insert into TRELLO.TBL_TARJETAS (CODIGO_TARJETA,TITULO_TARJETA,DESCRIPCION,FECHA_CREACION,FECHA_LIMITE,CODIGO_LISTA,CODIGO_USUARIO) values (40,'Tarjeta 40','Descripcion tarjeta 40',to_date('13-AUG-15','DD-MON-RR'),to_date('17-NOV-15','DD-MON-RR'),19,262);
Insert into TRELLO.TBL_TARJETAS (CODIGO_TARJETA,TITULO_TARJETA,DESCRIPCION,FECHA_CREACION,FECHA_LIMITE,CODIGO_LISTA,CODIGO_USUARIO) values (41,'Tarjeta 41','Descripcion tarjeta 41',to_date('23-JUN-15','DD-MON-RR'),to_date('26-NOV-15','DD-MON-RR'),38,201);
Insert into TRELLO.TBL_TARJETAS (CODIGO_TARJETA,TITULO_TARJETA,DESCRIPCION,FECHA_CREACION,FECHA_LIMITE,CODIGO_LISTA,CODIGO_USUARIO) values (42,'Tarjeta 42','Descripcion tarjeta 42',to_date('31-OCT-15','DD-MON-RR'),to_date('29-JAN-16','DD-MON-RR'),20,284);
Insert into TRELLO.TBL_TARJETAS (CODIGO_TARJETA,TITULO_TARJETA,DESCRIPCION,FECHA_CREACION,FECHA_LIMITE,CODIGO_LISTA,CODIGO_USUARIO) values (43,'Tarjeta 43','Descripcion tarjeta 43',to_date('02-NOV-15','DD-MON-RR'),to_date('15-OCT-15','DD-MON-RR'),19,144);
Insert into TRELLO.TBL_TARJETAS (CODIGO_TARJETA,TITULO_TARJETA,DESCRIPCION,FECHA_CREACION,FECHA_LIMITE,CODIGO_LISTA,CODIGO_USUARIO) values (44,'Tarjeta 44','Descripcion tarjeta 44',to_date('11-JUN-15','DD-MON-RR'),to_date('28-AUG-15','DD-MON-RR'),34,101);
Insert into TRELLO.TBL_TARJETAS (CODIGO_TARJETA,TITULO_TARJETA,DESCRIPCION,FECHA_CREACION,FECHA_LIMITE,CODIGO_LISTA,CODIGO_USUARIO) values (45,'Tarjeta 45','Descripcion tarjeta 45',to_date('29-AUG-15','DD-MON-RR'),to_date('05-SEP-15','DD-MON-RR'),29,249);
Insert into TRELLO.TBL_TARJETAS (CODIGO_TARJETA,TITULO_TARJETA,DESCRIPCION,FECHA_CREACION,FECHA_LIMITE,CODIGO_LISTA,CODIGO_USUARIO) values (46,'Tarjeta 46','Descripcion tarjeta 46',to_date('20-JUN-15','DD-MON-RR'),to_date('21-SEP-15','DD-MON-RR'),9,34);
Insert into TRELLO.TBL_TARJETAS (CODIGO_TARJETA,TITULO_TARJETA,DESCRIPCION,FECHA_CREACION,FECHA_LIMITE,CODIGO_LISTA,CODIGO_USUARIO) values (47,'Tarjeta 47','Descripcion tarjeta 47',to_date('06-OCT-15','DD-MON-RR'),to_date('30-OCT-15','DD-MON-RR'),46,290);
Insert into TRELLO.TBL_TARJETAS (CODIGO_TARJETA,TITULO_TARJETA,DESCRIPCION,FECHA_CREACION,FECHA_LIMITE,CODIGO_LISTA,CODIGO_USUARIO) values (48,'Tarjeta 48','Descripcion tarjeta 48',to_date('18-JUL-15','DD-MON-RR'),to_date('22-DEC-15','DD-MON-RR'),47,118);
Insert into TRELLO.TBL_TARJETAS (CODIGO_TARJETA,TITULO_TARJETA,DESCRIPCION,FECHA_CREACION,FECHA_LIMITE,CODIGO_LISTA,CODIGO_USUARIO) values (49,'Tarjeta 49','Descripcion tarjeta 49',to_date('16-MAY-15','DD-MON-RR'),to_date('08-OCT-15','DD-MON-RR'),38,273);
Insert into TRELLO.TBL_TARJETAS (CODIGO_TARJETA,TITULO_TARJETA,DESCRIPCION,FECHA_CREACION,FECHA_LIMITE,CODIGO_LISTA,CODIGO_USUARIO) values (50,'Tarjeta 50','Descripcion tarjeta 50',to_date('09-MAY-15','DD-MON-RR'),to_date('01-NOV-15','DD-MON-RR'),32,153);
Insert into TRELLO.TBL_TARJETAS (CODIGO_TARJETA,TITULO_TARJETA,DESCRIPCION,FECHA_CREACION,FECHA_LIMITE,CODIGO_LISTA,CODIGO_USUARIO) values (51,'Tarjeta 51','Descripcion tarjeta 51',to_date('01-OCT-15','DD-MON-RR'),to_date('16-OCT-15','DD-MON-RR'),43,116);
Insert into TRELLO.TBL_TARJETAS (CODIGO_TARJETA,TITULO_TARJETA,DESCRIPCION,FECHA_CREACION,FECHA_LIMITE,CODIGO_LISTA,CODIGO_USUARIO) values (52,'Tarjeta 52','Descripcion tarjeta 52',to_date('02-JUL-15','DD-MON-RR'),to_date('04-DEC-15','DD-MON-RR'),3,71);
Insert into TRELLO.TBL_TARJETAS (CODIGO_TARJETA,TITULO_TARJETA,DESCRIPCION,FECHA_CREACION,FECHA_LIMITE,CODIGO_LISTA,CODIGO_USUARIO) values (53,'Tarjeta 53','Descripcion tarjeta 53',to_date('12-JUL-15','DD-MON-RR'),to_date('20-FEB-16','DD-MON-RR'),36,68);
Insert into TRELLO.TBL_TARJETAS (CODIGO_TARJETA,TITULO_TARJETA,DESCRIPCION,FECHA_CREACION,FECHA_LIMITE,CODIGO_LISTA,CODIGO_USUARIO) values (54,'Tarjeta 54','Descripcion tarjeta 54',to_date('30-JUN-15','DD-MON-RR'),to_date('26-NOV-15','DD-MON-RR'),50,281);
Insert into TRELLO.TBL_TARJETAS (CODIGO_TARJETA,TITULO_TARJETA,DESCRIPCION,FECHA_CREACION,FECHA_LIMITE,CODIGO_LISTA,CODIGO_USUARIO) values (55,'Tarjeta 55','Descripcion tarjeta 55',to_date('14-MAY-15','DD-MON-RR'),to_date('16-DEC-15','DD-MON-RR'),32,205);
Insert into TRELLO.TBL_TARJETAS (CODIGO_TARJETA,TITULO_TARJETA,DESCRIPCION,FECHA_CREACION,FECHA_LIMITE,CODIGO_LISTA,CODIGO_USUARIO) values (56,'Tarjeta 56','Descripcion tarjeta 56',to_date('03-AUG-15','DD-MON-RR'),to_date('10-OCT-15','DD-MON-RR'),18,298);
Insert into TRELLO.TBL_TARJETAS (CODIGO_TARJETA,TITULO_TARJETA,DESCRIPCION,FECHA_CREACION,FECHA_LIMITE,CODIGO_LISTA,CODIGO_USUARIO) values (57,'Tarjeta 57','Descripcion tarjeta 57',to_date('16-JUL-15','DD-MON-RR'),to_date('03-SEP-15','DD-MON-RR'),20,229);
Insert into TRELLO.TBL_TARJETAS (CODIGO_TARJETA,TITULO_TARJETA,DESCRIPCION,FECHA_CREACION,FECHA_LIMITE,CODIGO_LISTA,CODIGO_USUARIO) values (58,'Tarjeta 58','Descripcion tarjeta 58',to_date('08-AUG-15','DD-MON-RR'),to_date('05-OCT-15','DD-MON-RR'),43,186);
Insert into TRELLO.TBL_TARJETAS (CODIGO_TARJETA,TITULO_TARJETA,DESCRIPCION,FECHA_CREACION,FECHA_LIMITE,CODIGO_LISTA,CODIGO_USUARIO) values (59,'Tarjeta 59','Descripcion tarjeta 59',to_date('16-AUG-15','DD-MON-RR'),to_date('30-OCT-15','DD-MON-RR'),11,133);
Insert into TRELLO.TBL_TARJETAS (CODIGO_TARJETA,TITULO_TARJETA,DESCRIPCION,FECHA_CREACION,FECHA_LIMITE,CODIGO_LISTA,CODIGO_USUARIO) values (60,'Tarjeta 60','Descripcion tarjeta 60',to_date('14-JUN-15','DD-MON-RR'),to_date('20-SEP-15','DD-MON-RR'),18,252);
Insert into TRELLO.TBL_TARJETAS (CODIGO_TARJETA,TITULO_TARJETA,DESCRIPCION,FECHA_CREACION,FECHA_LIMITE,CODIGO_LISTA,CODIGO_USUARIO) values (61,'Tarjeta 61','Descripcion tarjeta 61',to_date('02-SEP-15','DD-MON-RR'),to_date('07-DEC-15','DD-MON-RR'),10,93);
Insert into TRELLO.TBL_TARJETAS (CODIGO_TARJETA,TITULO_TARJETA,DESCRIPCION,FECHA_CREACION,FECHA_LIMITE,CODIGO_LISTA,CODIGO_USUARIO) values (62,'Tarjeta 62','Descripcion tarjeta 62',to_date('04-OCT-15','DD-MON-RR'),to_date('07-FEB-16','DD-MON-RR'),17,262);
Insert into TRELLO.TBL_TARJETAS (CODIGO_TARJETA,TITULO_TARJETA,DESCRIPCION,FECHA_CREACION,FECHA_LIMITE,CODIGO_LISTA,CODIGO_USUARIO) values (63,'Tarjeta 63','Descripcion tarjeta 63',to_date('16-MAY-15','DD-MON-RR'),to_date('25-OCT-15','DD-MON-RR'),30,148);
Insert into TRELLO.TBL_TARJETAS (CODIGO_TARJETA,TITULO_TARJETA,DESCRIPCION,FECHA_CREACION,FECHA_LIMITE,CODIGO_LISTA,CODIGO_USUARIO) values (64,'Tarjeta 64','Descripcion tarjeta 64',to_date('27-JUN-15','DD-MON-RR'),to_date('17-FEB-16','DD-MON-RR'),26,255);
Insert into TRELLO.TBL_TARJETAS (CODIGO_TARJETA,TITULO_TARJETA,DESCRIPCION,FECHA_CREACION,FECHA_LIMITE,CODIGO_LISTA,CODIGO_USUARIO) values (65,'Tarjeta 65','Descripcion tarjeta 65',to_date('18-AUG-15','DD-MON-RR'),to_date('26-SEP-15','DD-MON-RR'),8,59);
Insert into TRELLO.TBL_TARJETAS (CODIGO_TARJETA,TITULO_TARJETA,DESCRIPCION,FECHA_CREACION,FECHA_LIMITE,CODIGO_LISTA,CODIGO_USUARIO) values (66,'Tarjeta 66','Descripcion tarjeta 66',to_date('31-MAY-15','DD-MON-RR'),to_date('01-FEB-16','DD-MON-RR'),44,30);
Insert into TRELLO.TBL_TARJETAS (CODIGO_TARJETA,TITULO_TARJETA,DESCRIPCION,FECHA_CREACION,FECHA_LIMITE,CODIGO_LISTA,CODIGO_USUARIO) values (67,'Tarjeta 67','Descripcion tarjeta 67',to_date('02-SEP-15','DD-MON-RR'),to_date('09-FEB-16','DD-MON-RR'),34,145);
Insert into TRELLO.TBL_TARJETAS (CODIGO_TARJETA,TITULO_TARJETA,DESCRIPCION,FECHA_CREACION,FECHA_LIMITE,CODIGO_LISTA,CODIGO_USUARIO) values (68,'Tarjeta 68','Descripcion tarjeta 68',to_date('22-JUN-15','DD-MON-RR'),to_date('14-OCT-15','DD-MON-RR'),40,94);
Insert into TRELLO.TBL_TARJETAS (CODIGO_TARJETA,TITULO_TARJETA,DESCRIPCION,FECHA_CREACION,FECHA_LIMITE,CODIGO_LISTA,CODIGO_USUARIO) values (69,'Tarjeta 69','Descripcion tarjeta 69',to_date('30-SEP-15','DD-MON-RR'),to_date('20-JAN-16','DD-MON-RR'),50,221);
Insert into TRELLO.TBL_TARJETAS (CODIGO_TARJETA,TITULO_TARJETA,DESCRIPCION,FECHA_CREACION,FECHA_LIMITE,CODIGO_LISTA,CODIGO_USUARIO) values (70,'Tarjeta 70','Descripcion tarjeta 70',to_date('05-OCT-15','DD-MON-RR'),to_date('20-DEC-15','DD-MON-RR'),44,166);
Insert into TRELLO.TBL_TARJETAS (CODIGO_TARJETA,TITULO_TARJETA,DESCRIPCION,FECHA_CREACION,FECHA_LIMITE,CODIGO_LISTA,CODIGO_USUARIO) values (71,'Tarjeta 71','Descripcion tarjeta 71',to_date('09-AUG-15','DD-MON-RR'),to_date('21-FEB-16','DD-MON-RR'),14,66);
REM INSERTING into TRELLO.TBL_TIPOS_USUARIO
SET DEFINE OFF;
Insert into TRELLO.TBL_TIPOS_USUARIO (CODIGO_TIPO_USUARIO,NOMBRE_TIPO_USUARIO) values (1,'Individual');
Insert into TRELLO.TBL_TIPOS_USUARIO (CODIGO_TIPO_USUARIO,NOMBRE_TIPO_USUARIO) values (2,'Empresa');
REM INSERTING into TRELLO.TBL_USUARIOS
SET DEFINE OFF;
Insert into TRELLO.TBL_USUARIOS (CODIGO_USUARIO,NOMBRE,APELLIDO,CORREO,CONTRASENA,CODIGO_REFERENCIA_RED_SOCIAL,CODIGO_RED_SOCIAL,CODIGO_PLAN,FECHA_INICIO_PLAN,FECHA_FIN_PLAN) values (127,'Usuario 127','Apellido 127','usuario127@correo.com','vHxGmQx','KUMKxOVJfAnmiwUswmfxtLVECwpFVA',1,4,to_date('30-DEC-14','DD-MON-RR'),to_date('21-SEP-15','DD-MON-RR'));
Insert into TRELLO.TBL_USUARIOS (CODIGO_USUARIO,NOMBRE,APELLIDO,CORREO,CONTRASENA,CODIGO_REFERENCIA_RED_SOCIAL,CODIGO_RED_SOCIAL,CODIGO_PLAN,FECHA_INICIO_PLAN,FECHA_FIN_PLAN) values (128,'Usuario 128','Apellido 128','usuario128@correo.com','tjEjOUh','NWxWwuBhnvzylCNQCQSPbzIfgWngiN',2,4,to_date('26-JUL-15','DD-MON-RR'),to_date('20-AUG-15','DD-MON-RR'));
Insert into TRELLO.TBL_USUARIOS (CODIGO_USUARIO,NOMBRE,APELLIDO,CORREO,CONTRASENA,CODIGO_REFERENCIA_RED_SOCIAL,CODIGO_RED_SOCIAL,CODIGO_PLAN,FECHA_INICIO_PLAN,FECHA_FIN_PLAN) values (129,'Usuario 129','Apellido 129','usuario129@correo.com','PIQGjjl','FTmIDtgJCULOdMtslCfHfhpqOGBIxA',2,2,to_date('22-OCT-14','DD-MON-RR'),to_date('15-NOV-15','DD-MON-RR'));
Insert into TRELLO.TBL_USUARIOS (CODIGO_USUARIO,NOMBRE,APELLIDO,CORREO,CONTRASENA,CODIGO_REFERENCIA_RED_SOCIAL,CODIGO_RED_SOCIAL,CODIGO_PLAN,FECHA_INICIO_PLAN,FECHA_FIN_PLAN) values (130,'Usuario 130','Apellido 130','usuario130@correo.com','jDCMqYH','rxqptugRoXlRYbUZoQAuUfoVuRgYjR',2,4,to_date('28-DEC-14','DD-MON-RR'),to_date('13-AUG-15','DD-MON-RR'));
Insert into TRELLO.TBL_USUARIOS (CODIGO_USUARIO,NOMBRE,APELLIDO,CORREO,CONTRASENA,CODIGO_REFERENCIA_RED_SOCIAL,CODIGO_RED_SOCIAL,CODIGO_PLAN,FECHA_INICIO_PLAN,FECHA_FIN_PLAN) values (131,'Usuario 131','Apellido 131','usuario131@correo.com','VajXgvZ','uOZPpLpADwgVNdmPWOdLZLRWHrIyAU',1,1,to_date('17-APR-15','DD-MON-RR'),to_date('12-OCT-15','DD-MON-RR'));
Insert into TRELLO.TBL_USUARIOS (CODIGO_USUARIO,NOMBRE,APELLIDO,CORREO,CONTRASENA,CODIGO_REFERENCIA_RED_SOCIAL,CODIGO_RED_SOCIAL,CODIGO_PLAN,FECHA_INICIO_PLAN,FECHA_FIN_PLAN) values (132,'Usuario 132','Apellido 132','usuario132@correo.com','kVALuVc','FFeWfsVjDvxsMwBGhOqgDLSPQqNogl',2,2,to_date('18-NOV-14','DD-MON-RR'),to_date('28-AUG-15','DD-MON-RR'));
Insert into TRELLO.TBL_USUARIOS (CODIGO_USUARIO,NOMBRE,APELLIDO,CORREO,CONTRASENA,CODIGO_REFERENCIA_RED_SOCIAL,CODIGO_RED_SOCIAL,CODIGO_PLAN,FECHA_INICIO_PLAN,FECHA_FIN_PLAN) values (133,'Usuario 133','Apellido 133','usuario133@correo.com','wrKsqvE','wthKNVByLhOGosWvsLMdVDmmtjXosC',2,1,to_date('07-NOV-14','DD-MON-RR'),to_date('21-OCT-15','DD-MON-RR'));
Insert into TRELLO.TBL_USUARIOS (CODIGO_USUARIO,NOMBRE,APELLIDO,CORREO,CONTRASENA,CODIGO_REFERENCIA_RED_SOCIAL,CODIGO_RED_SOCIAL,CODIGO_PLAN,FECHA_INICIO_PLAN,FECHA_FIN_PLAN) values (134,'Usuario 134','Apellido 134','usuario134@correo.com','NYoRPCv','DnZspejIEoNuiqpcEzFXnJvwcfdJlx',2,2,to_date('08-AUG-15','DD-MON-RR'),to_date('10-NOV-15','DD-MON-RR'));
Insert into TRELLO.TBL_USUARIOS (CODIGO_USUARIO,NOMBRE,APELLIDO,CORREO,CONTRASENA,CODIGO_REFERENCIA_RED_SOCIAL,CODIGO_RED_SOCIAL,CODIGO_PLAN,FECHA_INICIO_PLAN,FECHA_FIN_PLAN) values (135,'Usuario 135','Apellido 135','usuario135@correo.com','NtQVBnL','CmkdAMTMeLEYxrfSDCbbXWEsbnyMrQ',1,1,to_date('02-SEP-14','DD-MON-RR'),to_date('03-NOV-15','DD-MON-RR'));
Insert into TRELLO.TBL_USUARIOS (CODIGO_USUARIO,NOMBRE,APELLIDO,CORREO,CONTRASENA,CODIGO_REFERENCIA_RED_SOCIAL,CODIGO_RED_SOCIAL,CODIGO_PLAN,FECHA_INICIO_PLAN,FECHA_FIN_PLAN) values (136,'Usuario 136','Apellido 136','usuario136@correo.com','RJIPpJo','OKvftTGQUssYsDeaiqsdjOXTWiGHUc',2,2,to_date('23-OCT-14','DD-MON-RR'),to_date('04-OCT-15','DD-MON-RR'));
Insert into TRELLO.TBL_USUARIOS (CODIGO_USUARIO,NOMBRE,APELLIDO,CORREO,CONTRASENA,CODIGO_REFERENCIA_RED_SOCIAL,CODIGO_RED_SOCIAL,CODIGO_PLAN,FECHA_INICIO_PLAN,FECHA_FIN_PLAN) values (137,'Usuario 137','Apellido 137','usuario137@correo.com','DQXyrIq','FQITfTqHClyDgHksBmOwyhGPvpPCVi',1,4,to_date('04-JUN-15','DD-MON-RR'),to_date('06-SEP-15','DD-MON-RR'));
Insert into TRELLO.TBL_USUARIOS (CODIGO_USUARIO,NOMBRE,APELLIDO,CORREO,CONTRASENA,CODIGO_REFERENCIA_RED_SOCIAL,CODIGO_RED_SOCIAL,CODIGO_PLAN,FECHA_INICIO_PLAN,FECHA_FIN_PLAN) values (138,'Usuario 138','Apellido 138','usuario138@correo.com','CuqJdkr','FYJzBeZpfTxYOGBFYVBBQCKXByWROd',2,4,to_date('12-OCT-14','DD-MON-RR'),to_date('06-NOV-15','DD-MON-RR'));
Insert into TRELLO.TBL_USUARIOS (CODIGO_USUARIO,NOMBRE,APELLIDO,CORREO,CONTRASENA,CODIGO_REFERENCIA_RED_SOCIAL,CODIGO_RED_SOCIAL,CODIGO_PLAN,FECHA_INICIO_PLAN,FECHA_FIN_PLAN) values (139,'Usuario 139','Apellido 139','usuario139@correo.com','yilolUj','zuxgwOKYvragvPHWgRPISiSZvHAvma',1,2,to_date('08-AUG-14','DD-MON-RR'),to_date('13-AUG-15','DD-MON-RR'));
Insert into TRELLO.TBL_USUARIOS (CODIGO_USUARIO,NOMBRE,APELLIDO,CORREO,CONTRASENA,CODIGO_REFERENCIA_RED_SOCIAL,CODIGO_RED_SOCIAL,CODIGO_PLAN,FECHA_INICIO_PLAN,FECHA_FIN_PLAN) values (140,'Usuario 140','Apellido 140','usuario140@correo.com','xzZhZtO','ruYJAKmPytHUnJvBxbjoRtrqXfUxhQ',2,1,to_date('26-MAY-15','DD-MON-RR'),to_date('15-SEP-15','DD-MON-RR'));
Insert into TRELLO.TBL_USUARIOS (CODIGO_USUARIO,NOMBRE,APELLIDO,CORREO,CONTRASENA,CODIGO_REFERENCIA_RED_SOCIAL,CODIGO_RED_SOCIAL,CODIGO_PLAN,FECHA_INICIO_PLAN,FECHA_FIN_PLAN) values (141,'Usuario 141','Apellido 141','usuario141@correo.com','bicMKFt','CHNQRxwYjNzTlEPZtGhahYIbjCPVGH',2,3,to_date('15-SEP-14','DD-MON-RR'),to_date('15-NOV-15','DD-MON-RR'));
Insert into TRELLO.TBL_USUARIOS (CODIGO_USUARIO,NOMBRE,APELLIDO,CORREO,CONTRASENA,CODIGO_REFERENCIA_RED_SOCIAL,CODIGO_RED_SOCIAL,CODIGO_PLAN,FECHA_INICIO_PLAN,FECHA_FIN_PLAN) values (142,'Usuario 142','Apellido 142','usuario142@correo.com','iKpmwPi','wBCAYjbhQDujOVmJcmXFnDaPiearLp',2,1,to_date('15-NOV-14','DD-MON-RR'),to_date('23-SEP-15','DD-MON-RR'));
Insert into TRELLO.TBL_USUARIOS (CODIGO_USUARIO,NOMBRE,APELLIDO,CORREO,CONTRASENA,CODIGO_REFERENCIA_RED_SOCIAL,CODIGO_RED_SOCIAL,CODIGO_PLAN,FECHA_INICIO_PLAN,FECHA_FIN_PLAN) values (143,'Usuario 143','Apellido 143','usuario143@correo.com','iwsCRST','PpWMQAeViuZzpyegcrkYDkzgcgGXDc',2,1,to_date('02-MAY-15','DD-MON-RR'),to_date('26-SEP-15','DD-MON-RR'));
Insert into TRELLO.TBL_USUARIOS (CODIGO_USUARIO,NOMBRE,APELLIDO,CORREO,CONTRASENA,CODIGO_REFERENCIA_RED_SOCIAL,CODIGO_RED_SOCIAL,CODIGO_PLAN,FECHA_INICIO_PLAN,FECHA_FIN_PLAN) values (144,'Usuario 144','Apellido 144','usuario144@correo.com','zUatDNU','RLeahOFZhRFBRArVdjTdaXvWZUPrit',2,1,to_date('08-AUG-14','DD-MON-RR'),to_date('11-NOV-15','DD-MON-RR'));
Insert into TRELLO.TBL_USUARIOS (CODIGO_USUARIO,NOMBRE,APELLIDO,CORREO,CONTRASENA,CODIGO_REFERENCIA_RED_SOCIAL,CODIGO_RED_SOCIAL,CODIGO_PLAN,FECHA_INICIO_PLAN,FECHA_FIN_PLAN) values (145,'Usuario 145','Apellido 145','usuario145@correo.com','dRNmBNY','dEuwtiEioEUaIrqfuSPICicUjTfmti',1,1,to_date('05-FEB-15','DD-MON-RR'),to_date('03-OCT-15','DD-MON-RR'));
Insert into TRELLO.TBL_USUARIOS (CODIGO_USUARIO,NOMBRE,APELLIDO,CORREO,CONTRASENA,CODIGO_REFERENCIA_RED_SOCIAL,CODIGO_RED_SOCIAL,CODIGO_PLAN,FECHA_INICIO_PLAN,FECHA_FIN_PLAN) values (146,'Usuario 146','Apellido 146','usuario146@correo.com','XQebIIU','MIBozbxwhWpkpsNXajnRGvMcrrmSyo',1,3,to_date('04-FEB-15','DD-MON-RR'),to_date('30-OCT-15','DD-MON-RR'));
Insert into TRELLO.TBL_USUARIOS (CODIGO_USUARIO,NOMBRE,APELLIDO,CORREO,CONTRASENA,CODIGO_REFERENCIA_RED_SOCIAL,CODIGO_RED_SOCIAL,CODIGO_PLAN,FECHA_INICIO_PLAN,FECHA_FIN_PLAN) values (147,'Usuario 147','Apellido 147','usuario147@correo.com','riERgAB','beYuZvyGDvhDUwEzoHyPLaFfgTuKtX',2,1,to_date('01-APR-15','DD-MON-RR'),to_date('30-AUG-15','DD-MON-RR'));
Insert into TRELLO.TBL_USUARIOS (CODIGO_USUARIO,NOMBRE,APELLIDO,CORREO,CONTRASENA,CODIGO_REFERENCIA_RED_SOCIAL,CODIGO_RED_SOCIAL,CODIGO_PLAN,FECHA_INICIO_PLAN,FECHA_FIN_PLAN) values (148,'Usuario 148','Apellido 148','usuario148@correo.com','AVHayuh','ACIKiYyygTdHGhIxSESTbRUliZcWCu',1,1,to_date('02-AUG-15','DD-MON-RR'),to_date('02-OCT-15','DD-MON-RR'));
Insert into TRELLO.TBL_USUARIOS (CODIGO_USUARIO,NOMBRE,APELLIDO,CORREO,CONTRASENA,CODIGO_REFERENCIA_RED_SOCIAL,CODIGO_RED_SOCIAL,CODIGO_PLAN,FECHA_INICIO_PLAN,FECHA_FIN_PLAN) values (149,'Usuario 149','Apellido 149','usuario149@correo.com','VJeefzN','nAdKUOIFobBPPTiclhlSUGisyQkLox',2,4,to_date('17-MAR-15','DD-MON-RR'),to_date('16-AUG-15','DD-MON-RR'));
Insert into TRELLO.TBL_USUARIOS (CODIGO_USUARIO,NOMBRE,APELLIDO,CORREO,CONTRASENA,CODIGO_REFERENCIA_RED_SOCIAL,CODIGO_RED_SOCIAL,CODIGO_PLAN,FECHA_INICIO_PLAN,FECHA_FIN_PLAN) values (150,'Usuario 150','Apellido 150','usuario150@correo.com','llitnNE','YSKppdJCvxyliGmQOWILpxHYnByNVp',2,1,to_date('13-JUL-15','DD-MON-RR'),to_date('23-SEP-15','DD-MON-RR'));
Insert into TRELLO.TBL_USUARIOS (CODIGO_USUARIO,NOMBRE,APELLIDO,CORREO,CONTRASENA,CODIGO_REFERENCIA_RED_SOCIAL,CODIGO_RED_SOCIAL,CODIGO_PLAN,FECHA_INICIO_PLAN,FECHA_FIN_PLAN) values (151,'Usuario 151','Apellido 151','usuario151@correo.com','JvLCBLh','KafmfjLIuujlVcMUICLTzJyaHhtIoc',2,3,to_date('09-NOV-14','DD-MON-RR'),to_date('28-AUG-15','DD-MON-RR'));
Insert into TRELLO.TBL_USUARIOS (CODIGO_USUARIO,NOMBRE,APELLIDO,CORREO,CONTRASENA,CODIGO_REFERENCIA_RED_SOCIAL,CODIGO_RED_SOCIAL,CODIGO_PLAN,FECHA_INICIO_PLAN,FECHA_FIN_PLAN) values (152,'Usuario 152','Apellido 152','usuario152@correo.com','cdrkvws','wGLSSXlLGeBLKHSIYvUMGoekLOMMIQ',1,4,to_date('26-MAR-15','DD-MON-RR'),to_date('21-SEP-15','DD-MON-RR'));
Insert into TRELLO.TBL_USUARIOS (CODIGO_USUARIO,NOMBRE,APELLIDO,CORREO,CONTRASENA,CODIGO_REFERENCIA_RED_SOCIAL,CODIGO_RED_SOCIAL,CODIGO_PLAN,FECHA_INICIO_PLAN,FECHA_FIN_PLAN) values (153,'Usuario 153','Apellido 153','usuario153@correo.com','RcWMToX','JznCyrPXxEqkadHVXfbnnKYITnhTlw',2,1,to_date('09-MAR-15','DD-MON-RR'),to_date('17-NOV-15','DD-MON-RR'));
Insert into TRELLO.TBL_USUARIOS (CODIGO_USUARIO,NOMBRE,APELLIDO,CORREO,CONTRASENA,CODIGO_REFERENCIA_RED_SOCIAL,CODIGO_RED_SOCIAL,CODIGO_PLAN,FECHA_INICIO_PLAN,FECHA_FIN_PLAN) values (154,'Usuario 154','Apellido 154','usuario154@correo.com','JnWAiMQ','DsqfFnBwDKzeMfdmUWkoLcREAXwepi',2,3,to_date('11-MAR-15','DD-MON-RR'),to_date('20-SEP-15','DD-MON-RR'));
Insert into TRELLO.TBL_USUARIOS (CODIGO_USUARIO,NOMBRE,APELLIDO,CORREO,CONTRASENA,CODIGO_REFERENCIA_RED_SOCIAL,CODIGO_RED_SOCIAL,CODIGO_PLAN,FECHA_INICIO_PLAN,FECHA_FIN_PLAN) values (155,'Usuario 155','Apellido 155','usuario155@correo.com','TPMJQqr','TQJciHUgXKLLeUEQnJvVpgWoTuYptd',1,4,to_date('05-AUG-15','DD-MON-RR'),to_date('15-AUG-15','DD-MON-RR'));
Insert into TRELLO.TBL_USUARIOS (CODIGO_USUARIO,NOMBRE,APELLIDO,CORREO,CONTRASENA,CODIGO_REFERENCIA_RED_SOCIAL,CODIGO_RED_SOCIAL,CODIGO_PLAN,FECHA_INICIO_PLAN,FECHA_FIN_PLAN) values (156,'Usuario 156','Apellido 156','usuario156@correo.com','nKYZgvH','pAMJnkRcLhzwNgmKiSbkhWYIzVDtkM',2,4,to_date('09-AUG-14','DD-MON-RR'),to_date('13-SEP-15','DD-MON-RR'));
Insert into TRELLO.TBL_USUARIOS (CODIGO_USUARIO,NOMBRE,APELLIDO,CORREO,CONTRASENA,CODIGO_REFERENCIA_RED_SOCIAL,CODIGO_RED_SOCIAL,CODIGO_PLAN,FECHA_INICIO_PLAN,FECHA_FIN_PLAN) values (157,'Usuario 157','Apellido 157','usuario157@correo.com','yTHGvFG','ppqscLfFmJGCUPoWPDYwMcGQyPUniP',2,1,to_date('04-APR-15','DD-MON-RR'),to_date('27-SEP-15','DD-MON-RR'));
Insert into TRELLO.TBL_USUARIOS (CODIGO_USUARIO,NOMBRE,APELLIDO,CORREO,CONTRASENA,CODIGO_REFERENCIA_RED_SOCIAL,CODIGO_RED_SOCIAL,CODIGO_PLAN,FECHA_INICIO_PLAN,FECHA_FIN_PLAN) values (158,'Usuario 158','Apellido 158','usuario158@correo.com','ayjoFIM','AngKoSxCsDSXMWoFLgLaUNDjgBDDue',2,1,to_date('09-MAY-15','DD-MON-RR'),to_date('24-SEP-15','DD-MON-RR'));
Insert into TRELLO.TBL_USUARIOS (CODIGO_USUARIO,NOMBRE,APELLIDO,CORREO,CONTRASENA,CODIGO_REFERENCIA_RED_SOCIAL,CODIGO_RED_SOCIAL,CODIGO_PLAN,FECHA_INICIO_PLAN,FECHA_FIN_PLAN) values (159,'Usuario 159','Apellido 159','usuario159@correo.com','WQYNAIY','FGbLwVlGJKISLwgokOixZFEgpolkpN',2,3,to_date('29-MAR-15','DD-MON-RR'),to_date('12-NOV-15','DD-MON-RR'));
Insert into TRELLO.TBL_USUARIOS (CODIGO_USUARIO,NOMBRE,APELLIDO,CORREO,CONTRASENA,CODIGO_REFERENCIA_RED_SOCIAL,CODIGO_RED_SOCIAL,CODIGO_PLAN,FECHA_INICIO_PLAN,FECHA_FIN_PLAN) values (160,'Usuario 160','Apellido 160','usuario160@correo.com','fKYVmLO','MMqXjBMkyWmGMEvuNvljVsbNockSTA',2,3,to_date('13-AUG-14','DD-MON-RR'),to_date('04-SEP-15','DD-MON-RR'));
Insert into TRELLO.TBL_USUARIOS (CODIGO_USUARIO,NOMBRE,APELLIDO,CORREO,CONTRASENA,CODIGO_REFERENCIA_RED_SOCIAL,CODIGO_RED_SOCIAL,CODIGO_PLAN,FECHA_INICIO_PLAN,FECHA_FIN_PLAN) values (161,'Usuario 161','Apellido 161','usuario161@correo.com','wpFtZnH','XvanhMPbvIrfmbBpapDBLLtJjvSxUh',1,2,to_date('26-NOV-14','DD-MON-RR'),to_date('30-OCT-15','DD-MON-RR'));
Insert into TRELLO.TBL_USUARIOS (CODIGO_USUARIO,NOMBRE,APELLIDO,CORREO,CONTRASENA,CODIGO_REFERENCIA_RED_SOCIAL,CODIGO_RED_SOCIAL,CODIGO_PLAN,FECHA_INICIO_PLAN,FECHA_FIN_PLAN) values (162,'Usuario 162','Apellido 162','usuario162@correo.com','JZncQYs','JynackNmsHEkgQGrtlBtjvdRAEaESO',1,4,to_date('29-JUL-15','DD-MON-RR'),to_date('01-SEP-15','DD-MON-RR'));
Insert into TRELLO.TBL_USUARIOS (CODIGO_USUARIO,NOMBRE,APELLIDO,CORREO,CONTRASENA,CODIGO_REFERENCIA_RED_SOCIAL,CODIGO_RED_SOCIAL,CODIGO_PLAN,FECHA_INICIO_PLAN,FECHA_FIN_PLAN) values (163,'Usuario 163','Apellido 163','usuario163@correo.com','lneWVoa','CFOkaYDubhMLCKJDNeuzgluvqYLncf',1,4,to_date('18-JUN-15','DD-MON-RR'),to_date('01-NOV-15','DD-MON-RR'));
Insert into TRELLO.TBL_USUARIOS (CODIGO_USUARIO,NOMBRE,APELLIDO,CORREO,CONTRASENA,CODIGO_REFERENCIA_RED_SOCIAL,CODIGO_RED_SOCIAL,CODIGO_PLAN,FECHA_INICIO_PLAN,FECHA_FIN_PLAN) values (164,'Usuario 164','Apellido 164','usuario164@correo.com','UVBUugI','ReQcIFCQieDHiWtdaXCDWiiqhhEfEj',1,4,to_date('03-FEB-15','DD-MON-RR'),to_date('18-OCT-15','DD-MON-RR'));
Insert into TRELLO.TBL_USUARIOS (CODIGO_USUARIO,NOMBRE,APELLIDO,CORREO,CONTRASENA,CODIGO_REFERENCIA_RED_SOCIAL,CODIGO_RED_SOCIAL,CODIGO_PLAN,FECHA_INICIO_PLAN,FECHA_FIN_PLAN) values (165,'Usuario 165','Apellido 165','usuario165@correo.com','JtzyHGp','qjNphkisYFrdOyyLUIMpXMGuMAhUAk',1,2,to_date('17-OCT-14','DD-MON-RR'),to_date('16-OCT-15','DD-MON-RR'));
Insert into TRELLO.TBL_USUARIOS (CODIGO_USUARIO,NOMBRE,APELLIDO,CORREO,CONTRASENA,CODIGO_REFERENCIA_RED_SOCIAL,CODIGO_RED_SOCIAL,CODIGO_PLAN,FECHA_INICIO_PLAN,FECHA_FIN_PLAN) values (166,'Usuario 166','Apellido 166','usuario166@correo.com','MPTYZFK','WhyUujkRGoWTNjDkuJhVyHKXDtiXXQ',2,3,to_date('17-AUG-14','DD-MON-RR'),to_date('02-SEP-15','DD-MON-RR'));
Insert into TRELLO.TBL_USUARIOS (CODIGO_USUARIO,NOMBRE,APELLIDO,CORREO,CONTRASENA,CODIGO_REFERENCIA_RED_SOCIAL,CODIGO_RED_SOCIAL,CODIGO_PLAN,FECHA_INICIO_PLAN,FECHA_FIN_PLAN) values (167,'Usuario 167','Apellido 167','usuario167@correo.com','rGqfeHV','qUxzSXLWxoXgQhabhrSAPwAcOaDOhr',1,1,to_date('25-JUL-15','DD-MON-RR'),to_date('12-OCT-15','DD-MON-RR'));
Insert into TRELLO.TBL_USUARIOS (CODIGO_USUARIO,NOMBRE,APELLIDO,CORREO,CONTRASENA,CODIGO_REFERENCIA_RED_SOCIAL,CODIGO_RED_SOCIAL,CODIGO_PLAN,FECHA_INICIO_PLAN,FECHA_FIN_PLAN) values (168,'Usuario 168','Apellido 168','usuario168@correo.com','yZijZrW','vEgMEVVjZquaHxEvBOzObWzHWFyQzS',1,3,to_date('15-FEB-15','DD-MON-RR'),to_date('15-SEP-15','DD-MON-RR'));
Insert into TRELLO.TBL_USUARIOS (CODIGO_USUARIO,NOMBRE,APELLIDO,CORREO,CONTRASENA,CODIGO_REFERENCIA_RED_SOCIAL,CODIGO_RED_SOCIAL,CODIGO_PLAN,FECHA_INICIO_PLAN,FECHA_FIN_PLAN) values (169,'Usuario 169','Apellido 169','usuario169@correo.com','bBWxxzu','JIzNExUNZxKvreRKfcEoYVwYWbeuBv',2,2,to_date('10-JUN-15','DD-MON-RR'),to_date('21-OCT-15','DD-MON-RR'));
Insert into TRELLO.TBL_USUARIOS (CODIGO_USUARIO,NOMBRE,APELLIDO,CORREO,CONTRASENA,CODIGO_REFERENCIA_RED_SOCIAL,CODIGO_RED_SOCIAL,CODIGO_PLAN,FECHA_INICIO_PLAN,FECHA_FIN_PLAN) values (170,'Usuario 170','Apellido 170','usuario170@correo.com','obxbjev','bvJiDhMDFLWTwSfkeHGsQlhLzXoFAp',2,1,to_date('09-AUG-15','DD-MON-RR'),to_date('14-AUG-15','DD-MON-RR'));
Insert into TRELLO.TBL_USUARIOS (CODIGO_USUARIO,NOMBRE,APELLIDO,CORREO,CONTRASENA,CODIGO_REFERENCIA_RED_SOCIAL,CODIGO_RED_SOCIAL,CODIGO_PLAN,FECHA_INICIO_PLAN,FECHA_FIN_PLAN) values (171,'Usuario 171','Apellido 171','usuario171@correo.com','GZdkZhp','QVrODsswipsVLHaSxnEXnHGJdtaDFR',1,2,to_date('05-JAN-15','DD-MON-RR'),to_date('11-SEP-15','DD-MON-RR'));
Insert into TRELLO.TBL_USUARIOS (CODIGO_USUARIO,NOMBRE,APELLIDO,CORREO,CONTRASENA,CODIGO_REFERENCIA_RED_SOCIAL,CODIGO_RED_SOCIAL,CODIGO_PLAN,FECHA_INICIO_PLAN,FECHA_FIN_PLAN) values (172,'Usuario 172','Apellido 172','usuario172@correo.com','fpZEwFd','yWBheSwueAXhnztORRJKMVKYXLlLXX',2,3,to_date('18-JAN-15','DD-MON-RR'),to_date('02-OCT-15','DD-MON-RR'));
Insert into TRELLO.TBL_USUARIOS (CODIGO_USUARIO,NOMBRE,APELLIDO,CORREO,CONTRASENA,CODIGO_REFERENCIA_RED_SOCIAL,CODIGO_RED_SOCIAL,CODIGO_PLAN,FECHA_INICIO_PLAN,FECHA_FIN_PLAN) values (173,'Usuario 173','Apellido 173','usuario173@correo.com','UlZFXXb','amFTSqAxzjRRPCVhmtBqXhEZsSNERl',2,4,to_date('05-AUG-14','DD-MON-RR'),to_date('18-OCT-15','DD-MON-RR'));
Insert into TRELLO.TBL_USUARIOS (CODIGO_USUARIO,NOMBRE,APELLIDO,CORREO,CONTRASENA,CODIGO_REFERENCIA_RED_SOCIAL,CODIGO_RED_SOCIAL,CODIGO_PLAN,FECHA_INICIO_PLAN,FECHA_FIN_PLAN) values (174,'Usuario 174','Apellido 174','usuario174@correo.com','gnBZUKU','cpndHHLOnQcEbATFSXjctpvzxFQcqr',1,2,to_date('13-SEP-14','DD-MON-RR'),to_date('21-SEP-15','DD-MON-RR'));
Insert into TRELLO.TBL_USUARIOS (CODIGO_USUARIO,NOMBRE,APELLIDO,CORREO,CONTRASENA,CODIGO_REFERENCIA_RED_SOCIAL,CODIGO_RED_SOCIAL,CODIGO_PLAN,FECHA_INICIO_PLAN,FECHA_FIN_PLAN) values (175,'Usuario 175','Apellido 175','usuario175@correo.com','BoMlGGd','hWNtMCiDXdSKFTauDFyzSkeuetolaM',2,1,to_date('22-JUN-15','DD-MON-RR'),to_date('30-AUG-15','DD-MON-RR'));
Insert into TRELLO.TBL_USUARIOS (CODIGO_USUARIO,NOMBRE,APELLIDO,CORREO,CONTRASENA,CODIGO_REFERENCIA_RED_SOCIAL,CODIGO_RED_SOCIAL,CODIGO_PLAN,FECHA_INICIO_PLAN,FECHA_FIN_PLAN) values (176,'Usuario 176','Apellido 176','usuario176@correo.com','mCxiBdu','vAxbwmiHnMDrkXLQCemOfIeTFMDCbY',2,1,to_date('14-JUL-14','DD-MON-RR'),to_date('16-AUG-15','DD-MON-RR'));
Insert into TRELLO.TBL_USUARIOS (CODIGO_USUARIO,NOMBRE,APELLIDO,CORREO,CONTRASENA,CODIGO_REFERENCIA_RED_SOCIAL,CODIGO_RED_SOCIAL,CODIGO_PLAN,FECHA_INICIO_PLAN,FECHA_FIN_PLAN) values (177,'Usuario 177','Apellido 177','usuario177@correo.com','ugQclgA','pRxTQWsRoLNJHNANAdXKgImJxYBAwx',1,2,to_date('05-JUL-15','DD-MON-RR'),to_date('27-OCT-15','DD-MON-RR'));
Insert into TRELLO.TBL_USUARIOS (CODIGO_USUARIO,NOMBRE,APELLIDO,CORREO,CONTRASENA,CODIGO_REFERENCIA_RED_SOCIAL,CODIGO_RED_SOCIAL,CODIGO_PLAN,FECHA_INICIO_PLAN,FECHA_FIN_PLAN) values (178,'Usuario 178','Apellido 178','usuario178@correo.com','yYALWBO','PlfLBMxXEaJuSKnqyUNUultXMiIYWP',1,4,to_date('04-JUN-15','DD-MON-RR'),to_date('30-AUG-15','DD-MON-RR'));
Insert into TRELLO.TBL_USUARIOS (CODIGO_USUARIO,NOMBRE,APELLIDO,CORREO,CONTRASENA,CODIGO_REFERENCIA_RED_SOCIAL,CODIGO_RED_SOCIAL,CODIGO_PLAN,FECHA_INICIO_PLAN,FECHA_FIN_PLAN) values (179,'Usuario 179','Apellido 179','usuario179@correo.com','rKyHVcc','JrQMHuKSlVGHvmbTnkYbNQNQBERRIS',2,3,to_date('10-JUL-15','DD-MON-RR'),to_date('09-SEP-15','DD-MON-RR'));
Insert into TRELLO.TBL_USUARIOS (CODIGO_USUARIO,NOMBRE,APELLIDO,CORREO,CONTRASENA,CODIGO_REFERENCIA_RED_SOCIAL,CODIGO_RED_SOCIAL,CODIGO_PLAN,FECHA_INICIO_PLAN,FECHA_FIN_PLAN) values (180,'Usuario 180','Apellido 180','usuario180@correo.com','HsohfTd','feKBUbcciaUlptKvhdPNlwpFNAjTGm',1,2,to_date('16-JUL-15','DD-MON-RR'),to_date('06-SEP-15','DD-MON-RR'));
Insert into TRELLO.TBL_USUARIOS (CODIGO_USUARIO,NOMBRE,APELLIDO,CORREO,CONTRASENA,CODIGO_REFERENCIA_RED_SOCIAL,CODIGO_RED_SOCIAL,CODIGO_PLAN,FECHA_INICIO_PLAN,FECHA_FIN_PLAN) values (181,'Usuario 181','Apellido 181','usuario181@correo.com','Olptdmr','luIUozRlICTbJisfuUbOtrlMjXemoh',1,2,to_date('23-MAY-15','DD-MON-RR'),to_date('06-OCT-15','DD-MON-RR'));
Insert into TRELLO.TBL_USUARIOS (CODIGO_USUARIO,NOMBRE,APELLIDO,CORREO,CONTRASENA,CODIGO_REFERENCIA_RED_SOCIAL,CODIGO_RED_SOCIAL,CODIGO_PLAN,FECHA_INICIO_PLAN,FECHA_FIN_PLAN) values (182,'Usuario 182','Apellido 182','usuario182@correo.com','GloXzJl','miwyIigjMDmVYDURnGchqASYZNyFro',2,1,to_date('28-MAY-15','DD-MON-RR'),to_date('28-OCT-15','DD-MON-RR'));
Insert into TRELLO.TBL_USUARIOS (CODIGO_USUARIO,NOMBRE,APELLIDO,CORREO,CONTRASENA,CODIGO_REFERENCIA_RED_SOCIAL,CODIGO_RED_SOCIAL,CODIGO_PLAN,FECHA_INICIO_PLAN,FECHA_FIN_PLAN) values (183,'Usuario 183','Apellido 183','usuario183@correo.com','sAUsTji','ZJGcjbJNOVOzbKLvuEAWMrVOfVtwnA',1,3,to_date('24-OCT-14','DD-MON-RR'),to_date('03-SEP-15','DD-MON-RR'));
Insert into TRELLO.TBL_USUARIOS (CODIGO_USUARIO,NOMBRE,APELLIDO,CORREO,CONTRASENA,CODIGO_REFERENCIA_RED_SOCIAL,CODIGO_RED_SOCIAL,CODIGO_PLAN,FECHA_INICIO_PLAN,FECHA_FIN_PLAN) values (184,'Usuario 184','Apellido 184','usuario184@correo.com','TkuhmbU','TrQqTFExArFKFxEezYXcftzJhjWryX',1,2,to_date('07-SEP-14','DD-MON-RR'),to_date('04-SEP-15','DD-MON-RR'));
Insert into TRELLO.TBL_USUARIOS (CODIGO_USUARIO,NOMBRE,APELLIDO,CORREO,CONTRASENA,CODIGO_REFERENCIA_RED_SOCIAL,CODIGO_RED_SOCIAL,CODIGO_PLAN,FECHA_INICIO_PLAN,FECHA_FIN_PLAN) values (185,'Usuario 185','Apellido 185','usuario185@correo.com','DKbTcWk','ByFTkQnsHWNfbdBbmiRcTVseIVgQgA',2,3,to_date('25-FEB-15','DD-MON-RR'),to_date('13-SEP-15','DD-MON-RR'));
Insert into TRELLO.TBL_USUARIOS (CODIGO_USUARIO,NOMBRE,APELLIDO,CORREO,CONTRASENA,CODIGO_REFERENCIA_RED_SOCIAL,CODIGO_RED_SOCIAL,CODIGO_PLAN,FECHA_INICIO_PLAN,FECHA_FIN_PLAN) values (186,'Usuario 186','Apellido 186','usuario186@correo.com','zeQwart','FeysaTZlcEmxOPKTmkRRXTdFNJrabS',2,4,to_date('08-AUG-14','DD-MON-RR'),to_date('26-SEP-15','DD-MON-RR'));
Insert into TRELLO.TBL_USUARIOS (CODIGO_USUARIO,NOMBRE,APELLIDO,CORREO,CONTRASENA,CODIGO_REFERENCIA_RED_SOCIAL,CODIGO_RED_SOCIAL,CODIGO_PLAN,FECHA_INICIO_PLAN,FECHA_FIN_PLAN) values (187,'Usuario 187','Apellido 187','usuario187@correo.com','LvLEuxk','DePzlpUjvhTtUySnqSClGZYfytaTER',1,4,to_date('03-AUG-14','DD-MON-RR'),to_date('16-SEP-15','DD-MON-RR'));
Insert into TRELLO.TBL_USUARIOS (CODIGO_USUARIO,NOMBRE,APELLIDO,CORREO,CONTRASENA,CODIGO_REFERENCIA_RED_SOCIAL,CODIGO_RED_SOCIAL,CODIGO_PLAN,FECHA_INICIO_PLAN,FECHA_FIN_PLAN) values (188,'Usuario 188','Apellido 188','usuario188@correo.com','WESZxFZ','uVneGjSexxKTWQCYpSqGsYsOqynYQt',1,2,to_date('08-FEB-15','DD-MON-RR'),to_date('01-OCT-15','DD-MON-RR'));
Insert into TRELLO.TBL_USUARIOS (CODIGO_USUARIO,NOMBRE,APELLIDO,CORREO,CONTRASENA,CODIGO_REFERENCIA_RED_SOCIAL,CODIGO_RED_SOCIAL,CODIGO_PLAN,FECHA_INICIO_PLAN,FECHA_FIN_PLAN) values (189,'Usuario 189','Apellido 189','usuario189@correo.com','kgHycrX','eYnoqUWpvZRVynkUaDWdirVWvAePeP',1,4,to_date('17-APR-15','DD-MON-RR'),to_date('21-AUG-15','DD-MON-RR'));
Insert into TRELLO.TBL_USUARIOS (CODIGO_USUARIO,NOMBRE,APELLIDO,CORREO,CONTRASENA,CODIGO_REFERENCIA_RED_SOCIAL,CODIGO_RED_SOCIAL,CODIGO_PLAN,FECHA_INICIO_PLAN,FECHA_FIN_PLAN) values (190,'Usuario 190','Apellido 190','usuario190@correo.com','gOMkftM','qlrDxrzoDlgTNuZYRDUkkmKTyjKYQN',2,4,to_date('10-JUN-15','DD-MON-RR'),to_date('08-OCT-15','DD-MON-RR'));
Insert into TRELLO.TBL_USUARIOS (CODIGO_USUARIO,NOMBRE,APELLIDO,CORREO,CONTRASENA,CODIGO_REFERENCIA_RED_SOCIAL,CODIGO_RED_SOCIAL,CODIGO_PLAN,FECHA_INICIO_PLAN,FECHA_FIN_PLAN) values (191,'Usuario 191','Apellido 191','usuario191@correo.com','mpNWjDP','wycIXnLjixVSDfoUCcOFmhLGTIaQJc',2,4,to_date('17-MAR-15','DD-MON-RR'),to_date('23-OCT-15','DD-MON-RR'));
Insert into TRELLO.TBL_USUARIOS (CODIGO_USUARIO,NOMBRE,APELLIDO,CORREO,CONTRASENA,CODIGO_REFERENCIA_RED_SOCIAL,CODIGO_RED_SOCIAL,CODIGO_PLAN,FECHA_INICIO_PLAN,FECHA_FIN_PLAN) values (192,'Usuario 192','Apellido 192','usuario192@correo.com','sKxfhSI','tiRTicXODTJROWPHDZgQtiBKNcBLWm',1,2,to_date('31-JUL-14','DD-MON-RR'),to_date('04-OCT-15','DD-MON-RR'));
Insert into TRELLO.TBL_USUARIOS (CODIGO_USUARIO,NOMBRE,APELLIDO,CORREO,CONTRASENA,CODIGO_REFERENCIA_RED_SOCIAL,CODIGO_RED_SOCIAL,CODIGO_PLAN,FECHA_INICIO_PLAN,FECHA_FIN_PLAN) values (193,'Usuario 193','Apellido 193','usuario193@correo.com','FQneiMu','aarDOaQRrNYQUTHKSeEPjkAqPhCAxT',2,4,to_date('12-JUN-15','DD-MON-RR'),to_date('04-NOV-15','DD-MON-RR'));
Insert into TRELLO.TBL_USUARIOS (CODIGO_USUARIO,NOMBRE,APELLIDO,CORREO,CONTRASENA,CODIGO_REFERENCIA_RED_SOCIAL,CODIGO_RED_SOCIAL,CODIGO_PLAN,FECHA_INICIO_PLAN,FECHA_FIN_PLAN) values (194,'Usuario 194','Apellido 194','usuario194@correo.com','wxcbfTP','jmHedHpkUDNTMkpItDMtORyVUNwume',2,2,to_date('10-SEP-14','DD-MON-RR'),to_date('06-OCT-15','DD-MON-RR'));
Insert into TRELLO.TBL_USUARIOS (CODIGO_USUARIO,NOMBRE,APELLIDO,CORREO,CONTRASENA,CODIGO_REFERENCIA_RED_SOCIAL,CODIGO_RED_SOCIAL,CODIGO_PLAN,FECHA_INICIO_PLAN,FECHA_FIN_PLAN) values (195,'Usuario 195','Apellido 195','usuario195@correo.com','NOHgzCF','OQgioPAzJWqwRkEADYPlYyMZahURoK',2,2,to_date('03-JAN-15','DD-MON-RR'),to_date('28-SEP-15','DD-MON-RR'));
Insert into TRELLO.TBL_USUARIOS (CODIGO_USUARIO,NOMBRE,APELLIDO,CORREO,CONTRASENA,CODIGO_REFERENCIA_RED_SOCIAL,CODIGO_RED_SOCIAL,CODIGO_PLAN,FECHA_INICIO_PLAN,FECHA_FIN_PLAN) values (196,'Usuario 196','Apellido 196','usuario196@correo.com','wGOVUXS','kiwSTsZldtEyOeoxAzdazRlwnCgGZX',1,1,to_date('22-JUL-14','DD-MON-RR'),to_date('14-SEP-15','DD-MON-RR'));
Insert into TRELLO.TBL_USUARIOS (CODIGO_USUARIO,NOMBRE,APELLIDO,CORREO,CONTRASENA,CODIGO_REFERENCIA_RED_SOCIAL,CODIGO_RED_SOCIAL,CODIGO_PLAN,FECHA_INICIO_PLAN,FECHA_FIN_PLAN) values (197,'Usuario 197','Apellido 197','usuario197@correo.com','qREzMKN','VnZdGabwjpVlJPXkcZsPwvbbvQTeBI',1,2,to_date('02-APR-15','DD-MON-RR'),to_date('11-AUG-15','DD-MON-RR'));
Insert into TRELLO.TBL_USUARIOS (CODIGO_USUARIO,NOMBRE,APELLIDO,CORREO,CONTRASENA,CODIGO_REFERENCIA_RED_SOCIAL,CODIGO_RED_SOCIAL,CODIGO_PLAN,FECHA_INICIO_PLAN,FECHA_FIN_PLAN) values (198,'Usuario 198','Apellido 198','usuario198@correo.com','dXMXjmV','bLglhiKQKUvIlpRDsHHiqRApyJVmHW',2,1,to_date('14-JUL-15','DD-MON-RR'),to_date('18-AUG-15','DD-MON-RR'));
Insert into TRELLO.TBL_USUARIOS (CODIGO_USUARIO,NOMBRE,APELLIDO,CORREO,CONTRASENA,CODIGO_REFERENCIA_RED_SOCIAL,CODIGO_RED_SOCIAL,CODIGO_PLAN,FECHA_INICIO_PLAN,FECHA_FIN_PLAN) values (199,'Usuario 199','Apellido 199','usuario199@correo.com','hcKlLan','ZJtEmUslfuNBmKaUBYoFIRNQdlvacd',2,3,to_date('02-APR-15','DD-MON-RR'),to_date('25-SEP-15','DD-MON-RR'));
Insert into TRELLO.TBL_USUARIOS (CODIGO_USUARIO,NOMBRE,APELLIDO,CORREO,CONTRASENA,CODIGO_REFERENCIA_RED_SOCIAL,CODIGO_RED_SOCIAL,CODIGO_PLAN,FECHA_INICIO_PLAN,FECHA_FIN_PLAN) values (200,'Usuario 200','Apellido 200','usuario200@correo.com','uEUhkpP','AIJJcYyGRPudnDCupePxYSwWIFHsLK',1,2,to_date('24-JUL-14','DD-MON-RR'),to_date('19-OCT-15','DD-MON-RR'));
Insert into TRELLO.TBL_USUARIOS (CODIGO_USUARIO,NOMBRE,APELLIDO,CORREO,CONTRASENA,CODIGO_REFERENCIA_RED_SOCIAL,CODIGO_RED_SOCIAL,CODIGO_PLAN,FECHA_INICIO_PLAN,FECHA_FIN_PLAN) values (201,'Usuario 201','Apellido 201','usuario201@correo.com','RtmOjCL','UGRjkLRYTSGDlmIORBniPfPfMWaSlx',1,4,to_date('27-FEB-15','DD-MON-RR'),to_date('21-OCT-15','DD-MON-RR'));
Insert into TRELLO.TBL_USUARIOS (CODIGO_USUARIO,NOMBRE,APELLIDO,CORREO,CONTRASENA,CODIGO_REFERENCIA_RED_SOCIAL,CODIGO_RED_SOCIAL,CODIGO_PLAN,FECHA_INICIO_PLAN,FECHA_FIN_PLAN) values (202,'Usuario 202','Apellido 202','usuario202@correo.com','IDHogZa','zOvEiMhThUeOSrhcrCWITYpgPGtbpn',2,1,to_date('26-JUL-15','DD-MON-RR'),to_date('21-SEP-15','DD-MON-RR'));
Insert into TRELLO.TBL_USUARIOS (CODIGO_USUARIO,NOMBRE,APELLIDO,CORREO,CONTRASENA,CODIGO_REFERENCIA_RED_SOCIAL,CODIGO_RED_SOCIAL,CODIGO_PLAN,FECHA_INICIO_PLAN,FECHA_FIN_PLAN) values (203,'Usuario 203','Apellido 203','usuario203@correo.com','TNbMfDv','wAQsgyGLZQIFOHOUofYzZUjyycuEMg',2,4,to_date('17-FEB-15','DD-MON-RR'),to_date('01-OCT-15','DD-MON-RR'));
Insert into TRELLO.TBL_USUARIOS (CODIGO_USUARIO,NOMBRE,APELLIDO,CORREO,CONTRASENA,CODIGO_REFERENCIA_RED_SOCIAL,CODIGO_RED_SOCIAL,CODIGO_PLAN,FECHA_INICIO_PLAN,FECHA_FIN_PLAN) values (204,'Usuario 204','Apellido 204','usuario204@correo.com','MEnnafJ','jvBzPWSzlbmAmtucKxtesJvpUKBuoA',2,2,to_date('14-MAR-15','DD-MON-RR'),to_date('14-NOV-15','DD-MON-RR'));
Insert into TRELLO.TBL_USUARIOS (CODIGO_USUARIO,NOMBRE,APELLIDO,CORREO,CONTRASENA,CODIGO_REFERENCIA_RED_SOCIAL,CODIGO_RED_SOCIAL,CODIGO_PLAN,FECHA_INICIO_PLAN,FECHA_FIN_PLAN) values (205,'Usuario 205','Apellido 205','usuario205@correo.com','YjFRxNW','qNTgtzjJyRfkbzDFDtEWRNFdKksLsq',2,4,to_date('19-JUN-15','DD-MON-RR'),to_date('15-AUG-15','DD-MON-RR'));
Insert into TRELLO.TBL_USUARIOS (CODIGO_USUARIO,NOMBRE,APELLIDO,CORREO,CONTRASENA,CODIGO_REFERENCIA_RED_SOCIAL,CODIGO_RED_SOCIAL,CODIGO_PLAN,FECHA_INICIO_PLAN,FECHA_FIN_PLAN) values (206,'Usuario 206','Apellido 206','usuario206@correo.com','ZDvZdIT','ZZbyRYERnciKTzBxLslpQwEPEnWZgN',1,2,to_date('27-DEC-14','DD-MON-RR'),to_date('14-AUG-15','DD-MON-RR'));
Insert into TRELLO.TBL_USUARIOS (CODIGO_USUARIO,NOMBRE,APELLIDO,CORREO,CONTRASENA,CODIGO_REFERENCIA_RED_SOCIAL,CODIGO_RED_SOCIAL,CODIGO_PLAN,FECHA_INICIO_PLAN,FECHA_FIN_PLAN) values (207,'Usuario 207','Apellido 207','usuario207@correo.com','PedicYV','uCJfoEJRplpaNieNxXymbkRaypwhdV',2,3,to_date('06-OCT-14','DD-MON-RR'),to_date('11-AUG-15','DD-MON-RR'));
Insert into TRELLO.TBL_USUARIOS (CODIGO_USUARIO,NOMBRE,APELLIDO,CORREO,CONTRASENA,CODIGO_REFERENCIA_RED_SOCIAL,CODIGO_RED_SOCIAL,CODIGO_PLAN,FECHA_INICIO_PLAN,FECHA_FIN_PLAN) values (208,'Usuario 208','Apellido 208','usuario208@correo.com','wlJYVcH','OHaFxqvndQJMpvtrGNSZpDdklMWHAq',1,3,to_date('25-JUN-15','DD-MON-RR'),to_date('24-OCT-15','DD-MON-RR'));
Insert into TRELLO.TBL_USUARIOS (CODIGO_USUARIO,NOMBRE,APELLIDO,CORREO,CONTRASENA,CODIGO_REFERENCIA_RED_SOCIAL,CODIGO_RED_SOCIAL,CODIGO_PLAN,FECHA_INICIO_PLAN,FECHA_FIN_PLAN) values (209,'Usuario 209','Apellido 209','usuario209@correo.com','hiIWlSN','rqLcffGJDjOZGrATxMxgAZjdruxReK',1,1,to_date('08-JUN-15','DD-MON-RR'),to_date('08-SEP-15','DD-MON-RR'));
Insert into TRELLO.TBL_USUARIOS (CODIGO_USUARIO,NOMBRE,APELLIDO,CORREO,CONTRASENA,CODIGO_REFERENCIA_RED_SOCIAL,CODIGO_RED_SOCIAL,CODIGO_PLAN,FECHA_INICIO_PLAN,FECHA_FIN_PLAN) values (210,'Usuario 210','Apellido 210','usuario210@correo.com','SjJqvQF','WZwwmZKufoWLBqilIuKpZOLUhIPivj',1,3,to_date('13-FEB-15','DD-MON-RR'),to_date('24-SEP-15','DD-MON-RR'));
Insert into TRELLO.TBL_USUARIOS (CODIGO_USUARIO,NOMBRE,APELLIDO,CORREO,CONTRASENA,CODIGO_REFERENCIA_RED_SOCIAL,CODIGO_RED_SOCIAL,CODIGO_PLAN,FECHA_INICIO_PLAN,FECHA_FIN_PLAN) values (211,'Usuario 211','Apellido 211','usuario211@correo.com','wLJnlam','oqLJntuMuyQJcaDiLfiJNdCRTWKdTL',2,3,to_date('04-AUG-15','DD-MON-RR'),to_date('15-NOV-15','DD-MON-RR'));
Insert into TRELLO.TBL_USUARIOS (CODIGO_USUARIO,NOMBRE,APELLIDO,CORREO,CONTRASENA,CODIGO_REFERENCIA_RED_SOCIAL,CODIGO_RED_SOCIAL,CODIGO_PLAN,FECHA_INICIO_PLAN,FECHA_FIN_PLAN) values (212,'Usuario 212','Apellido 212','usuario212@correo.com','jBFOtCO','zFLdmFoctSAOdDIMWnGEpvuAALhoxl',1,3,to_date('09-OCT-14','DD-MON-RR'),to_date('07-OCT-15','DD-MON-RR'));
Insert into TRELLO.TBL_USUARIOS (CODIGO_USUARIO,NOMBRE,APELLIDO,CORREO,CONTRASENA,CODIGO_REFERENCIA_RED_SOCIAL,CODIGO_RED_SOCIAL,CODIGO_PLAN,FECHA_INICIO_PLAN,FECHA_FIN_PLAN) values (213,'Usuario 213','Apellido 213','usuario213@correo.com','qPIFvQd','ehpyrNXXIKDpxOzRtRjrOGhordmJDd',1,2,to_date('02-OCT-14','DD-MON-RR'),to_date('22-AUG-15','DD-MON-RR'));
Insert into TRELLO.TBL_USUARIOS (CODIGO_USUARIO,NOMBRE,APELLIDO,CORREO,CONTRASENA,CODIGO_REFERENCIA_RED_SOCIAL,CODIGO_RED_SOCIAL,CODIGO_PLAN,FECHA_INICIO_PLAN,FECHA_FIN_PLAN) values (214,'Usuario 214','Apellido 214','usuario214@correo.com','omIYXUr','smjodFOIzzUCxSVLbIuqXpxDrcGmXm',2,1,to_date('20-FEB-15','DD-MON-RR'),to_date('28-SEP-15','DD-MON-RR'));
Insert into TRELLO.TBL_USUARIOS (CODIGO_USUARIO,NOMBRE,APELLIDO,CORREO,CONTRASENA,CODIGO_REFERENCIA_RED_SOCIAL,CODIGO_RED_SOCIAL,CODIGO_PLAN,FECHA_INICIO_PLAN,FECHA_FIN_PLAN) values (215,'Usuario 215','Apellido 215','usuario215@correo.com','CkmDzdl','dFaSnAUwhzwNSvkPpaBrzSVaWmkVUo',1,3,to_date('05-AUG-15','DD-MON-RR'),to_date('15-OCT-15','DD-MON-RR'));
Insert into TRELLO.TBL_USUARIOS (CODIGO_USUARIO,NOMBRE,APELLIDO,CORREO,CONTRASENA,CODIGO_REFERENCIA_RED_SOCIAL,CODIGO_RED_SOCIAL,CODIGO_PLAN,FECHA_INICIO_PLAN,FECHA_FIN_PLAN) values (216,'Usuario 216','Apellido 216','usuario216@correo.com','pcxYoKF','ikEfulQdleCSyLAsLnIphjiQlpPTYZ',2,1,to_date('22-OCT-14','DD-MON-RR'),to_date('18-AUG-15','DD-MON-RR'));
Insert into TRELLO.TBL_USUARIOS (CODIGO_USUARIO,NOMBRE,APELLIDO,CORREO,CONTRASENA,CODIGO_REFERENCIA_RED_SOCIAL,CODIGO_RED_SOCIAL,CODIGO_PLAN,FECHA_INICIO_PLAN,FECHA_FIN_PLAN) values (217,'Usuario 217','Apellido 217','usuario217@correo.com','eNHqzYP','XnnYntddlnGXsWUaUzTLLmXahfFBAQ',2,1,to_date('09-AUG-14','DD-MON-RR'),to_date('23-SEP-15','DD-MON-RR'));
Insert into TRELLO.TBL_USUARIOS (CODIGO_USUARIO,NOMBRE,APELLIDO,CORREO,CONTRASENA,CODIGO_REFERENCIA_RED_SOCIAL,CODIGO_RED_SOCIAL,CODIGO_PLAN,FECHA_INICIO_PLAN,FECHA_FIN_PLAN) values (218,'Usuario 218','Apellido 218','usuario218@correo.com','FWbtPbD','awSReMQegSBmwpEStanJDogQMtUPjB',1,2,to_date('10-APR-15','DD-MON-RR'),to_date('23-SEP-15','DD-MON-RR'));
Insert into TRELLO.TBL_USUARIOS (CODIGO_USUARIO,NOMBRE,APELLIDO,CORREO,CONTRASENA,CODIGO_REFERENCIA_RED_SOCIAL,CODIGO_RED_SOCIAL,CODIGO_PLAN,FECHA_INICIO_PLAN,FECHA_FIN_PLAN) values (219,'Usuario 219','Apellido 219','usuario219@correo.com','cRkqLMX','DnMQPOWgJlxDHTmqmhOOnDwvdEggPe',1,3,to_date('15-JAN-15','DD-MON-RR'),to_date('05-OCT-15','DD-MON-RR'));
Insert into TRELLO.TBL_USUARIOS (CODIGO_USUARIO,NOMBRE,APELLIDO,CORREO,CONTRASENA,CODIGO_REFERENCIA_RED_SOCIAL,CODIGO_RED_SOCIAL,CODIGO_PLAN,FECHA_INICIO_PLAN,FECHA_FIN_PLAN) values (220,'Usuario 220','Apellido 220','usuario220@correo.com','TEvmsDF','NnJqLGPJfyeOITgrtwftnJkIRHDFeu',2,4,to_date('29-JUL-15','DD-MON-RR'),to_date('03-OCT-15','DD-MON-RR'));
Insert into TRELLO.TBL_USUARIOS (CODIGO_USUARIO,NOMBRE,APELLIDO,CORREO,CONTRASENA,CODIGO_REFERENCIA_RED_SOCIAL,CODIGO_RED_SOCIAL,CODIGO_PLAN,FECHA_INICIO_PLAN,FECHA_FIN_PLAN) values (221,'Usuario 221','Apellido 221','usuario221@correo.com','eODKnje','KenkKSQQjoaBoNfvMwqAHEgWJdMeTb',1,1,to_date('27-MAY-15','DD-MON-RR'),to_date('15-SEP-15','DD-MON-RR'));
Insert into TRELLO.TBL_USUARIOS (CODIGO_USUARIO,NOMBRE,APELLIDO,CORREO,CONTRASENA,CODIGO_REFERENCIA_RED_SOCIAL,CODIGO_RED_SOCIAL,CODIGO_PLAN,FECHA_INICIO_PLAN,FECHA_FIN_PLAN) values (222,'Usuario 222','Apellido 222','usuario222@correo.com','YTDYirr','ggiFawkaFDRrQBUHzOdtoXtVyVrlNm',1,3,to_date('19-FEB-15','DD-MON-RR'),to_date('11-SEP-15','DD-MON-RR'));
Insert into TRELLO.TBL_USUARIOS (CODIGO_USUARIO,NOMBRE,APELLIDO,CORREO,CONTRASENA,CODIGO_REFERENCIA_RED_SOCIAL,CODIGO_RED_SOCIAL,CODIGO_PLAN,FECHA_INICIO_PLAN,FECHA_FIN_PLAN) values (223,'Usuario 223','Apellido 223','usuario223@correo.com','MedGkiP','wKrZbRhnxwMFkNeBaqnjoDbneVuHEq',1,1,to_date('30-SEP-14','DD-MON-RR'),to_date('08-SEP-15','DD-MON-RR'));
Insert into TRELLO.TBL_USUARIOS (CODIGO_USUARIO,NOMBRE,APELLIDO,CORREO,CONTRASENA,CODIGO_REFERENCIA_RED_SOCIAL,CODIGO_RED_SOCIAL,CODIGO_PLAN,FECHA_INICIO_PLAN,FECHA_FIN_PLAN) values (224,'Usuario 224','Apellido 224','usuario224@correo.com','OyLCmSo','ySXRHYKCRMvnKCaglhfHwymiaEvPRU',1,4,to_date('22-JUN-15','DD-MON-RR'),to_date('06-NOV-15','DD-MON-RR'));
Insert into TRELLO.TBL_USUARIOS (CODIGO_USUARIO,NOMBRE,APELLIDO,CORREO,CONTRASENA,CODIGO_REFERENCIA_RED_SOCIAL,CODIGO_RED_SOCIAL,CODIGO_PLAN,FECHA_INICIO_PLAN,FECHA_FIN_PLAN) values (225,'Usuario 225','Apellido 225','usuario225@correo.com','FKzxgnG','DrASlVWvdSzlFWZXThYsZsYTBxJAHT',2,3,to_date('18-FEB-15','DD-MON-RR'),to_date('02-NOV-15','DD-MON-RR'));
Insert into TRELLO.TBL_USUARIOS (CODIGO_USUARIO,NOMBRE,APELLIDO,CORREO,CONTRASENA,CODIGO_REFERENCIA_RED_SOCIAL,CODIGO_RED_SOCIAL,CODIGO_PLAN,FECHA_INICIO_PLAN,FECHA_FIN_PLAN) values (226,'Usuario 226','Apellido 226','usuario226@correo.com','PjHEWiO','PCamOdZmjsWYLZEpKSsoPfAaOVNbvF',2,4,to_date('11-JAN-15','DD-MON-RR'),to_date('13-OCT-15','DD-MON-RR'));
Insert into TRELLO.TBL_USUARIOS (CODIGO_USUARIO,NOMBRE,APELLIDO,CORREO,CONTRASENA,CODIGO_REFERENCIA_RED_SOCIAL,CODIGO_RED_SOCIAL,CODIGO_PLAN,FECHA_INICIO_PLAN,FECHA_FIN_PLAN) values (227,'Usuario 227','Apellido 227','usuario227@correo.com','MGBsohC','WgeSoLShcwTBipeXnOKiHjKLifMSsW',1,4,to_date('04-FEB-15','DD-MON-RR'),to_date('12-OCT-15','DD-MON-RR'));
Insert into TRELLO.TBL_USUARIOS (CODIGO_USUARIO,NOMBRE,APELLIDO,CORREO,CONTRASENA,CODIGO_REFERENCIA_RED_SOCIAL,CODIGO_RED_SOCIAL,CODIGO_PLAN,FECHA_INICIO_PLAN,FECHA_FIN_PLAN) values (228,'Usuario 228','Apellido 228','usuario228@correo.com','hUMtwxJ','vxoXazGaRkzXsNFLrkhieXAPBVuiaV',2,1,to_date('13-JUN-15','DD-MON-RR'),to_date('05-OCT-15','DD-MON-RR'));
Insert into TRELLO.TBL_USUARIOS (CODIGO_USUARIO,NOMBRE,APELLIDO,CORREO,CONTRASENA,CODIGO_REFERENCIA_RED_SOCIAL,CODIGO_RED_SOCIAL,CODIGO_PLAN,FECHA_INICIO_PLAN,FECHA_FIN_PLAN) values (229,'Usuario 229','Apellido 229','usuario229@correo.com','eJKRJwx','RQOavkKSBuXUxZxTiGBUCjYHehCeOI',2,1,to_date('26-JUL-14','DD-MON-RR'),to_date('17-AUG-15','DD-MON-RR'));
Insert into TRELLO.TBL_USUARIOS (CODIGO_USUARIO,NOMBRE,APELLIDO,CORREO,CONTRASENA,CODIGO_REFERENCIA_RED_SOCIAL,CODIGO_RED_SOCIAL,CODIGO_PLAN,FECHA_INICIO_PLAN,FECHA_FIN_PLAN) values (230,'Usuario 230','Apellido 230','usuario230@correo.com','ESkaTXp','GuTWGaFkLeUsVFwxRFKszUyrcmiAQq',1,1,to_date('05-AUG-14','DD-MON-RR'),to_date('04-SEP-15','DD-MON-RR'));
Insert into TRELLO.TBL_USUARIOS (CODIGO_USUARIO,NOMBRE,APELLIDO,CORREO,CONTRASENA,CODIGO_REFERENCIA_RED_SOCIAL,CODIGO_RED_SOCIAL,CODIGO_PLAN,FECHA_INICIO_PLAN,FECHA_FIN_PLAN) values (231,'Usuario 231','Apellido 231','usuario231@correo.com','ZqzNOsh','zHeuyvOJcdanWgihBWXRdxHRtjUSKq',2,1,to_date('25-MAR-15','DD-MON-RR'),to_date('05-OCT-15','DD-MON-RR'));
Insert into TRELLO.TBL_USUARIOS (CODIGO_USUARIO,NOMBRE,APELLIDO,CORREO,CONTRASENA,CODIGO_REFERENCIA_RED_SOCIAL,CODIGO_RED_SOCIAL,CODIGO_PLAN,FECHA_INICIO_PLAN,FECHA_FIN_PLAN) values (232,'Usuario 232','Apellido 232','usuario232@correo.com','tStFmPM','aEMEvdpwNQrMzztrzMJlMOuAUGPlVx',1,4,to_date('10-JAN-15','DD-MON-RR'),to_date('22-SEP-15','DD-MON-RR'));
Insert into TRELLO.TBL_USUARIOS (CODIGO_USUARIO,NOMBRE,APELLIDO,CORREO,CONTRASENA,CODIGO_REFERENCIA_RED_SOCIAL,CODIGO_RED_SOCIAL,CODIGO_PLAN,FECHA_INICIO_PLAN,FECHA_FIN_PLAN) values (233,'Usuario 233','Apellido 233','usuario233@correo.com','islHqxl','JXpxxJWGcfRAKNvLcqQbDupuZEkGjo',2,2,to_date('03-DEC-14','DD-MON-RR'),to_date('27-SEP-15','DD-MON-RR'));
Insert into TRELLO.TBL_USUARIOS (CODIGO_USUARIO,NOMBRE,APELLIDO,CORREO,CONTRASENA,CODIGO_REFERENCIA_RED_SOCIAL,CODIGO_RED_SOCIAL,CODIGO_PLAN,FECHA_INICIO_PLAN,FECHA_FIN_PLAN) values (234,'Usuario 234','Apellido 234','usuario234@correo.com','JLEXbjv','DVHcsnFYJMLknfjbaDhyGdIGbMOkWu',1,4,to_date('21-OCT-14','DD-MON-RR'),to_date('12-SEP-15','DD-MON-RR'));
Insert into TRELLO.TBL_USUARIOS (CODIGO_USUARIO,NOMBRE,APELLIDO,CORREO,CONTRASENA,CODIGO_REFERENCIA_RED_SOCIAL,CODIGO_RED_SOCIAL,CODIGO_PLAN,FECHA_INICIO_PLAN,FECHA_FIN_PLAN) values (235,'Usuario 235','Apellido 235','usuario235@correo.com','gmczyNx','RTcQGIBNtCeEsBeiWNPhdRvvrXPfhp',1,2,to_date('03-AUG-15','DD-MON-RR'),to_date('28-SEP-15','DD-MON-RR'));
Insert into TRELLO.TBL_USUARIOS (CODIGO_USUARIO,NOMBRE,APELLIDO,CORREO,CONTRASENA,CODIGO_REFERENCIA_RED_SOCIAL,CODIGO_RED_SOCIAL,CODIGO_PLAN,FECHA_INICIO_PLAN,FECHA_FIN_PLAN) values (236,'Usuario 236','Apellido 236','usuario236@correo.com','XjRHpFR','OamYYUFtCKdPIsIrrvoxZiudBnJJUn',null,3,to_date('21-SEP-14','DD-MON-RR'),to_date('10-OCT-15','DD-MON-RR'));
Insert into TRELLO.TBL_USUARIOS (CODIGO_USUARIO,NOMBRE,APELLIDO,CORREO,CONTRASENA,CODIGO_REFERENCIA_RED_SOCIAL,CODIGO_RED_SOCIAL,CODIGO_PLAN,FECHA_INICIO_PLAN,FECHA_FIN_PLAN) values (237,'Usuario 237','Apellido 237','usuario237@correo.com','CqPAkZZ','IxyQdsSSXPhYzvPOvhsHuVsefFYtsQ',1,1,to_date('24-OCT-14','DD-MON-RR'),to_date('17-AUG-15','DD-MON-RR'));
Insert into TRELLO.TBL_USUARIOS (CODIGO_USUARIO,NOMBRE,APELLIDO,CORREO,CONTRASENA,CODIGO_REFERENCIA_RED_SOCIAL,CODIGO_RED_SOCIAL,CODIGO_PLAN,FECHA_INICIO_PLAN,FECHA_FIN_PLAN) values (238,'Usuario 238','Apellido 238','usuario238@correo.com','qMmvTLY','qsnjrEQjiXuFRDoDWJWIjXJLXkmrja',1,2,to_date('31-OCT-14','DD-MON-RR'),to_date('19-AUG-15','DD-MON-RR'));
Insert into TRELLO.TBL_USUARIOS (CODIGO_USUARIO,NOMBRE,APELLIDO,CORREO,CONTRASENA,CODIGO_REFERENCIA_RED_SOCIAL,CODIGO_RED_SOCIAL,CODIGO_PLAN,FECHA_INICIO_PLAN,FECHA_FIN_PLAN) values (239,'Usuario 239','Apellido 239','usuario239@correo.com','eMxuPov','nyiVspTzjvfqVjOdZbbekITSYSOyDs',null,4,to_date('01-MAR-15','DD-MON-RR'),to_date('26-AUG-15','DD-MON-RR'));
Insert into TRELLO.TBL_USUARIOS (CODIGO_USUARIO,NOMBRE,APELLIDO,CORREO,CONTRASENA,CODIGO_REFERENCIA_RED_SOCIAL,CODIGO_RED_SOCIAL,CODIGO_PLAN,FECHA_INICIO_PLAN,FECHA_FIN_PLAN) values (240,'Usuario 240','Apellido 240','usuario240@correo.com','EPyeXUh','WavEnOUFoceXHOMQxTwhlwEmjGTOmx',null,4,to_date('25-JUL-15','DD-MON-RR'),to_date('29-SEP-15','DD-MON-RR'));
Insert into TRELLO.TBL_USUARIOS (CODIGO_USUARIO,NOMBRE,APELLIDO,CORREO,CONTRASENA,CODIGO_REFERENCIA_RED_SOCIAL,CODIGO_RED_SOCIAL,CODIGO_PLAN,FECHA_INICIO_PLAN,FECHA_FIN_PLAN) values (241,'Usuario 241','Apellido 241','usuario241@correo.com','owhneGr','cbzhKlpYLgQUYUGhPSaMbCqCTUpCqX',null,4,to_date('12-FEB-15','DD-MON-RR'),to_date('15-SEP-15','DD-MON-RR'));
Insert into TRELLO.TBL_USUARIOS (CODIGO_USUARIO,NOMBRE,APELLIDO,CORREO,CONTRASENA,CODIGO_REFERENCIA_RED_SOCIAL,CODIGO_RED_SOCIAL,CODIGO_PLAN,FECHA_INICIO_PLAN,FECHA_FIN_PLAN) values (242,'Usuario 242','Apellido 242','usuario242@correo.com','THqcISA','fHWbDjpHWtPgxtwvpjBJeUjNjbPwOA',null,4,to_date('28-NOV-14','DD-MON-RR'),to_date('12-SEP-15','DD-MON-RR'));
Insert into TRELLO.TBL_USUARIOS (CODIGO_USUARIO,NOMBRE,APELLIDO,CORREO,CONTRASENA,CODIGO_REFERENCIA_RED_SOCIAL,CODIGO_RED_SOCIAL,CODIGO_PLAN,FECHA_INICIO_PLAN,FECHA_FIN_PLAN) values (243,'Usuario 243','Apellido 243','usuario243@correo.com','CFaraqj','RXVhsSXCIzGcBOOimXRjEFDcRmXkWl',1,1,to_date('02-FEB-15','DD-MON-RR'),to_date('20-SEP-15','DD-MON-RR'));
Insert into TRELLO.TBL_USUARIOS (CODIGO_USUARIO,NOMBRE,APELLIDO,CORREO,CONTRASENA,CODIGO_REFERENCIA_RED_SOCIAL,CODIGO_RED_SOCIAL,CODIGO_PLAN,FECHA_INICIO_PLAN,FECHA_FIN_PLAN) values (244,'Usuario 244','Apellido 244','usuario244@correo.com','MNBkmkP','DrCdMPVaXJwfuMjJtSOEwDgeSpDzBS',1,3,to_date('05-JUN-15','DD-MON-RR'),to_date('07-SEP-15','DD-MON-RR'));
Insert into TRELLO.TBL_USUARIOS (CODIGO_USUARIO,NOMBRE,APELLIDO,CORREO,CONTRASENA,CODIGO_REFERENCIA_RED_SOCIAL,CODIGO_RED_SOCIAL,CODIGO_PLAN,FECHA_INICIO_PLAN,FECHA_FIN_PLAN) values (245,'Usuario 245','Apellido 245','usuario245@correo.com','iRTxsJh','hBglkiYebGhpQtVgFcNiWBgvexNJbT',2,1,to_date('04-APR-15','DD-MON-RR'),to_date('09-SEP-15','DD-MON-RR'));
Insert into TRELLO.TBL_USUARIOS (CODIGO_USUARIO,NOMBRE,APELLIDO,CORREO,CONTRASENA,CODIGO_REFERENCIA_RED_SOCIAL,CODIGO_RED_SOCIAL,CODIGO_PLAN,FECHA_INICIO_PLAN,FECHA_FIN_PLAN) values (246,'Usuario 246','Apellido 246','usuario246@correo.com','hnPCxRK','gqjvwprLfCUtpdMytvMBzfsqOdgwTy',1,1,to_date('07-JUL-15','DD-MON-RR'),to_date('13-OCT-15','DD-MON-RR'));
Insert into TRELLO.TBL_USUARIOS (CODIGO_USUARIO,NOMBRE,APELLIDO,CORREO,CONTRASENA,CODIGO_REFERENCIA_RED_SOCIAL,CODIGO_RED_SOCIAL,CODIGO_PLAN,FECHA_INICIO_PLAN,FECHA_FIN_PLAN) values (247,'Usuario 247','Apellido 247','usuario247@correo.com','RxVmqcQ','eVIEMPeczQBcKBuUPrPoHUjVlrLPCb',1,2,to_date('22-NOV-14','DD-MON-RR'),to_date('29-OCT-15','DD-MON-RR'));
Insert into TRELLO.TBL_USUARIOS (CODIGO_USUARIO,NOMBRE,APELLIDO,CORREO,CONTRASENA,CODIGO_REFERENCIA_RED_SOCIAL,CODIGO_RED_SOCIAL,CODIGO_PLAN,FECHA_INICIO_PLAN,FECHA_FIN_PLAN) values (248,'Usuario 248','Apellido 248','usuario248@correo.com','DrIVqdw','xvIRDYiINJuKMlPNUUProBhbEUSWkx',1,4,to_date('16-MAY-15','DD-MON-RR'),to_date('16-AUG-15','DD-MON-RR'));
Insert into TRELLO.TBL_USUARIOS (CODIGO_USUARIO,NOMBRE,APELLIDO,CORREO,CONTRASENA,CODIGO_REFERENCIA_RED_SOCIAL,CODIGO_RED_SOCIAL,CODIGO_PLAN,FECHA_INICIO_PLAN,FECHA_FIN_PLAN) values (249,'Usuario 249','Apellido 249','usuario249@correo.com','ZYIDuFV','KNnvoveXGzKrKXCPbooVvxYHUiUoJT',2,3,to_date('01-JAN-15','DD-MON-RR'),to_date('20-SEP-15','DD-MON-RR'));
Insert into TRELLO.TBL_USUARIOS (CODIGO_USUARIO,NOMBRE,APELLIDO,CORREO,CONTRASENA,CODIGO_REFERENCIA_RED_SOCIAL,CODIGO_RED_SOCIAL,CODIGO_PLAN,FECHA_INICIO_PLAN,FECHA_FIN_PLAN) values (250,'Usuario 250','Apellido 250','usuario250@correo.com','kqdFbbR','gcHkrbYNMeysecewIkyPUBjeuiodeq',null,2,to_date('31-MAR-15','DD-MON-RR'),to_date('22-SEP-15','DD-MON-RR'));
Insert into TRELLO.TBL_USUARIOS (CODIGO_USUARIO,NOMBRE,APELLIDO,CORREO,CONTRASENA,CODIGO_REFERENCIA_RED_SOCIAL,CODIGO_RED_SOCIAL,CODIGO_PLAN,FECHA_INICIO_PLAN,FECHA_FIN_PLAN) values (251,'Usuario 251','Apellido 251','usuario251@correo.com','fpzfhvz','nBxRJZnUosZdKvbKvOWSRidHeheIMr',null,2,to_date('06-AUG-15','DD-MON-RR'),to_date('24-OCT-15','DD-MON-RR'));
Insert into TRELLO.TBL_USUARIOS (CODIGO_USUARIO,NOMBRE,APELLIDO,CORREO,CONTRASENA,CODIGO_REFERENCIA_RED_SOCIAL,CODIGO_RED_SOCIAL,CODIGO_PLAN,FECHA_INICIO_PLAN,FECHA_FIN_PLAN) values (252,'Usuario 252','Apellido 252','usuario252@correo.com','lKIRPXg','DIBovcZtMSxQZGRjcZVRvspFLoTNqi',null,2,to_date('19-DEC-14','DD-MON-RR'),to_date('11-OCT-15','DD-MON-RR'));
Insert into TRELLO.TBL_USUARIOS (CODIGO_USUARIO,NOMBRE,APELLIDO,CORREO,CONTRASENA,CODIGO_REFERENCIA_RED_SOCIAL,CODIGO_RED_SOCIAL,CODIGO_PLAN,FECHA_INICIO_PLAN,FECHA_FIN_PLAN) values (253,'Usuario 253','Apellido 253','usuario253@correo.com','GeFgYtw','FcROpkoLgaNHMlPwUCmKBLqlDuenpd',null,3,to_date('23-JUL-14','DD-MON-RR'),to_date('13-SEP-15','DD-MON-RR'));
Insert into TRELLO.TBL_USUARIOS (CODIGO_USUARIO,NOMBRE,APELLIDO,CORREO,CONTRASENA,CODIGO_REFERENCIA_RED_SOCIAL,CODIGO_RED_SOCIAL,CODIGO_PLAN,FECHA_INICIO_PLAN,FECHA_FIN_PLAN) values (254,'Usuario 254','Apellido 254','usuario254@correo.com','KiZuXUt','bxuOgboIQQijkhIXvBfNNqeIXpmgmR',null,3,to_date('07-NOV-14','DD-MON-RR'),to_date('08-NOV-15','DD-MON-RR'));
Insert into TRELLO.TBL_USUARIOS (CODIGO_USUARIO,NOMBRE,APELLIDO,CORREO,CONTRASENA,CODIGO_REFERENCIA_RED_SOCIAL,CODIGO_RED_SOCIAL,CODIGO_PLAN,FECHA_INICIO_PLAN,FECHA_FIN_PLAN) values (255,'Usuario 255','Apellido 255','usuario255@correo.com','QrRZLLv','WZNGoVeMNnHOyBynhuSsClAVzbCHUi',null,2,to_date('07-JUL-15','DD-MON-RR'),to_date('26-SEP-15','DD-MON-RR'));
Insert into TRELLO.TBL_USUARIOS (CODIGO_USUARIO,NOMBRE,APELLIDO,CORREO,CONTRASENA,CODIGO_REFERENCIA_RED_SOCIAL,CODIGO_RED_SOCIAL,CODIGO_PLAN,FECHA_INICIO_PLAN,FECHA_FIN_PLAN) values (256,'Usuario 256','Apellido 256','usuario256@correo.com','TfzmjDZ','nAQPcXmLKKcxLQVAQOIDVkRObtyoiq',1,3,to_date('11-MAR-15','DD-MON-RR'),to_date('01-NOV-15','DD-MON-RR'));
Insert into TRELLO.TBL_USUARIOS (CODIGO_USUARIO,NOMBRE,APELLIDO,CORREO,CONTRASENA,CODIGO_REFERENCIA_RED_SOCIAL,CODIGO_RED_SOCIAL,CODIGO_PLAN,FECHA_INICIO_PLAN,FECHA_FIN_PLAN) values (257,'Usuario 257','Apellido 257','usuario257@correo.com','SOYHKmM','kStHtFrioCHUUoPuODLOsteSuMjXfm',2,4,to_date('09-JAN-15','DD-MON-RR'),to_date('15-AUG-15','DD-MON-RR'));
Insert into TRELLO.TBL_USUARIOS (CODIGO_USUARIO,NOMBRE,APELLIDO,CORREO,CONTRASENA,CODIGO_REFERENCIA_RED_SOCIAL,CODIGO_RED_SOCIAL,CODIGO_PLAN,FECHA_INICIO_PLAN,FECHA_FIN_PLAN) values (258,'Usuario 258','Apellido 258','usuario258@correo.com','cdWGJhA','vCLuyOWWZmzDQfffdeZrUgPAkxruZb',1,4,to_date('26-APR-15','DD-MON-RR'),to_date('29-SEP-15','DD-MON-RR'));
Insert into TRELLO.TBL_USUARIOS (CODIGO_USUARIO,NOMBRE,APELLIDO,CORREO,CONTRASENA,CODIGO_REFERENCIA_RED_SOCIAL,CODIGO_RED_SOCIAL,CODIGO_PLAN,FECHA_INICIO_PLAN,FECHA_FIN_PLAN) values (259,'Usuario 259','Apellido 259','usuario259@correo.com','nrspRlW','XjDHdGbHDOaqxBfADpXplWnMmvJUwQ',2,1,to_date('01-JUN-15','DD-MON-RR'),to_date('18-AUG-15','DD-MON-RR'));
Insert into TRELLO.TBL_USUARIOS (CODIGO_USUARIO,NOMBRE,APELLIDO,CORREO,CONTRASENA,CODIGO_REFERENCIA_RED_SOCIAL,CODIGO_RED_SOCIAL,CODIGO_PLAN,FECHA_INICIO_PLAN,FECHA_FIN_PLAN) values (260,'Usuario 260','Apellido 260','usuario260@correo.com','cKWbrBG','VPYQfOdcPibnYiKfNcaXaIMKCATcWC',1,1,to_date('11-OCT-14','DD-MON-RR'),to_date('20-OCT-15','DD-MON-RR'));
Insert into TRELLO.TBL_USUARIOS (CODIGO_USUARIO,NOMBRE,APELLIDO,CORREO,CONTRASENA,CODIGO_REFERENCIA_RED_SOCIAL,CODIGO_RED_SOCIAL,CODIGO_PLAN,FECHA_INICIO_PLAN,FECHA_FIN_PLAN) values (261,'Usuario 261','Apellido 261','usuario261@correo.com','BBBqPLs','vkpiMoJEktBANRXQssCQnmDxcpaZZr',1,2,to_date('22-MAY-15','DD-MON-RR'),to_date('23-OCT-15','DD-MON-RR'));
Insert into TRELLO.TBL_USUARIOS (CODIGO_USUARIO,NOMBRE,APELLIDO,CORREO,CONTRASENA,CODIGO_REFERENCIA_RED_SOCIAL,CODIGO_RED_SOCIAL,CODIGO_PLAN,FECHA_INICIO_PLAN,FECHA_FIN_PLAN) values (262,'Usuario 262','Apellido 262','usuario262@correo.com','JVBUHlN','eWPbiEHuDSeBOqYZQHlfPdvHLVPlfC',1,2,to_date('28-JAN-15','DD-MON-RR'),to_date('16-SEP-15','DD-MON-RR'));
Insert into TRELLO.TBL_USUARIOS (CODIGO_USUARIO,NOMBRE,APELLIDO,CORREO,CONTRASENA,CODIGO_REFERENCIA_RED_SOCIAL,CODIGO_RED_SOCIAL,CODIGO_PLAN,FECHA_INICIO_PLAN,FECHA_FIN_PLAN) values (263,'Usuario 263','Apellido 263','usuario263@correo.com','PUHFWst','DaFwxjdQGhkkhUpsfMNGNQdytWVvvS',1,1,to_date('08-MAY-15','DD-MON-RR'),to_date('07-SEP-15','DD-MON-RR'));
Insert into TRELLO.TBL_USUARIOS (CODIGO_USUARIO,NOMBRE,APELLIDO,CORREO,CONTRASENA,CODIGO_REFERENCIA_RED_SOCIAL,CODIGO_RED_SOCIAL,CODIGO_PLAN,FECHA_INICIO_PLAN,FECHA_FIN_PLAN) values (264,'Usuario 264','Apellido 264','usuario264@correo.com','Maekbbw','VPjaLRLbhOSnWrwwbstBnaSSwLMFQT',2,3,to_date('28-DEC-14','DD-MON-RR'),to_date('28-AUG-15','DD-MON-RR'));
Insert into TRELLO.TBL_USUARIOS (CODIGO_USUARIO,NOMBRE,APELLIDO,CORREO,CONTRASENA,CODIGO_REFERENCIA_RED_SOCIAL,CODIGO_RED_SOCIAL,CODIGO_PLAN,FECHA_INICIO_PLAN,FECHA_FIN_PLAN) values (265,'Usuario 265','Apellido 265','usuario265@correo.com','ocuKUDk','OjoBGJNETgXCuPSavgclnKLEHQQCQA',1,1,to_date('04-JAN-15','DD-MON-RR'),to_date('30-AUG-15','DD-MON-RR'));
Insert into TRELLO.TBL_USUARIOS (CODIGO_USUARIO,NOMBRE,APELLIDO,CORREO,CONTRASENA,CODIGO_REFERENCIA_RED_SOCIAL,CODIGO_RED_SOCIAL,CODIGO_PLAN,FECHA_INICIO_PLAN,FECHA_FIN_PLAN) values (266,'Usuario 266','Apellido 266','usuario266@correo.com','ohbfBes','dTNqBEmVFfyfPoWzEDXJYLvWMjWvTF',2,1,to_date('08-AUG-14','DD-MON-RR'),to_date('13-AUG-15','DD-MON-RR'));
Insert into TRELLO.TBL_USUARIOS (CODIGO_USUARIO,NOMBRE,APELLIDO,CORREO,CONTRASENA,CODIGO_REFERENCIA_RED_SOCIAL,CODIGO_RED_SOCIAL,CODIGO_PLAN,FECHA_INICIO_PLAN,FECHA_FIN_PLAN) values (267,'Usuario 267','Apellido 267','usuario267@correo.com','eLPrcVw','AwPAcbusElEMaOpCklUJafAecqegyU',1,1,to_date('13-MAR-15','DD-MON-RR'),to_date('29-SEP-15','DD-MON-RR'));
Insert into TRELLO.TBL_USUARIOS (CODIGO_USUARIO,NOMBRE,APELLIDO,CORREO,CONTRASENA,CODIGO_REFERENCIA_RED_SOCIAL,CODIGO_RED_SOCIAL,CODIGO_PLAN,FECHA_INICIO_PLAN,FECHA_FIN_PLAN) values (268,'Usuario 268','Apellido 268','usuario268@correo.com','YnXREoI','zgfDzyiQgZSIWacmugbwwwYLdzxfur',2,3,to_date('01-AUG-15','DD-MON-RR'),to_date('31-AUG-15','DD-MON-RR'));
Insert into TRELLO.TBL_USUARIOS (CODIGO_USUARIO,NOMBRE,APELLIDO,CORREO,CONTRASENA,CODIGO_REFERENCIA_RED_SOCIAL,CODIGO_RED_SOCIAL,CODIGO_PLAN,FECHA_INICIO_PLAN,FECHA_FIN_PLAN) values (269,'Usuario 269','Apellido 269','usuario269@correo.com','eezNsWD','yGqchGUFOUNBMTcgdjtpbBhOwmVoVJ',2,3,to_date('19-NOV-14','DD-MON-RR'),to_date('03-SEP-15','DD-MON-RR'));
Insert into TRELLO.TBL_USUARIOS (CODIGO_USUARIO,NOMBRE,APELLIDO,CORREO,CONTRASENA,CODIGO_REFERENCIA_RED_SOCIAL,CODIGO_RED_SOCIAL,CODIGO_PLAN,FECHA_INICIO_PLAN,FECHA_FIN_PLAN) values (270,'Usuario 270','Apellido 270','usuario270@correo.com','YeefjOS','tvDLOhTNYoouESvtMQCPSlxHlgrzMu',2,3,to_date('23-SEP-14','DD-MON-RR'),to_date('23-AUG-15','DD-MON-RR'));
Insert into TRELLO.TBL_USUARIOS (CODIGO_USUARIO,NOMBRE,APELLIDO,CORREO,CONTRASENA,CODIGO_REFERENCIA_RED_SOCIAL,CODIGO_RED_SOCIAL,CODIGO_PLAN,FECHA_INICIO_PLAN,FECHA_FIN_PLAN) values (271,'Usuario 271','Apellido 271','usuario271@correo.com','nPOhJLK','cPOQaczohuxULaebvLacOpOibKTAFF',1,4,to_date('22-MAR-15','DD-MON-RR'),to_date('21-SEP-15','DD-MON-RR'));
Insert into TRELLO.TBL_USUARIOS (CODIGO_USUARIO,NOMBRE,APELLIDO,CORREO,CONTRASENA,CODIGO_REFERENCIA_RED_SOCIAL,CODIGO_RED_SOCIAL,CODIGO_PLAN,FECHA_INICIO_PLAN,FECHA_FIN_PLAN) values (272,'Usuario 272','Apellido 272','usuario272@correo.com','iMZHZNm','xgGWGRoyqrwzZsEZhRghWhzYggliDp',2,1,to_date('16-JUN-15','DD-MON-RR'),to_date('12-SEP-15','DD-MON-RR'));
Insert into TRELLO.TBL_USUARIOS (CODIGO_USUARIO,NOMBRE,APELLIDO,CORREO,CONTRASENA,CODIGO_REFERENCIA_RED_SOCIAL,CODIGO_RED_SOCIAL,CODIGO_PLAN,FECHA_INICIO_PLAN,FECHA_FIN_PLAN) values (273,'Usuario 273','Apellido 273','usuario273@correo.com','lvgXaAK','xEfPxrLAsGeHNKeNsEKHWHxahvGQeZ',2,2,to_date('31-OCT-14','DD-MON-RR'),to_date('25-OCT-15','DD-MON-RR'));
Insert into TRELLO.TBL_USUARIOS (CODIGO_USUARIO,NOMBRE,APELLIDO,CORREO,CONTRASENA,CODIGO_REFERENCIA_RED_SOCIAL,CODIGO_RED_SOCIAL,CODIGO_PLAN,FECHA_INICIO_PLAN,FECHA_FIN_PLAN) values (274,'Usuario 274','Apellido 274','usuario274@correo.com','mfrkgYs','MKCsnUbpGnthykfAlgcRDOdTRmEuLm',2,2,to_date('02-MAR-15','DD-MON-RR'),to_date('31-OCT-15','DD-MON-RR'));
Insert into TRELLO.TBL_USUARIOS (CODIGO_USUARIO,NOMBRE,APELLIDO,CORREO,CONTRASENA,CODIGO_REFERENCIA_RED_SOCIAL,CODIGO_RED_SOCIAL,CODIGO_PLAN,FECHA_INICIO_PLAN,FECHA_FIN_PLAN) values (275,'Usuario 275','Apellido 275','usuario275@correo.com','OuSBXBt','JMYctkxSHJnvCLexGmyGLGbwHbQmCB',2,4,to_date('04-OCT-14','DD-MON-RR'),to_date('30-AUG-15','DD-MON-RR'));
Insert into TRELLO.TBL_USUARIOS (CODIGO_USUARIO,NOMBRE,APELLIDO,CORREO,CONTRASENA,CODIGO_REFERENCIA_RED_SOCIAL,CODIGO_RED_SOCIAL,CODIGO_PLAN,FECHA_INICIO_PLAN,FECHA_FIN_PLAN) values (276,'Usuario 276','Apellido 276','usuario276@correo.com','fHOQktN','hGovvRQBsZNdcpRnoOvmbIvzSDQbOq',1,2,to_date('04-JUL-15','DD-MON-RR'),to_date('20-AUG-15','DD-MON-RR'));
Insert into TRELLO.TBL_USUARIOS (CODIGO_USUARIO,NOMBRE,APELLIDO,CORREO,CONTRASENA,CODIGO_REFERENCIA_RED_SOCIAL,CODIGO_RED_SOCIAL,CODIGO_PLAN,FECHA_INICIO_PLAN,FECHA_FIN_PLAN) values (277,'Usuario 277','Apellido 277','usuario277@correo.com','GBtMJUp','zfeUHceuDAsspNAJEWJIkVxUTeVCaH',2,2,to_date('09-JAN-15','DD-MON-RR'),to_date('16-OCT-15','DD-MON-RR'));
Insert into TRELLO.TBL_USUARIOS (CODIGO_USUARIO,NOMBRE,APELLIDO,CORREO,CONTRASENA,CODIGO_REFERENCIA_RED_SOCIAL,CODIGO_RED_SOCIAL,CODIGO_PLAN,FECHA_INICIO_PLAN,FECHA_FIN_PLAN) values (278,'Usuario 278','Apellido 278','usuario278@correo.com','wPYeMGQ','UGghVOzdKBxfRJTKAXijJHfRoINrNQ',1,4,to_date('10-APR-15','DD-MON-RR'),to_date('31-AUG-15','DD-MON-RR'));
Insert into TRELLO.TBL_USUARIOS (CODIGO_USUARIO,NOMBRE,APELLIDO,CORREO,CONTRASENA,CODIGO_REFERENCIA_RED_SOCIAL,CODIGO_RED_SOCIAL,CODIGO_PLAN,FECHA_INICIO_PLAN,FECHA_FIN_PLAN) values (279,'Usuario 279','Apellido 279','usuario279@correo.com','SrLTxpX','AFZogmRTyInUliIPuYieUUarPWddQA',1,2,to_date('05-OCT-14','DD-MON-RR'),to_date('31-OCT-15','DD-MON-RR'));
Insert into TRELLO.TBL_USUARIOS (CODIGO_USUARIO,NOMBRE,APELLIDO,CORREO,CONTRASENA,CODIGO_REFERENCIA_RED_SOCIAL,CODIGO_RED_SOCIAL,CODIGO_PLAN,FECHA_INICIO_PLAN,FECHA_FIN_PLAN) values (280,'Usuario 280','Apellido 280','usuario280@correo.com','xoRjIGV','ehCDzfjrZqoSQOPcCSxnpqmRlIDRRW',1,1,to_date('05-APR-15','DD-MON-RR'),to_date('16-SEP-15','DD-MON-RR'));
Insert into TRELLO.TBL_USUARIOS (CODIGO_USUARIO,NOMBRE,APELLIDO,CORREO,CONTRASENA,CODIGO_REFERENCIA_RED_SOCIAL,CODIGO_RED_SOCIAL,CODIGO_PLAN,FECHA_INICIO_PLAN,FECHA_FIN_PLAN) values (281,'Usuario 281','Apellido 281','usuario281@correo.com','YUFaGwU','RjQnnQMPmEZztnPqFVRBzuqXMmVpWY',1,3,to_date('03-DEC-14','DD-MON-RR'),to_date('11-NOV-15','DD-MON-RR'));
Insert into TRELLO.TBL_USUARIOS (CODIGO_USUARIO,NOMBRE,APELLIDO,CORREO,CONTRASENA,CODIGO_REFERENCIA_RED_SOCIAL,CODIGO_RED_SOCIAL,CODIGO_PLAN,FECHA_INICIO_PLAN,FECHA_FIN_PLAN) values (282,'Usuario 282','Apellido 282','usuario282@correo.com','ceDdBvI','qRPDSHmtlGZAmseVmcJpjzSIBdwRQl',1,1,to_date('18-NOV-14','DD-MON-RR'),to_date('17-OCT-15','DD-MON-RR'));
Insert into TRELLO.TBL_USUARIOS (CODIGO_USUARIO,NOMBRE,APELLIDO,CORREO,CONTRASENA,CODIGO_REFERENCIA_RED_SOCIAL,CODIGO_RED_SOCIAL,CODIGO_PLAN,FECHA_INICIO_PLAN,FECHA_FIN_PLAN) values (283,'Usuario 283','Apellido 283','usuario283@correo.com','CMxKFYc','PXLPOCpFnsNANQsuMUjtBFUXcNkCju',1,4,to_date('28-NOV-14','DD-MON-RR'),to_date('16-NOV-15','DD-MON-RR'));
Insert into TRELLO.TBL_USUARIOS (CODIGO_USUARIO,NOMBRE,APELLIDO,CORREO,CONTRASENA,CODIGO_REFERENCIA_RED_SOCIAL,CODIGO_RED_SOCIAL,CODIGO_PLAN,FECHA_INICIO_PLAN,FECHA_FIN_PLAN) values (284,'Usuario 284','Apellido 284','usuario284@correo.com','zOVyGRp','eRzfFdcXwrLLszrlwSywEwVtMPiPzM',1,4,to_date('03-AUG-15','DD-MON-RR'),to_date('24-AUG-15','DD-MON-RR'));
Insert into TRELLO.TBL_USUARIOS (CODIGO_USUARIO,NOMBRE,APELLIDO,CORREO,CONTRASENA,CODIGO_REFERENCIA_RED_SOCIAL,CODIGO_RED_SOCIAL,CODIGO_PLAN,FECHA_INICIO_PLAN,FECHA_FIN_PLAN) values (285,'Usuario 285','Apellido 285','usuario285@correo.com','gKxAzKb','OvnNjSxRMRCDmirgiuEpeVxjrWqzrv',1,3,to_date('25-AUG-14','DD-MON-RR'),to_date('10-SEP-15','DD-MON-RR'));
Insert into TRELLO.TBL_USUARIOS (CODIGO_USUARIO,NOMBRE,APELLIDO,CORREO,CONTRASENA,CODIGO_REFERENCIA_RED_SOCIAL,CODIGO_RED_SOCIAL,CODIGO_PLAN,FECHA_INICIO_PLAN,FECHA_FIN_PLAN) values (286,'Usuario 286','Apellido 286','usuario286@correo.com','RfnqebA','RCykqhbaPneVHLGSdNaOVyFBTiaZVH',2,1,to_date('13-JUN-15','DD-MON-RR'),to_date('01-SEP-15','DD-MON-RR'));
Insert into TRELLO.TBL_USUARIOS (CODIGO_USUARIO,NOMBRE,APELLIDO,CORREO,CONTRASENA,CODIGO_REFERENCIA_RED_SOCIAL,CODIGO_RED_SOCIAL,CODIGO_PLAN,FECHA_INICIO_PLAN,FECHA_FIN_PLAN) values (287,'Usuario 287','Apellido 287','usuario287@correo.com','PMeKSme','eMCknLNfFBMcgBllZKLpJlXbuhmWZE',1,4,to_date('17-OCT-14','DD-MON-RR'),to_date('16-OCT-15','DD-MON-RR'));
Insert into TRELLO.TBL_USUARIOS (CODIGO_USUARIO,NOMBRE,APELLIDO,CORREO,CONTRASENA,CODIGO_REFERENCIA_RED_SOCIAL,CODIGO_RED_SOCIAL,CODIGO_PLAN,FECHA_INICIO_PLAN,FECHA_FIN_PLAN) values (288,'Usuario 288','Apellido 288','usuario288@correo.com','FlROzoc','mxokwtNZXTUEJGYuoHMQVXsSSNyQka',1,4,to_date('30-MAY-15','DD-MON-RR'),to_date('22-SEP-15','DD-MON-RR'));
Insert into TRELLO.TBL_USUARIOS (CODIGO_USUARIO,NOMBRE,APELLIDO,CORREO,CONTRASENA,CODIGO_REFERENCIA_RED_SOCIAL,CODIGO_RED_SOCIAL,CODIGO_PLAN,FECHA_INICIO_PLAN,FECHA_FIN_PLAN) values (289,'Usuario 289','Apellido 289','usuario289@correo.com','tiQpTFF','rdNNRgFNxhkXgvELmAgTPVhxOmZvsz',2,4,to_date('23-SEP-14','DD-MON-RR'),to_date('21-SEP-15','DD-MON-RR'));
Insert into TRELLO.TBL_USUARIOS (CODIGO_USUARIO,NOMBRE,APELLIDO,CORREO,CONTRASENA,CODIGO_REFERENCIA_RED_SOCIAL,CODIGO_RED_SOCIAL,CODIGO_PLAN,FECHA_INICIO_PLAN,FECHA_FIN_PLAN) values (290,'Usuario 290','Apellido 290','usuario290@correo.com','jpZYfLf','AHGwAVQuPjEomDFQnJJfALnLTMFTkX',1,1,to_date('02-OCT-14','DD-MON-RR'),to_date('29-SEP-15','DD-MON-RR'));
Insert into TRELLO.TBL_USUARIOS (CODIGO_USUARIO,NOMBRE,APELLIDO,CORREO,CONTRASENA,CODIGO_REFERENCIA_RED_SOCIAL,CODIGO_RED_SOCIAL,CODIGO_PLAN,FECHA_INICIO_PLAN,FECHA_FIN_PLAN) values (291,'Usuario 291','Apellido 291','usuario291@correo.com','LVCOJBJ','AglyEGRtyFZrzrUTMQksjwDJQKoSOS',2,1,to_date('24-SEP-14','DD-MON-RR'),to_date('16-OCT-15','DD-MON-RR'));
Insert into TRELLO.TBL_USUARIOS (CODIGO_USUARIO,NOMBRE,APELLIDO,CORREO,CONTRASENA,CODIGO_REFERENCIA_RED_SOCIAL,CODIGO_RED_SOCIAL,CODIGO_PLAN,FECHA_INICIO_PLAN,FECHA_FIN_PLAN) values (292,'Usuario 292','Apellido 292','usuario292@correo.com','yPtdMKK','sbWKWInbGuyFFTRqZQTYPDnWXHsUhe',1,1,to_date('10-MAY-15','DD-MON-RR'),to_date('20-OCT-15','DD-MON-RR'));
Insert into TRELLO.TBL_USUARIOS (CODIGO_USUARIO,NOMBRE,APELLIDO,CORREO,CONTRASENA,CODIGO_REFERENCIA_RED_SOCIAL,CODIGO_RED_SOCIAL,CODIGO_PLAN,FECHA_INICIO_PLAN,FECHA_FIN_PLAN) values (293,'Usuario 293','Apellido 293','usuario293@correo.com','uSMwsQi','QUYRcgqPiRsQyhQiPfDmKkSJsYSQKH',1,3,to_date('14-OCT-14','DD-MON-RR'),to_date('18-AUG-15','DD-MON-RR'));
Insert into TRELLO.TBL_USUARIOS (CODIGO_USUARIO,NOMBRE,APELLIDO,CORREO,CONTRASENA,CODIGO_REFERENCIA_RED_SOCIAL,CODIGO_RED_SOCIAL,CODIGO_PLAN,FECHA_INICIO_PLAN,FECHA_FIN_PLAN) values (294,'Usuario 294','Apellido 294','usuario294@correo.com','ggUNnpK','NycFZueZWzHdjsJsqhmnzwVOYwSuEY',2,4,to_date('24-JUL-15','DD-MON-RR'),to_date('18-OCT-15','DD-MON-RR'));
Insert into TRELLO.TBL_USUARIOS (CODIGO_USUARIO,NOMBRE,APELLIDO,CORREO,CONTRASENA,CODIGO_REFERENCIA_RED_SOCIAL,CODIGO_RED_SOCIAL,CODIGO_PLAN,FECHA_INICIO_PLAN,FECHA_FIN_PLAN) values (295,'Usuario 295','Apellido 295','usuario295@correo.com','QKMnSuR','YnqAqfmNSIMkLYmvvzdSESYPXnwgbm',1,1,to_date('22-JAN-15','DD-MON-RR'),to_date('20-SEP-15','DD-MON-RR'));
Insert into TRELLO.TBL_USUARIOS (CODIGO_USUARIO,NOMBRE,APELLIDO,CORREO,CONTRASENA,CODIGO_REFERENCIA_RED_SOCIAL,CODIGO_RED_SOCIAL,CODIGO_PLAN,FECHA_INICIO_PLAN,FECHA_FIN_PLAN) values (296,'Usuario 296','Apellido 296','usuario296@correo.com','AnBAmPb','HokyexLPofskTgwbmhRRtTsmNXNZYK',1,1,to_date('23-MAR-15','DD-MON-RR'),to_date('13-NOV-15','DD-MON-RR'));
Insert into TRELLO.TBL_USUARIOS (CODIGO_USUARIO,NOMBRE,APELLIDO,CORREO,CONTRASENA,CODIGO_REFERENCIA_RED_SOCIAL,CODIGO_RED_SOCIAL,CODIGO_PLAN,FECHA_INICIO_PLAN,FECHA_FIN_PLAN) values (297,'Usuario 297','Apellido 297','usuario297@correo.com','DwWanbb','YLFnCBRhETuGINUMxYDIiXGhvhpHjD',1,1,to_date('28-DEC-14','DD-MON-RR'),to_date('03-OCT-15','DD-MON-RR'));
Insert into TRELLO.TBL_USUARIOS (CODIGO_USUARIO,NOMBRE,APELLIDO,CORREO,CONTRASENA,CODIGO_REFERENCIA_RED_SOCIAL,CODIGO_RED_SOCIAL,CODIGO_PLAN,FECHA_INICIO_PLAN,FECHA_FIN_PLAN) values (298,'Usuario 298','Apellido 298','usuario298@correo.com','hVuEvcg','TeSkcezbAeJLiJTsvumEfnirbcCSPo',2,4,to_date('22-NOV-14','DD-MON-RR'),to_date('27-SEP-15','DD-MON-RR'));
Insert into TRELLO.TBL_USUARIOS (CODIGO_USUARIO,NOMBRE,APELLIDO,CORREO,CONTRASENA,CODIGO_REFERENCIA_RED_SOCIAL,CODIGO_RED_SOCIAL,CODIGO_PLAN,FECHA_INICIO_PLAN,FECHA_FIN_PLAN) values (299,'Usuario 299','Apellido 299','usuario299@correo.com','TzkhWhU','QvlXZWTcIyjiKXvGUCsTdTiFcLSrqa',1,1,to_date('27-NOV-14','DD-MON-RR'),to_date('30-AUG-15','DD-MON-RR'));
Insert into TRELLO.TBL_USUARIOS (CODIGO_USUARIO,NOMBRE,APELLIDO,CORREO,CONTRASENA,CODIGO_REFERENCIA_RED_SOCIAL,CODIGO_RED_SOCIAL,CODIGO_PLAN,FECHA_INICIO_PLAN,FECHA_FIN_PLAN) values (300,'Usuario 300','Apellido 300','usuario300@correo.com','CMEKEkA','ByzAnovWsEKqQZtGEOQwjnpomvPhzq',1,1,to_date('16-SEP-14','DD-MON-RR'),to_date('12-OCT-15','DD-MON-RR'));
Insert into TRELLO.TBL_USUARIOS (CODIGO_USUARIO,NOMBRE,APELLIDO,CORREO,CONTRASENA,CODIGO_REFERENCIA_RED_SOCIAL,CODIGO_RED_SOCIAL,CODIGO_PLAN,FECHA_INICIO_PLAN,FECHA_FIN_PLAN) values (301,'Usuario 301','Apellido 301','usuario301@correo.com','dGXByDX','BgqpEntRdBtsZpntPinfRajXownbsJ',2,2,to_date('29-JUL-14','DD-MON-RR'),to_date('03-SEP-15','DD-MON-RR'));
Insert into TRELLO.TBL_USUARIOS (CODIGO_USUARIO,NOMBRE,APELLIDO,CORREO,CONTRASENA,CODIGO_REFERENCIA_RED_SOCIAL,CODIGO_RED_SOCIAL,CODIGO_PLAN,FECHA_INICIO_PLAN,FECHA_FIN_PLAN) values (1,'Usuario 1','Apellido 1','usuario1@correo.com','abc123','123',1,1,to_date('05-NOV-15','DD-MON-RR'),to_date('27-NOV-15','DD-MON-RR'));
Insert into TRELLO.TBL_USUARIOS (CODIGO_USUARIO,NOMBRE,APELLIDO,CORREO,CONTRASENA,CODIGO_REFERENCIA_RED_SOCIAL,CODIGO_RED_SOCIAL,CODIGO_PLAN,FECHA_INICIO_PLAN,FECHA_FIN_PLAN) values (2,'Usuario 2','Apellido 2','usuario2@correo.com','CfuPTVZ','yjJrqYpbIdwDzZVuNwZUUkTFREltnP',2,4,to_date('29-JUN-15','DD-MON-RR'),to_date('13-AUG-15','DD-MON-RR'));
Insert into TRELLO.TBL_USUARIOS (CODIGO_USUARIO,NOMBRE,APELLIDO,CORREO,CONTRASENA,CODIGO_REFERENCIA_RED_SOCIAL,CODIGO_RED_SOCIAL,CODIGO_PLAN,FECHA_INICIO_PLAN,FECHA_FIN_PLAN) values (3,'Usuario 3','Apellido 3','usuario3@correo.com','EiKNPxU','PmmVbMczFPkEpePnuleonROcBlJnkr',2,1,to_date('09-MAY-15','DD-MON-RR'),to_date('05-NOV-15','DD-MON-RR'));
Insert into TRELLO.TBL_USUARIOS (CODIGO_USUARIO,NOMBRE,APELLIDO,CORREO,CONTRASENA,CODIGO_REFERENCIA_RED_SOCIAL,CODIGO_RED_SOCIAL,CODIGO_PLAN,FECHA_INICIO_PLAN,FECHA_FIN_PLAN) values (4,'Usuario 4','Apellido 4','usuario4@correo.com','qLghQJA','drFcFttpNyBgLxRYvILEKMRVaPVMgx',2,2,to_date('19-FEB-15','DD-MON-RR'),to_date('21-AUG-15','DD-MON-RR'));
Insert into TRELLO.TBL_USUARIOS (CODIGO_USUARIO,NOMBRE,APELLIDO,CORREO,CONTRASENA,CODIGO_REFERENCIA_RED_SOCIAL,CODIGO_RED_SOCIAL,CODIGO_PLAN,FECHA_INICIO_PLAN,FECHA_FIN_PLAN) values (5,'Usuario 5','Apellido 5','usuario5@correo.com','QXHWqyI','pQDedkByWkrdbVDHbpmqoDjtSDSTHX',1,4,to_date('07-JAN-15','DD-MON-RR'),to_date('03-NOV-15','DD-MON-RR'));
Insert into TRELLO.TBL_USUARIOS (CODIGO_USUARIO,NOMBRE,APELLIDO,CORREO,CONTRASENA,CODIGO_REFERENCIA_RED_SOCIAL,CODIGO_RED_SOCIAL,CODIGO_PLAN,FECHA_INICIO_PLAN,FECHA_FIN_PLAN) values (6,'Usuario 6','Apellido 6','usuario6@correo.com','opCXYmG','DJZRRdVGJyKuiBHUVxlHFwysgTdtbt',2,4,to_date('01-AUG-14','DD-MON-RR'),to_date('18-OCT-15','DD-MON-RR'));
Insert into TRELLO.TBL_USUARIOS (CODIGO_USUARIO,NOMBRE,APELLIDO,CORREO,CONTRASENA,CODIGO_REFERENCIA_RED_SOCIAL,CODIGO_RED_SOCIAL,CODIGO_PLAN,FECHA_INICIO_PLAN,FECHA_FIN_PLAN) values (7,'Usuario 7','Apellido 7','usuario7@correo.com','GVNPZNR','dCFFFwdmbJdUlykdCKtXDzGOQQvQgi',2,3,to_date('02-OCT-14','DD-MON-RR'),to_date('23-OCT-15','DD-MON-RR'));
Insert into TRELLO.TBL_USUARIOS (CODIGO_USUARIO,NOMBRE,APELLIDO,CORREO,CONTRASENA,CODIGO_REFERENCIA_RED_SOCIAL,CODIGO_RED_SOCIAL,CODIGO_PLAN,FECHA_INICIO_PLAN,FECHA_FIN_PLAN) values (8,'Usuario 8','Apellido 8','usuario8@correo.com','LBvVTun','WwehdZSQPlSYUfuTBWmeQOQXoWgUDX',2,3,to_date('19-SEP-14','DD-MON-RR'),to_date('13-NOV-15','DD-MON-RR'));
Insert into TRELLO.TBL_USUARIOS (CODIGO_USUARIO,NOMBRE,APELLIDO,CORREO,CONTRASENA,CODIGO_REFERENCIA_RED_SOCIAL,CODIGO_RED_SOCIAL,CODIGO_PLAN,FECHA_INICIO_PLAN,FECHA_FIN_PLAN) values (9,'Usuario 9','Apellido 9','usuario9@correo.com','kdghhfh','jFCSWIOhnamhKKKTLBhxIwFnDCAMcz',2,1,to_date('08-SEP-14','DD-MON-RR'),to_date('15-SEP-15','DD-MON-RR'));
Insert into TRELLO.TBL_USUARIOS (CODIGO_USUARIO,NOMBRE,APELLIDO,CORREO,CONTRASENA,CODIGO_REFERENCIA_RED_SOCIAL,CODIGO_RED_SOCIAL,CODIGO_PLAN,FECHA_INICIO_PLAN,FECHA_FIN_PLAN) values (10,'Usuario 10','Apellido 10','usuario10@correo.com','jlYlWKG','HliAqJNmKdpdlVnHDfyHxofHVTjwgd',1,1,to_date('20-MAR-15','DD-MON-RR'),to_date('17-SEP-15','DD-MON-RR'));
Insert into TRELLO.TBL_USUARIOS (CODIGO_USUARIO,NOMBRE,APELLIDO,CORREO,CONTRASENA,CODIGO_REFERENCIA_RED_SOCIAL,CODIGO_RED_SOCIAL,CODIGO_PLAN,FECHA_INICIO_PLAN,FECHA_FIN_PLAN) values (11,'Usuario 11','Apellido 11','usuario11@correo.com','InOBqMe','CFkDuzkPkfjKpOcESwXmfvdKyRAWeU',2,3,to_date('04-JUL-15','DD-MON-RR'),to_date('27-AUG-15','DD-MON-RR'));
Insert into TRELLO.TBL_USUARIOS (CODIGO_USUARIO,NOMBRE,APELLIDO,CORREO,CONTRASENA,CODIGO_REFERENCIA_RED_SOCIAL,CODIGO_RED_SOCIAL,CODIGO_PLAN,FECHA_INICIO_PLAN,FECHA_FIN_PLAN) values (12,'Usuario 12','Apellido 12','usuario12@correo.com','BieskDO','grSflXyFLBgmqoBXkaYTTxpWktUGNI',2,3,to_date('14-APR-15','DD-MON-RR'),to_date('07-NOV-15','DD-MON-RR'));
Insert into TRELLO.TBL_USUARIOS (CODIGO_USUARIO,NOMBRE,APELLIDO,CORREO,CONTRASENA,CODIGO_REFERENCIA_RED_SOCIAL,CODIGO_RED_SOCIAL,CODIGO_PLAN,FECHA_INICIO_PLAN,FECHA_FIN_PLAN) values (13,'Usuario 13','Apellido 13','usuario13@correo.com','LgAIEcB','DQKXjcbbGyLislQknmzfeiaGrSqxFz',null,3,to_date('30-SEP-14','DD-MON-RR'),to_date('22-SEP-15','DD-MON-RR'));
Insert into TRELLO.TBL_USUARIOS (CODIGO_USUARIO,NOMBRE,APELLIDO,CORREO,CONTRASENA,CODIGO_REFERENCIA_RED_SOCIAL,CODIGO_RED_SOCIAL,CODIGO_PLAN,FECHA_INICIO_PLAN,FECHA_FIN_PLAN) values (14,'Usuario 14','Apellido 14','usuario14@correo.com','qgRyMAS','SvARtAsxffnnDIvjAUpbNFvbBPKjdk',null,1,to_date('16-AUG-14','DD-MON-RR'),to_date('17-SEP-15','DD-MON-RR'));
Insert into TRELLO.TBL_USUARIOS (CODIGO_USUARIO,NOMBRE,APELLIDO,CORREO,CONTRASENA,CODIGO_REFERENCIA_RED_SOCIAL,CODIGO_RED_SOCIAL,CODIGO_PLAN,FECHA_INICIO_PLAN,FECHA_FIN_PLAN) values (15,'Usuario 15','Apellido 15','usuario15@correo.com','wcazpyW','ksDuYYeKVtLRvuTKLBXkxCaLkPeHki',null,1,to_date('25-NOV-14','DD-MON-RR'),to_date('20-SEP-15','DD-MON-RR'));
Insert into TRELLO.TBL_USUARIOS (CODIGO_USUARIO,NOMBRE,APELLIDO,CORREO,CONTRASENA,CODIGO_REFERENCIA_RED_SOCIAL,CODIGO_RED_SOCIAL,CODIGO_PLAN,FECHA_INICIO_PLAN,FECHA_FIN_PLAN) values (16,'Usuario 16','Apellido 16','usuario16@correo.com','HdTGMkD','vvgzYFryzLxrZiUIhBJGBQDXTvPAgv',null,4,to_date('19-MAR-15','DD-MON-RR'),to_date('15-OCT-15','DD-MON-RR'));
Insert into TRELLO.TBL_USUARIOS (CODIGO_USUARIO,NOMBRE,APELLIDO,CORREO,CONTRASENA,CODIGO_REFERENCIA_RED_SOCIAL,CODIGO_RED_SOCIAL,CODIGO_PLAN,FECHA_INICIO_PLAN,FECHA_FIN_PLAN) values (17,'Usuario 17','Apellido 17','usuario17@correo.com','xagDiPp','EcHFapLJnaHcobOqwzEBFuSduSFlDX',null,1,to_date('23-OCT-14','DD-MON-RR'),to_date('21-OCT-15','DD-MON-RR'));
Insert into TRELLO.TBL_USUARIOS (CODIGO_USUARIO,NOMBRE,APELLIDO,CORREO,CONTRASENA,CODIGO_REFERENCIA_RED_SOCIAL,CODIGO_RED_SOCIAL,CODIGO_PLAN,FECHA_INICIO_PLAN,FECHA_FIN_PLAN) values (18,'Usuario 18','Apellido 18','usuario18@correo.com','Gqtjciq','HIkpLJOxehIdiSzuNqdNiPZoOShLqZ',null,1,to_date('04-MAY-15','DD-MON-RR'),to_date('07-SEP-15','DD-MON-RR'));
Insert into TRELLO.TBL_USUARIOS (CODIGO_USUARIO,NOMBRE,APELLIDO,CORREO,CONTRASENA,CODIGO_REFERENCIA_RED_SOCIAL,CODIGO_RED_SOCIAL,CODIGO_PLAN,FECHA_INICIO_PLAN,FECHA_FIN_PLAN) values (19,'Usuario 19','Apellido 19','usuario19@correo.com','uGcrrwn','ugFpFgcxTGSsHfWbRACjAErTDjKKrr',null,3,to_date('28-MAY-15','DD-MON-RR'),to_date('12-OCT-15','DD-MON-RR'));
Insert into TRELLO.TBL_USUARIOS (CODIGO_USUARIO,NOMBRE,APELLIDO,CORREO,CONTRASENA,CODIGO_REFERENCIA_RED_SOCIAL,CODIGO_RED_SOCIAL,CODIGO_PLAN,FECHA_INICIO_PLAN,FECHA_FIN_PLAN) values (20,'Usuario 20','Apellido 20','usuario20@correo.com','YVFRLlo','djhRdnDvILrwoGxPQzwXdicZrNNwiM',null,3,to_date('27-OCT-14','DD-MON-RR'),to_date('18-OCT-15','DD-MON-RR'));
Insert into TRELLO.TBL_USUARIOS (CODIGO_USUARIO,NOMBRE,APELLIDO,CORREO,CONTRASENA,CODIGO_REFERENCIA_RED_SOCIAL,CODIGO_RED_SOCIAL,CODIGO_PLAN,FECHA_INICIO_PLAN,FECHA_FIN_PLAN) values (21,'Usuario 21','Apellido 21','usuario21@correo.com','SifWzrV','BnfIiZjYSduuOOVwuNMAJatbKfTcxH',null,1,to_date('03-NOV-14','DD-MON-RR'),to_date('10-NOV-15','DD-MON-RR'));
Insert into TRELLO.TBL_USUARIOS (CODIGO_USUARIO,NOMBRE,APELLIDO,CORREO,CONTRASENA,CODIGO_REFERENCIA_RED_SOCIAL,CODIGO_RED_SOCIAL,CODIGO_PLAN,FECHA_INICIO_PLAN,FECHA_FIN_PLAN) values (22,'Usuario 22','Apellido 22','usuario22@correo.com','mRCIPgq','rcbUAiKguffZlwMTzlfgUaChgLRWkc',null,1,to_date('02-OCT-14','DD-MON-RR'),to_date('24-SEP-15','DD-MON-RR'));
Insert into TRELLO.TBL_USUARIOS (CODIGO_USUARIO,NOMBRE,APELLIDO,CORREO,CONTRASENA,CODIGO_REFERENCIA_RED_SOCIAL,CODIGO_RED_SOCIAL,CODIGO_PLAN,FECHA_INICIO_PLAN,FECHA_FIN_PLAN) values (23,'Usuario 23','Apellido 23','usuario23@correo.com','dablraz','IWsiODCXwidpiYYotrlLvljIIAMiDt',null,4,to_date('23-JUL-15','DD-MON-RR'),to_date('01-OCT-15','DD-MON-RR'));
Insert into TRELLO.TBL_USUARIOS (CODIGO_USUARIO,NOMBRE,APELLIDO,CORREO,CONTRASENA,CODIGO_REFERENCIA_RED_SOCIAL,CODIGO_RED_SOCIAL,CODIGO_PLAN,FECHA_INICIO_PLAN,FECHA_FIN_PLAN) values (24,'Usuario 24','Apellido 24','usuario24@correo.com','DoGkEIA','AaLJdcVULnhcJHQWFRRxBQzHhepIcw',null,4,to_date('12-MAY-15','DD-MON-RR'),to_date('05-OCT-15','DD-MON-RR'));
Insert into TRELLO.TBL_USUARIOS (CODIGO_USUARIO,NOMBRE,APELLIDO,CORREO,CONTRASENA,CODIGO_REFERENCIA_RED_SOCIAL,CODIGO_RED_SOCIAL,CODIGO_PLAN,FECHA_INICIO_PLAN,FECHA_FIN_PLAN) values (25,'Usuario 25','Apellido 25','usuario25@correo.com','EOMdcLA','QgDGKZeUGDlUHIhEARFZOMXKmrWlti',null,3,to_date('23-JUL-14','DD-MON-RR'),to_date('16-NOV-15','DD-MON-RR'));
Insert into TRELLO.TBL_USUARIOS (CODIGO_USUARIO,NOMBRE,APELLIDO,CORREO,CONTRASENA,CODIGO_REFERENCIA_RED_SOCIAL,CODIGO_RED_SOCIAL,CODIGO_PLAN,FECHA_INICIO_PLAN,FECHA_FIN_PLAN) values (26,'Usuario 26','Apellido 26','usuario26@correo.com','IaYmCks','uwEBZQXWTmspiKDXZsDHjCDEuugujp',null,1,to_date('27-JUL-15','DD-MON-RR'),to_date('21-SEP-15','DD-MON-RR'));
Insert into TRELLO.TBL_USUARIOS (CODIGO_USUARIO,NOMBRE,APELLIDO,CORREO,CONTRASENA,CODIGO_REFERENCIA_RED_SOCIAL,CODIGO_RED_SOCIAL,CODIGO_PLAN,FECHA_INICIO_PLAN,FECHA_FIN_PLAN) values (27,'Usuario 27','Apellido 27','usuario27@correo.com','PlnhJKI','eiQPkUaBefVEoworkvJFQiVQIaWrMi',2,2,to_date('19-OCT-14','DD-MON-RR'),to_date('03-OCT-15','DD-MON-RR'));
Insert into TRELLO.TBL_USUARIOS (CODIGO_USUARIO,NOMBRE,APELLIDO,CORREO,CONTRASENA,CODIGO_REFERENCIA_RED_SOCIAL,CODIGO_RED_SOCIAL,CODIGO_PLAN,FECHA_INICIO_PLAN,FECHA_FIN_PLAN) values (28,'Usuario 28','Apellido 28','usuario28@correo.com','ynYevZL','PodpAtOLvtyrgYmJnHxDIYQDUsNbkQ',null,1,to_date('19-JUL-14','DD-MON-RR'),to_date('12-SEP-15','DD-MON-RR'));
Insert into TRELLO.TBL_USUARIOS (CODIGO_USUARIO,NOMBRE,APELLIDO,CORREO,CONTRASENA,CODIGO_REFERENCIA_RED_SOCIAL,CODIGO_RED_SOCIAL,CODIGO_PLAN,FECHA_INICIO_PLAN,FECHA_FIN_PLAN) values (29,'Usuario 29','Apellido 29','usuario29@correo.com','GiPeTWQ','qDOGJwLFkcnTpPjhqQlJKWtcEavCGf',null,4,to_date('07-AUG-15','DD-MON-RR'),to_date('14-OCT-15','DD-MON-RR'));
Insert into TRELLO.TBL_USUARIOS (CODIGO_USUARIO,NOMBRE,APELLIDO,CORREO,CONTRASENA,CODIGO_REFERENCIA_RED_SOCIAL,CODIGO_RED_SOCIAL,CODIGO_PLAN,FECHA_INICIO_PLAN,FECHA_FIN_PLAN) values (30,'Usuario 30','Apellido 30','usuario30@correo.com','PhMPZdp','OEGLugZXTZoqPsvdKJQbODltCBCeJL',null,3,to_date('29-SEP-14','DD-MON-RR'),to_date('18-OCT-15','DD-MON-RR'));
Insert into TRELLO.TBL_USUARIOS (CODIGO_USUARIO,NOMBRE,APELLIDO,CORREO,CONTRASENA,CODIGO_REFERENCIA_RED_SOCIAL,CODIGO_RED_SOCIAL,CODIGO_PLAN,FECHA_INICIO_PLAN,FECHA_FIN_PLAN) values (31,'Usuario 31','Apellido 31','usuario31@correo.com','WQZCcuU','rwvwsecZyodcPiRFIqDrECJpLGpvXY',null,1,to_date('28-APR-15','DD-MON-RR'),to_date('04-OCT-15','DD-MON-RR'));
Insert into TRELLO.TBL_USUARIOS (CODIGO_USUARIO,NOMBRE,APELLIDO,CORREO,CONTRASENA,CODIGO_REFERENCIA_RED_SOCIAL,CODIGO_RED_SOCIAL,CODIGO_PLAN,FECHA_INICIO_PLAN,FECHA_FIN_PLAN) values (32,'Usuario 32','Apellido 32','usuario32@correo.com','KvPWcAq','ImaOwuYMURHeDJDDlrPCHaMLoYfFtF',2,4,to_date('22-SEP-14','DD-MON-RR'),to_date('13-OCT-15','DD-MON-RR'));
Insert into TRELLO.TBL_USUARIOS (CODIGO_USUARIO,NOMBRE,APELLIDO,CORREO,CONTRASENA,CODIGO_REFERENCIA_RED_SOCIAL,CODIGO_RED_SOCIAL,CODIGO_PLAN,FECHA_INICIO_PLAN,FECHA_FIN_PLAN) values (33,'Usuario 33','Apellido 33','usuario33@correo.com','TyDNXbH','CBbpERIBLSdDMBwKGTpAXKKkacHXaf',2,4,to_date('31-MAR-15','DD-MON-RR'),to_date('21-SEP-15','DD-MON-RR'));
Insert into TRELLO.TBL_USUARIOS (CODIGO_USUARIO,NOMBRE,APELLIDO,CORREO,CONTRASENA,CODIGO_REFERENCIA_RED_SOCIAL,CODIGO_RED_SOCIAL,CODIGO_PLAN,FECHA_INICIO_PLAN,FECHA_FIN_PLAN) values (34,'Usuario 34','Apellido 34','usuario34@correo.com','wfdTqjx','jwSAuAYmoEkimrceiMfxBvcwaiqVmt',1,1,to_date('22-OCT-14','DD-MON-RR'),to_date('13-OCT-15','DD-MON-RR'));
Insert into TRELLO.TBL_USUARIOS (CODIGO_USUARIO,NOMBRE,APELLIDO,CORREO,CONTRASENA,CODIGO_REFERENCIA_RED_SOCIAL,CODIGO_RED_SOCIAL,CODIGO_PLAN,FECHA_INICIO_PLAN,FECHA_FIN_PLAN) values (35,'Usuario 35','Apellido 35','usuario35@correo.com','XFLJMQL','HJRkVvNILaUlLuJfIWgucpZXInxBpu',2,2,to_date('02-OCT-14','DD-MON-RR'),to_date('20-OCT-15','DD-MON-RR'));
Insert into TRELLO.TBL_USUARIOS (CODIGO_USUARIO,NOMBRE,APELLIDO,CORREO,CONTRASENA,CODIGO_REFERENCIA_RED_SOCIAL,CODIGO_RED_SOCIAL,CODIGO_PLAN,FECHA_INICIO_PLAN,FECHA_FIN_PLAN) values (36,'Usuario 36','Apellido 36','usuario36@correo.com','lQXJjtQ','qXFxLRbtmFlBqiQwPlKqHczpGBjDsY',1,1,to_date('08-JUL-15','DD-MON-RR'),to_date('11-AUG-15','DD-MON-RR'));
Insert into TRELLO.TBL_USUARIOS (CODIGO_USUARIO,NOMBRE,APELLIDO,CORREO,CONTRASENA,CODIGO_REFERENCIA_RED_SOCIAL,CODIGO_RED_SOCIAL,CODIGO_PLAN,FECHA_INICIO_PLAN,FECHA_FIN_PLAN) values (37,'Usuario 37','Apellido 37','usuario37@correo.com','aBryCZC','mqldkleXbNRMtGwZpBEqAGqELChhSW',1,2,to_date('30-JUL-15','DD-MON-RR'),to_date('26-SEP-15','DD-MON-RR'));
Insert into TRELLO.TBL_USUARIOS (CODIGO_USUARIO,NOMBRE,APELLIDO,CORREO,CONTRASENA,CODIGO_REFERENCIA_RED_SOCIAL,CODIGO_RED_SOCIAL,CODIGO_PLAN,FECHA_INICIO_PLAN,FECHA_FIN_PLAN) values (38,'Usuario 38','Apellido 38','usuario38@correo.com','kMlTdcx','UESfJdpbFhyIQHytTKCHvvcpBZeaaC',2,2,to_date('29-MAY-15','DD-MON-RR'),to_date('01-NOV-15','DD-MON-RR'));
Insert into TRELLO.TBL_USUARIOS (CODIGO_USUARIO,NOMBRE,APELLIDO,CORREO,CONTRASENA,CODIGO_REFERENCIA_RED_SOCIAL,CODIGO_RED_SOCIAL,CODIGO_PLAN,FECHA_INICIO_PLAN,FECHA_FIN_PLAN) values (39,'Usuario 39','Apellido 39','usuario39@correo.com','fQTunIO','fbmZXvuvPsPZFnWdxFkfbyPpdYkBmC',2,4,to_date('29-DEC-14','DD-MON-RR'),to_date('21-AUG-15','DD-MON-RR'));
Insert into TRELLO.TBL_USUARIOS (CODIGO_USUARIO,NOMBRE,APELLIDO,CORREO,CONTRASENA,CODIGO_REFERENCIA_RED_SOCIAL,CODIGO_RED_SOCIAL,CODIGO_PLAN,FECHA_INICIO_PLAN,FECHA_FIN_PLAN) values (40,'Usuario 40','Apellido 40','usuario40@correo.com','VTXkxoX','pAHatnGkAzVlYEJAWaJxclsnksdXTS',1,4,to_date('04-NOV-14','DD-MON-RR'),to_date('04-SEP-15','DD-MON-RR'));
Insert into TRELLO.TBL_USUARIOS (CODIGO_USUARIO,NOMBRE,APELLIDO,CORREO,CONTRASENA,CODIGO_REFERENCIA_RED_SOCIAL,CODIGO_RED_SOCIAL,CODIGO_PLAN,FECHA_INICIO_PLAN,FECHA_FIN_PLAN) values (41,'Usuario 41','Apellido 41','usuario41@correo.com','BrCwOZj','XXamydRvcVNigKatlxNFbfkmXcbAXZ',1,4,to_date('30-NOV-14','DD-MON-RR'),to_date('02-OCT-15','DD-MON-RR'));
Insert into TRELLO.TBL_USUARIOS (CODIGO_USUARIO,NOMBRE,APELLIDO,CORREO,CONTRASENA,CODIGO_REFERENCIA_RED_SOCIAL,CODIGO_RED_SOCIAL,CODIGO_PLAN,FECHA_INICIO_PLAN,FECHA_FIN_PLAN) values (42,'Usuario 42','Apellido 42','usuario42@correo.com','PkVEgVz','kCygVdYzEIXtJWvABnWCXuJtcSCPHO',2,3,to_date('15-APR-15','DD-MON-RR'),to_date('09-NOV-15','DD-MON-RR'));
Insert into TRELLO.TBL_USUARIOS (CODIGO_USUARIO,NOMBRE,APELLIDO,CORREO,CONTRASENA,CODIGO_REFERENCIA_RED_SOCIAL,CODIGO_RED_SOCIAL,CODIGO_PLAN,FECHA_INICIO_PLAN,FECHA_FIN_PLAN) values (43,'Usuario 43','Apellido 43','usuario43@correo.com','HBNLXhj','YQidthZCGYcaesNUAvdrIiTNfvXhSh',2,1,to_date('15-OCT-14','DD-MON-RR'),to_date('08-SEP-15','DD-MON-RR'));
Insert into TRELLO.TBL_USUARIOS (CODIGO_USUARIO,NOMBRE,APELLIDO,CORREO,CONTRASENA,CODIGO_REFERENCIA_RED_SOCIAL,CODIGO_RED_SOCIAL,CODIGO_PLAN,FECHA_INICIO_PLAN,FECHA_FIN_PLAN) values (44,'Usuario 44','Apellido 44','usuario44@correo.com','BnqTfYa','risdvjFCfFTFBwDMGLMPLOtJdOVMss',2,3,to_date('10-MAY-15','DD-MON-RR'),to_date('09-SEP-15','DD-MON-RR'));
Insert into TRELLO.TBL_USUARIOS (CODIGO_USUARIO,NOMBRE,APELLIDO,CORREO,CONTRASENA,CODIGO_REFERENCIA_RED_SOCIAL,CODIGO_RED_SOCIAL,CODIGO_PLAN,FECHA_INICIO_PLAN,FECHA_FIN_PLAN) values (45,'Usuario 45','Apellido 45','usuario45@correo.com','ldDShac','BYjhPzrMzGetRjUwOpocgprpFjEPlm',2,2,to_date('30-OCT-14','DD-MON-RR'),to_date('13-AUG-15','DD-MON-RR'));
Insert into TRELLO.TBL_USUARIOS (CODIGO_USUARIO,NOMBRE,APELLIDO,CORREO,CONTRASENA,CODIGO_REFERENCIA_RED_SOCIAL,CODIGO_RED_SOCIAL,CODIGO_PLAN,FECHA_INICIO_PLAN,FECHA_FIN_PLAN) values (46,'Usuario 46','Apellido 46','usuario46@correo.com','tdsApOb','rmKKGIybSgyXRSHInxAlaZkEXWJkJL',2,3,to_date('19-JAN-15','DD-MON-RR'),to_date('04-SEP-15','DD-MON-RR'));
Insert into TRELLO.TBL_USUARIOS (CODIGO_USUARIO,NOMBRE,APELLIDO,CORREO,CONTRASENA,CODIGO_REFERENCIA_RED_SOCIAL,CODIGO_RED_SOCIAL,CODIGO_PLAN,FECHA_INICIO_PLAN,FECHA_FIN_PLAN) values (47,'Usuario 47','Apellido 47','usuario47@correo.com','rwAogCl','NIEBUtmqdebOzgOIUvQToHsTpTRGoK',1,1,to_date('01-JUN-15','DD-MON-RR'),to_date('29-AUG-15','DD-MON-RR'));
Insert into TRELLO.TBL_USUARIOS (CODIGO_USUARIO,NOMBRE,APELLIDO,CORREO,CONTRASENA,CODIGO_REFERENCIA_RED_SOCIAL,CODIGO_RED_SOCIAL,CODIGO_PLAN,FECHA_INICIO_PLAN,FECHA_FIN_PLAN) values (48,'Usuario 48','Apellido 48','usuario48@correo.com','cterNAn','LYKWvjHmMTcouEDcWIJDLAnUDIdXcJ',1,1,to_date('01-OCT-14','DD-MON-RR'),to_date('21-SEP-15','DD-MON-RR'));
Insert into TRELLO.TBL_USUARIOS (CODIGO_USUARIO,NOMBRE,APELLIDO,CORREO,CONTRASENA,CODIGO_REFERENCIA_RED_SOCIAL,CODIGO_RED_SOCIAL,CODIGO_PLAN,FECHA_INICIO_PLAN,FECHA_FIN_PLAN) values (49,'Usuario 49','Apellido 49','usuario49@correo.com','KDcbcgl','jdFdOlMkDiDOnIPgntYsPsBymsWgfI',1,4,to_date('19-OCT-14','DD-MON-RR'),to_date('01-NOV-15','DD-MON-RR'));
Insert into TRELLO.TBL_USUARIOS (CODIGO_USUARIO,NOMBRE,APELLIDO,CORREO,CONTRASENA,CODIGO_REFERENCIA_RED_SOCIAL,CODIGO_RED_SOCIAL,CODIGO_PLAN,FECHA_INICIO_PLAN,FECHA_FIN_PLAN) values (50,'Usuario 50','Apellido 50','usuario50@correo.com','pPYhnLL','arxQWVSEbUrVhjWVcJttUcpqseMpDs',2,2,to_date('09-APR-15','DD-MON-RR'),to_date('29-AUG-15','DD-MON-RR'));
Insert into TRELLO.TBL_USUARIOS (CODIGO_USUARIO,NOMBRE,APELLIDO,CORREO,CONTRASENA,CODIGO_REFERENCIA_RED_SOCIAL,CODIGO_RED_SOCIAL,CODIGO_PLAN,FECHA_INICIO_PLAN,FECHA_FIN_PLAN) values (51,'Usuario 51','Apellido 51','usuario51@correo.com','gPXQqUr','XAqrNHlzJSCQACTVJGZNRYrKXkEAMp',1,3,to_date('17-AUG-14','DD-MON-RR'),to_date('09-SEP-15','DD-MON-RR'));
Insert into TRELLO.TBL_USUARIOS (CODIGO_USUARIO,NOMBRE,APELLIDO,CORREO,CONTRASENA,CODIGO_REFERENCIA_RED_SOCIAL,CODIGO_RED_SOCIAL,CODIGO_PLAN,FECHA_INICIO_PLAN,FECHA_FIN_PLAN) values (52,'Usuario 52','Apellido 52','usuario52@correo.com','Mpxbsne','rTtCnlzmokiPMCukvsaxEgDCOGyeLJ',2,4,to_date('03-SEP-14','DD-MON-RR'),to_date('05-NOV-15','DD-MON-RR'));
Insert into TRELLO.TBL_USUARIOS (CODIGO_USUARIO,NOMBRE,APELLIDO,CORREO,CONTRASENA,CODIGO_REFERENCIA_RED_SOCIAL,CODIGO_RED_SOCIAL,CODIGO_PLAN,FECHA_INICIO_PLAN,FECHA_FIN_PLAN) values (53,'Usuario 53','Apellido 53','usuario53@correo.com','UMdKJYp','icBWbffFQvgYrhGZrgzunkgrCcpMEI',2,3,to_date('18-JUL-15','DD-MON-RR'),to_date('11-AUG-15','DD-MON-RR'));
Insert into TRELLO.TBL_USUARIOS (CODIGO_USUARIO,NOMBRE,APELLIDO,CORREO,CONTRASENA,CODIGO_REFERENCIA_RED_SOCIAL,CODIGO_RED_SOCIAL,CODIGO_PLAN,FECHA_INICIO_PLAN,FECHA_FIN_PLAN) values (54,'Usuario 54','Apellido 54','usuario54@correo.com','bIjiUWt','LkAWERyALYytEhkErjfnRgTuHhaQav',2,4,to_date('12-NOV-14','DD-MON-RR'),to_date('20-AUG-15','DD-MON-RR'));
Insert into TRELLO.TBL_USUARIOS (CODIGO_USUARIO,NOMBRE,APELLIDO,CORREO,CONTRASENA,CODIGO_REFERENCIA_RED_SOCIAL,CODIGO_RED_SOCIAL,CODIGO_PLAN,FECHA_INICIO_PLAN,FECHA_FIN_PLAN) values (55,'Usuario 55','Apellido 55','usuario55@correo.com','KoypDnO','LyNSLHrKoXAAqoTRamfNjsvTIiDWns',1,4,to_date('23-DEC-14','DD-MON-RR'),to_date('15-NOV-15','DD-MON-RR'));
Insert into TRELLO.TBL_USUARIOS (CODIGO_USUARIO,NOMBRE,APELLIDO,CORREO,CONTRASENA,CODIGO_REFERENCIA_RED_SOCIAL,CODIGO_RED_SOCIAL,CODIGO_PLAN,FECHA_INICIO_PLAN,FECHA_FIN_PLAN) values (56,'Usuario 56','Apellido 56','usuario56@correo.com','jrbmSVx','QamZLAWwUMZvihTgQpzzwESYjrRalm',1,1,to_date('21-JUN-15','DD-MON-RR'),to_date('17-NOV-15','DD-MON-RR'));
Insert into TRELLO.TBL_USUARIOS (CODIGO_USUARIO,NOMBRE,APELLIDO,CORREO,CONTRASENA,CODIGO_REFERENCIA_RED_SOCIAL,CODIGO_RED_SOCIAL,CODIGO_PLAN,FECHA_INICIO_PLAN,FECHA_FIN_PLAN) values (57,'Usuario 57','Apellido 57','usuario57@correo.com','IEvpFDP','wjbnNKSYraiWnWASDzxmuAaMhAeXYk',2,3,to_date('10-NOV-14','DD-MON-RR'),to_date('27-SEP-15','DD-MON-RR'));
Insert into TRELLO.TBL_USUARIOS (CODIGO_USUARIO,NOMBRE,APELLIDO,CORREO,CONTRASENA,CODIGO_REFERENCIA_RED_SOCIAL,CODIGO_RED_SOCIAL,CODIGO_PLAN,FECHA_INICIO_PLAN,FECHA_FIN_PLAN) values (58,'Usuario 58','Apellido 58','usuario58@correo.com','kSdqIjs','JIZuEZDIBhkFebdjFKmuyKbBTpQMIC',2,1,to_date('28-JUN-15','DD-MON-RR'),to_date('25-OCT-15','DD-MON-RR'));
Insert into TRELLO.TBL_USUARIOS (CODIGO_USUARIO,NOMBRE,APELLIDO,CORREO,CONTRASENA,CODIGO_REFERENCIA_RED_SOCIAL,CODIGO_RED_SOCIAL,CODIGO_PLAN,FECHA_INICIO_PLAN,FECHA_FIN_PLAN) values (59,'Usuario 59','Apellido 59','usuario59@correo.com','pEAPpBM','HeOHPTgvFYoSKucyqHMbzQGuZJerTl',1,2,to_date('04-APR-15','DD-MON-RR'),to_date('31-OCT-15','DD-MON-RR'));
Insert into TRELLO.TBL_USUARIOS (CODIGO_USUARIO,NOMBRE,APELLIDO,CORREO,CONTRASENA,CODIGO_REFERENCIA_RED_SOCIAL,CODIGO_RED_SOCIAL,CODIGO_PLAN,FECHA_INICIO_PLAN,FECHA_FIN_PLAN) values (60,'Usuario 60','Apellido 60','usuario60@correo.com','FZuiOuo','BbMqlDDwRcPGIGgosyiExNVhurEcqs',2,1,to_date('05-OCT-14','DD-MON-RR'),to_date('01-SEP-15','DD-MON-RR'));
Insert into TRELLO.TBL_USUARIOS (CODIGO_USUARIO,NOMBRE,APELLIDO,CORREO,CONTRASENA,CODIGO_REFERENCIA_RED_SOCIAL,CODIGO_RED_SOCIAL,CODIGO_PLAN,FECHA_INICIO_PLAN,FECHA_FIN_PLAN) values (61,'Usuario 61','Apellido 61','usuario61@correo.com','qCKxVbG','GZtXyEBEHyfbQWwTRScwiGFQFISDCP',2,1,to_date('08-JUN-15','DD-MON-RR'),to_date('15-AUG-15','DD-MON-RR'));
Insert into TRELLO.TBL_USUARIOS (CODIGO_USUARIO,NOMBRE,APELLIDO,CORREO,CONTRASENA,CODIGO_REFERENCIA_RED_SOCIAL,CODIGO_RED_SOCIAL,CODIGO_PLAN,FECHA_INICIO_PLAN,FECHA_FIN_PLAN) values (62,'Usuario 62','Apellido 62','usuario62@correo.com','VLajyzD','HSJBFHGIeHfbgXMiLbAUBJPwAmrFuS',1,3,to_date('17-AUG-14','DD-MON-RR'),to_date('07-NOV-15','DD-MON-RR'));
Insert into TRELLO.TBL_USUARIOS (CODIGO_USUARIO,NOMBRE,APELLIDO,CORREO,CONTRASENA,CODIGO_REFERENCIA_RED_SOCIAL,CODIGO_RED_SOCIAL,CODIGO_PLAN,FECHA_INICIO_PLAN,FECHA_FIN_PLAN) values (63,'Usuario 63','Apellido 63','usuario63@correo.com','jLNXOmZ','jdwWSqJwMvkIPAIFAGAabjZMPntubV',2,1,to_date('20-DEC-14','DD-MON-RR'),to_date('17-OCT-15','DD-MON-RR'));
Insert into TRELLO.TBL_USUARIOS (CODIGO_USUARIO,NOMBRE,APELLIDO,CORREO,CONTRASENA,CODIGO_REFERENCIA_RED_SOCIAL,CODIGO_RED_SOCIAL,CODIGO_PLAN,FECHA_INICIO_PLAN,FECHA_FIN_PLAN) values (64,'Usuario 64','Apellido 64','usuario64@correo.com','XcGGxym','pDhVizGqMnyxLmzRqRtMvIqLIkVGFE',2,4,to_date('15-JUL-15','DD-MON-RR'),to_date('02-NOV-15','DD-MON-RR'));
Insert into TRELLO.TBL_USUARIOS (CODIGO_USUARIO,NOMBRE,APELLIDO,CORREO,CONTRASENA,CODIGO_REFERENCIA_RED_SOCIAL,CODIGO_RED_SOCIAL,CODIGO_PLAN,FECHA_INICIO_PLAN,FECHA_FIN_PLAN) values (65,'Usuario 65','Apellido 65','usuario65@correo.com','xRYTGzh','tZhYLvHpVSBFpyxnDcoEtmPvwPkFGQ',1,1,to_date('19-MAR-15','DD-MON-RR'),to_date('23-AUG-15','DD-MON-RR'));
Insert into TRELLO.TBL_USUARIOS (CODIGO_USUARIO,NOMBRE,APELLIDO,CORREO,CONTRASENA,CODIGO_REFERENCIA_RED_SOCIAL,CODIGO_RED_SOCIAL,CODIGO_PLAN,FECHA_INICIO_PLAN,FECHA_FIN_PLAN) values (66,'Usuario 66','Apellido 66','usuario66@correo.com','TTlTxGo','ILtltrLaFcMtPcqoSeRMeAoLVYbRvt',2,3,to_date('13-JUL-14','DD-MON-RR'),to_date('15-AUG-15','DD-MON-RR'));
Insert into TRELLO.TBL_USUARIOS (CODIGO_USUARIO,NOMBRE,APELLIDO,CORREO,CONTRASENA,CODIGO_REFERENCIA_RED_SOCIAL,CODIGO_RED_SOCIAL,CODIGO_PLAN,FECHA_INICIO_PLAN,FECHA_FIN_PLAN) values (67,'Usuario 67','Apellido 67','usuario67@correo.com','egGHWVN','SzfAAHLxkyxxvAdjUCokDKFaqZVkMJ',2,4,to_date('31-MAR-15','DD-MON-RR'),to_date('26-AUG-15','DD-MON-RR'));
Insert into TRELLO.TBL_USUARIOS (CODIGO_USUARIO,NOMBRE,APELLIDO,CORREO,CONTRASENA,CODIGO_REFERENCIA_RED_SOCIAL,CODIGO_RED_SOCIAL,CODIGO_PLAN,FECHA_INICIO_PLAN,FECHA_FIN_PLAN) values (68,'Usuario 68','Apellido 68','usuario68@correo.com','fBvXSJZ','PsosNjShVrLhaoIZBkNQrtCpcyqXwt',2,2,to_date('24-NOV-14','DD-MON-RR'),to_date('29-SEP-15','DD-MON-RR'));
Insert into TRELLO.TBL_USUARIOS (CODIGO_USUARIO,NOMBRE,APELLIDO,CORREO,CONTRASENA,CODIGO_REFERENCIA_RED_SOCIAL,CODIGO_RED_SOCIAL,CODIGO_PLAN,FECHA_INICIO_PLAN,FECHA_FIN_PLAN) values (69,'Usuario 69','Apellido 69','usuario69@correo.com','wYosYvN','vtjUErtPOMOMLPsrfPJcLzDRHFOghV',1,3,to_date('13-JUN-15','DD-MON-RR'),to_date('16-NOV-15','DD-MON-RR'));
Insert into TRELLO.TBL_USUARIOS (CODIGO_USUARIO,NOMBRE,APELLIDO,CORREO,CONTRASENA,CODIGO_REFERENCIA_RED_SOCIAL,CODIGO_RED_SOCIAL,CODIGO_PLAN,FECHA_INICIO_PLAN,FECHA_FIN_PLAN) values (70,'Usuario 70','Apellido 70','usuario70@correo.com','LytisND','mIFIKZFLhQEYyeCzyAmMHvWNaLFxkF',2,1,to_date('19-MAR-15','DD-MON-RR'),to_date('13-SEP-15','DD-MON-RR'));
Insert into TRELLO.TBL_USUARIOS (CODIGO_USUARIO,NOMBRE,APELLIDO,CORREO,CONTRASENA,CODIGO_REFERENCIA_RED_SOCIAL,CODIGO_RED_SOCIAL,CODIGO_PLAN,FECHA_INICIO_PLAN,FECHA_FIN_PLAN) values (71,'Usuario 71','Apellido 71','usuario71@correo.com','UKcXTnf','kFTtiGyMlFqnkQMUKGvfoNAzZibBVm',2,3,to_date('10-SEP-14','DD-MON-RR'),to_date('18-SEP-15','DD-MON-RR'));
Insert into TRELLO.TBL_USUARIOS (CODIGO_USUARIO,NOMBRE,APELLIDO,CORREO,CONTRASENA,CODIGO_REFERENCIA_RED_SOCIAL,CODIGO_RED_SOCIAL,CODIGO_PLAN,FECHA_INICIO_PLAN,FECHA_FIN_PLAN) values (72,'Usuario 72','Apellido 72','usuario72@correo.com','AedLmwK','oYqzOntbFHLgneKnvuEtcxclrSNcyR',1,4,to_date('08-MAR-15','DD-MON-RR'),to_date('08-OCT-15','DD-MON-RR'));
Insert into TRELLO.TBL_USUARIOS (CODIGO_USUARIO,NOMBRE,APELLIDO,CORREO,CONTRASENA,CODIGO_REFERENCIA_RED_SOCIAL,CODIGO_RED_SOCIAL,CODIGO_PLAN,FECHA_INICIO_PLAN,FECHA_FIN_PLAN) values (73,'Usuario 73','Apellido 73','usuario73@correo.com','nbosAoj','NCaHvfbviWnjZvfqDbMEOXadzIcWLc',2,1,to_date('17-JUN-15','DD-MON-RR'),to_date('12-OCT-15','DD-MON-RR'));
Insert into TRELLO.TBL_USUARIOS (CODIGO_USUARIO,NOMBRE,APELLIDO,CORREO,CONTRASENA,CODIGO_REFERENCIA_RED_SOCIAL,CODIGO_RED_SOCIAL,CODIGO_PLAN,FECHA_INICIO_PLAN,FECHA_FIN_PLAN) values (74,'Usuario 74','Apellido 74','usuario74@correo.com','jtIMnAk','QiqRbLYPosGXOMMKCdGHFEppXdhITr',2,4,to_date('12-AUG-14','DD-MON-RR'),to_date('19-AUG-15','DD-MON-RR'));
Insert into TRELLO.TBL_USUARIOS (CODIGO_USUARIO,NOMBRE,APELLIDO,CORREO,CONTRASENA,CODIGO_REFERENCIA_RED_SOCIAL,CODIGO_RED_SOCIAL,CODIGO_PLAN,FECHA_INICIO_PLAN,FECHA_FIN_PLAN) values (75,'Usuario 75','Apellido 75','usuario75@correo.com','fylCOwU','ciqqURVNAPSrqZnLXZuDMHjolWzObH',1,1,to_date('24-SEP-14','DD-MON-RR'),to_date('13-AUG-15','DD-MON-RR'));
Insert into TRELLO.TBL_USUARIOS (CODIGO_USUARIO,NOMBRE,APELLIDO,CORREO,CONTRASENA,CODIGO_REFERENCIA_RED_SOCIAL,CODIGO_RED_SOCIAL,CODIGO_PLAN,FECHA_INICIO_PLAN,FECHA_FIN_PLAN) values (76,'Usuario 76','Apellido 76','usuario76@correo.com','wYHLkdx','aKiNfGTEtoOVgJOFqFvYtTpOOQylYp',1,4,to_date('01-JUL-15','DD-MON-RR'),to_date('06-SEP-15','DD-MON-RR'));
Insert into TRELLO.TBL_USUARIOS (CODIGO_USUARIO,NOMBRE,APELLIDO,CORREO,CONTRASENA,CODIGO_REFERENCIA_RED_SOCIAL,CODIGO_RED_SOCIAL,CODIGO_PLAN,FECHA_INICIO_PLAN,FECHA_FIN_PLAN) values (77,'Usuario 77','Apellido 77','usuario77@correo.com','amqHqPo','dwngUupBUgEETLpagzEwoEyapIWQEU',2,3,to_date('01-SEP-14','DD-MON-RR'),to_date('26-OCT-15','DD-MON-RR'));
Insert into TRELLO.TBL_USUARIOS (CODIGO_USUARIO,NOMBRE,APELLIDO,CORREO,CONTRASENA,CODIGO_REFERENCIA_RED_SOCIAL,CODIGO_RED_SOCIAL,CODIGO_PLAN,FECHA_INICIO_PLAN,FECHA_FIN_PLAN) values (78,'Usuario 78','Apellido 78','usuario78@correo.com','ZokDQke','qdIgpgSZqmvvNPSFJxZPVkNsesEPFL',1,4,to_date('28-NOV-14','DD-MON-RR'),to_date('09-NOV-15','DD-MON-RR'));
Insert into TRELLO.TBL_USUARIOS (CODIGO_USUARIO,NOMBRE,APELLIDO,CORREO,CONTRASENA,CODIGO_REFERENCIA_RED_SOCIAL,CODIGO_RED_SOCIAL,CODIGO_PLAN,FECHA_INICIO_PLAN,FECHA_FIN_PLAN) values (79,'Usuario 79','Apellido 79','usuario79@correo.com','UtetPzJ','MAiuBxVWNAZAyWUVMvurePYrQpsIiE',1,1,to_date('24-JAN-15','DD-MON-RR'),to_date('14-AUG-15','DD-MON-RR'));
Insert into TRELLO.TBL_USUARIOS (CODIGO_USUARIO,NOMBRE,APELLIDO,CORREO,CONTRASENA,CODIGO_REFERENCIA_RED_SOCIAL,CODIGO_RED_SOCIAL,CODIGO_PLAN,FECHA_INICIO_PLAN,FECHA_FIN_PLAN) values (80,'Usuario 80','Apellido 80','usuario80@correo.com','PlLOAGE','oGJiJDRQoWXeXAdpaCjBognyomJlVc',1,3,to_date('31-JUL-15','DD-MON-RR'),to_date('14-NOV-15','DD-MON-RR'));
Insert into TRELLO.TBL_USUARIOS (CODIGO_USUARIO,NOMBRE,APELLIDO,CORREO,CONTRASENA,CODIGO_REFERENCIA_RED_SOCIAL,CODIGO_RED_SOCIAL,CODIGO_PLAN,FECHA_INICIO_PLAN,FECHA_FIN_PLAN) values (81,'Usuario 81','Apellido 81','usuario81@correo.com','MZbIheO','gMbTnPYSUMChuDcsTTffjBqXkEyJKT',2,3,to_date('06-AUG-14','DD-MON-RR'),to_date('22-SEP-15','DD-MON-RR'));
Insert into TRELLO.TBL_USUARIOS (CODIGO_USUARIO,NOMBRE,APELLIDO,CORREO,CONTRASENA,CODIGO_REFERENCIA_RED_SOCIAL,CODIGO_RED_SOCIAL,CODIGO_PLAN,FECHA_INICIO_PLAN,FECHA_FIN_PLAN) values (82,'Usuario 82','Apellido 82','usuario82@correo.com','ITDWGHW','nCWVNuUgEGsiUmQRacxjMBQqKAxajz',2,1,to_date('26-NOV-14','DD-MON-RR'),to_date('13-NOV-15','DD-MON-RR'));
Insert into TRELLO.TBL_USUARIOS (CODIGO_USUARIO,NOMBRE,APELLIDO,CORREO,CONTRASENA,CODIGO_REFERENCIA_RED_SOCIAL,CODIGO_RED_SOCIAL,CODIGO_PLAN,FECHA_INICIO_PLAN,FECHA_FIN_PLAN) values (83,'Usuario 83','Apellido 83','usuario83@correo.com','EOksRIE','BtnazNDkRmjIXMyDUvxuKolIwwEeiZ',2,3,to_date('15-SEP-14','DD-MON-RR'),to_date('05-OCT-15','DD-MON-RR'));
Insert into TRELLO.TBL_USUARIOS (CODIGO_USUARIO,NOMBRE,APELLIDO,CORREO,CONTRASENA,CODIGO_REFERENCIA_RED_SOCIAL,CODIGO_RED_SOCIAL,CODIGO_PLAN,FECHA_INICIO_PLAN,FECHA_FIN_PLAN) values (84,'Usuario 84','Apellido 84','usuario84@correo.com','nBduvRj','JsXCGkWzLeCFuNxpsFhniPHIXJBGuU',1,1,to_date('24-SEP-14','DD-MON-RR'),to_date('15-OCT-15','DD-MON-RR'));
Insert into TRELLO.TBL_USUARIOS (CODIGO_USUARIO,NOMBRE,APELLIDO,CORREO,CONTRASENA,CODIGO_REFERENCIA_RED_SOCIAL,CODIGO_RED_SOCIAL,CODIGO_PLAN,FECHA_INICIO_PLAN,FECHA_FIN_PLAN) values (85,'Usuario 85','Apellido 85','usuario85@correo.com','MuWfvIj','hnUscgPtiQcLZshBZIBFaEBwPzQtty',2,4,to_date('02-MAR-15','DD-MON-RR'),to_date('03-NOV-15','DD-MON-RR'));
Insert into TRELLO.TBL_USUARIOS (CODIGO_USUARIO,NOMBRE,APELLIDO,CORREO,CONTRASENA,CODIGO_REFERENCIA_RED_SOCIAL,CODIGO_RED_SOCIAL,CODIGO_PLAN,FECHA_INICIO_PLAN,FECHA_FIN_PLAN) values (86,'Usuario 86','Apellido 86','usuario86@correo.com','broYQsS','jGuwmrqVvbFAJfwmllWergDYDCORyu',2,4,to_date('15-JUN-15','DD-MON-RR'),to_date('11-AUG-15','DD-MON-RR'));
Insert into TRELLO.TBL_USUARIOS (CODIGO_USUARIO,NOMBRE,APELLIDO,CORREO,CONTRASENA,CODIGO_REFERENCIA_RED_SOCIAL,CODIGO_RED_SOCIAL,CODIGO_PLAN,FECHA_INICIO_PLAN,FECHA_FIN_PLAN) values (87,'Usuario 87','Apellido 87','usuario87@correo.com','Wqsnkvs','yuHHkHsNNTPxwqnJINkliNCbcrCTgi',2,3,to_date('06-APR-15','DD-MON-RR'),to_date('05-SEP-15','DD-MON-RR'));
Insert into TRELLO.TBL_USUARIOS (CODIGO_USUARIO,NOMBRE,APELLIDO,CORREO,CONTRASENA,CODIGO_REFERENCIA_RED_SOCIAL,CODIGO_RED_SOCIAL,CODIGO_PLAN,FECHA_INICIO_PLAN,FECHA_FIN_PLAN) values (88,'Usuario 88','Apellido 88','usuario88@correo.com','yQLRRQh','gvqifQIkbeWxyUblKaQqWxeGOOHIEZ',2,4,to_date('07-DEC-14','DD-MON-RR'),to_date('26-SEP-15','DD-MON-RR'));
Insert into TRELLO.TBL_USUARIOS (CODIGO_USUARIO,NOMBRE,APELLIDO,CORREO,CONTRASENA,CODIGO_REFERENCIA_RED_SOCIAL,CODIGO_RED_SOCIAL,CODIGO_PLAN,FECHA_INICIO_PLAN,FECHA_FIN_PLAN) values (89,'Usuario 89','Apellido 89','usuario89@correo.com','RsTjNSg','pegyMCxZhCoOvnvJyqkqyeHGnqRDoE',2,2,to_date('13-AUG-14','DD-MON-RR'),to_date('05-OCT-15','DD-MON-RR'));
Insert into TRELLO.TBL_USUARIOS (CODIGO_USUARIO,NOMBRE,APELLIDO,CORREO,CONTRASENA,CODIGO_REFERENCIA_RED_SOCIAL,CODIGO_RED_SOCIAL,CODIGO_PLAN,FECHA_INICIO_PLAN,FECHA_FIN_PLAN) values (90,'Usuario 90','Apellido 90','usuario90@correo.com','VJgDowK','wTVdppZHdJisamcUyCBGopcYJYbqjF',1,3,to_date('17-JUL-15','DD-MON-RR'),to_date('27-OCT-15','DD-MON-RR'));
Insert into TRELLO.TBL_USUARIOS (CODIGO_USUARIO,NOMBRE,APELLIDO,CORREO,CONTRASENA,CODIGO_REFERENCIA_RED_SOCIAL,CODIGO_RED_SOCIAL,CODIGO_PLAN,FECHA_INICIO_PLAN,FECHA_FIN_PLAN) values (91,'Usuario 91','Apellido 91','usuario91@correo.com','bUxgvTb','mheesPUXKmrdYiFrwUZviugVKNXSXn',1,4,to_date('21-NOV-14','DD-MON-RR'),to_date('08-SEP-15','DD-MON-RR'));
Insert into TRELLO.TBL_USUARIOS (CODIGO_USUARIO,NOMBRE,APELLIDO,CORREO,CONTRASENA,CODIGO_REFERENCIA_RED_SOCIAL,CODIGO_RED_SOCIAL,CODIGO_PLAN,FECHA_INICIO_PLAN,FECHA_FIN_PLAN) values (92,'Usuario 92','Apellido 92','usuario92@correo.com','SistgjO','iNersuIwutOqzwwuBwQDtLtXKLRcmb',1,1,to_date('14-OCT-14','DD-MON-RR'),to_date('28-SEP-15','DD-MON-RR'));
Insert into TRELLO.TBL_USUARIOS (CODIGO_USUARIO,NOMBRE,APELLIDO,CORREO,CONTRASENA,CODIGO_REFERENCIA_RED_SOCIAL,CODIGO_RED_SOCIAL,CODIGO_PLAN,FECHA_INICIO_PLAN,FECHA_FIN_PLAN) values (93,'Usuario 93','Apellido 93','usuario93@correo.com','ZnbdGHQ','hOnVkcmPyvnrcmsZwTeWTzhTndaZCB',1,3,to_date('19-DEC-14','DD-MON-RR'),to_date('28-AUG-15','DD-MON-RR'));
Insert into TRELLO.TBL_USUARIOS (CODIGO_USUARIO,NOMBRE,APELLIDO,CORREO,CONTRASENA,CODIGO_REFERENCIA_RED_SOCIAL,CODIGO_RED_SOCIAL,CODIGO_PLAN,FECHA_INICIO_PLAN,FECHA_FIN_PLAN) values (94,'Usuario 94','Apellido 94','usuario94@correo.com','PvVKZKN','PdExvMWtRxwFokUrOvmdFtcmCnywRj',1,3,to_date('06-JUN-15','DD-MON-RR'),to_date('28-SEP-15','DD-MON-RR'));
Insert into TRELLO.TBL_USUARIOS (CODIGO_USUARIO,NOMBRE,APELLIDO,CORREO,CONTRASENA,CODIGO_REFERENCIA_RED_SOCIAL,CODIGO_RED_SOCIAL,CODIGO_PLAN,FECHA_INICIO_PLAN,FECHA_FIN_PLAN) values (95,'Usuario 95','Apellido 95','usuario95@correo.com','QutqgvY','WIqCzVEKizPTnzSRCtNvgcaXNzibBm',2,2,to_date('13-AUG-14','DD-MON-RR'),to_date('10-OCT-15','DD-MON-RR'));
Insert into TRELLO.TBL_USUARIOS (CODIGO_USUARIO,NOMBRE,APELLIDO,CORREO,CONTRASENA,CODIGO_REFERENCIA_RED_SOCIAL,CODIGO_RED_SOCIAL,CODIGO_PLAN,FECHA_INICIO_PLAN,FECHA_FIN_PLAN) values (96,'Usuario 96','Apellido 96','usuario96@correo.com','IsyrNVx','MkWICZcKHpWJVwjIYeAIrcdTYLlqgn',2,1,to_date('22-JUL-14','DD-MON-RR'),to_date('13-OCT-15','DD-MON-RR'));
Insert into TRELLO.TBL_USUARIOS (CODIGO_USUARIO,NOMBRE,APELLIDO,CORREO,CONTRASENA,CODIGO_REFERENCIA_RED_SOCIAL,CODIGO_RED_SOCIAL,CODIGO_PLAN,FECHA_INICIO_PLAN,FECHA_FIN_PLAN) values (97,'Usuario 97','Apellido 97','usuario97@correo.com','peAAXHY','yLIiBDtmtHipzRkwIziNcQFIMoWwHP',2,3,to_date('10-MAY-15','DD-MON-RR'),to_date('14-OCT-15','DD-MON-RR'));
Insert into TRELLO.TBL_USUARIOS (CODIGO_USUARIO,NOMBRE,APELLIDO,CORREO,CONTRASENA,CODIGO_REFERENCIA_RED_SOCIAL,CODIGO_RED_SOCIAL,CODIGO_PLAN,FECHA_INICIO_PLAN,FECHA_FIN_PLAN) values (98,'Usuario 98','Apellido 98','usuario98@correo.com','ZdgMKFt','ZWmRquboNNdnMgKzffISpOFZITgevC',1,2,to_date('03-JUL-15','DD-MON-RR'),to_date('11-AUG-15','DD-MON-RR'));
Insert into TRELLO.TBL_USUARIOS (CODIGO_USUARIO,NOMBRE,APELLIDO,CORREO,CONTRASENA,CODIGO_REFERENCIA_RED_SOCIAL,CODIGO_RED_SOCIAL,CODIGO_PLAN,FECHA_INICIO_PLAN,FECHA_FIN_PLAN) values (99,'Usuario 99','Apellido 99','usuario99@correo.com','uGAjACj','avbcmLxEmyCZLTipSvlxdOSMXuMPKB',1,1,to_date('12-JUL-15','DD-MON-RR'),to_date('23-AUG-15','DD-MON-RR'));
Insert into TRELLO.TBL_USUARIOS (CODIGO_USUARIO,NOMBRE,APELLIDO,CORREO,CONTRASENA,CODIGO_REFERENCIA_RED_SOCIAL,CODIGO_RED_SOCIAL,CODIGO_PLAN,FECHA_INICIO_PLAN,FECHA_FIN_PLAN) values (100,'Usuario 100','Apellido 100','usuario100@correo.com','SARWNFf','gUNVHuSpsxMPVwxpnsxNMJqsVacqvu',2,3,to_date('27-JUN-15','DD-MON-RR'),to_date('28-OCT-15','DD-MON-RR'));
Insert into TRELLO.TBL_USUARIOS (CODIGO_USUARIO,NOMBRE,APELLIDO,CORREO,CONTRASENA,CODIGO_REFERENCIA_RED_SOCIAL,CODIGO_RED_SOCIAL,CODIGO_PLAN,FECHA_INICIO_PLAN,FECHA_FIN_PLAN) values (101,'Usuario 101','Apellido 101','usuario101@correo.com','zWNfNmJ','caWLCthLyejXvXCupLDpPSxIMlibKb',2,2,to_date('11-FEB-15','DD-MON-RR'),to_date('10-SEP-15','DD-MON-RR'));
Insert into TRELLO.TBL_USUARIOS (CODIGO_USUARIO,NOMBRE,APELLIDO,CORREO,CONTRASENA,CODIGO_REFERENCIA_RED_SOCIAL,CODIGO_RED_SOCIAL,CODIGO_PLAN,FECHA_INICIO_PLAN,FECHA_FIN_PLAN) values (102,'Usuario 102','Apellido 102','usuario102@correo.com','YMjZhYG','ZTqVfAAKZCufkRoLFnNVegVOHkexjS',2,3,to_date('17-FEB-15','DD-MON-RR'),to_date('18-SEP-15','DD-MON-RR'));
Insert into TRELLO.TBL_USUARIOS (CODIGO_USUARIO,NOMBRE,APELLIDO,CORREO,CONTRASENA,CODIGO_REFERENCIA_RED_SOCIAL,CODIGO_RED_SOCIAL,CODIGO_PLAN,FECHA_INICIO_PLAN,FECHA_FIN_PLAN) values (103,'Usuario 103','Apellido 103','usuario103@correo.com','lxyIWLl','WpMOJjpMZEENtUgDVSOSxvwigciaLX',2,1,to_date('18-JUL-15','DD-MON-RR'),to_date('14-SEP-15','DD-MON-RR'));
Insert into TRELLO.TBL_USUARIOS (CODIGO_USUARIO,NOMBRE,APELLIDO,CORREO,CONTRASENA,CODIGO_REFERENCIA_RED_SOCIAL,CODIGO_RED_SOCIAL,CODIGO_PLAN,FECHA_INICIO_PLAN,FECHA_FIN_PLAN) values (104,'Usuario 104','Apellido 104','usuario104@correo.com','tqFDTJj','BxMQRZBELRGSIUCSvpUGfWdmxDyXAN',1,2,to_date('08-MAY-15','DD-MON-RR'),to_date('19-SEP-15','DD-MON-RR'));
Insert into TRELLO.TBL_USUARIOS (CODIGO_USUARIO,NOMBRE,APELLIDO,CORREO,CONTRASENA,CODIGO_REFERENCIA_RED_SOCIAL,CODIGO_RED_SOCIAL,CODIGO_PLAN,FECHA_INICIO_PLAN,FECHA_FIN_PLAN) values (105,'Usuario 105','Apellido 105','usuario105@correo.com','OMWkkoz','gdfLNVciKMjqmVzBLoRnGYYwUeeEnG',2,2,to_date('21-JUL-14','DD-MON-RR'),to_date('04-SEP-15','DD-MON-RR'));
Insert into TRELLO.TBL_USUARIOS (CODIGO_USUARIO,NOMBRE,APELLIDO,CORREO,CONTRASENA,CODIGO_REFERENCIA_RED_SOCIAL,CODIGO_RED_SOCIAL,CODIGO_PLAN,FECHA_INICIO_PLAN,FECHA_FIN_PLAN) values (106,'Usuario 106','Apellido 106','usuario106@correo.com','rkyPgOK','HqAaUNqDeJqJMwAIKPAbXEJyaallfQ',null,4,to_date('09-JUN-15','DD-MON-RR'),to_date('04-SEP-15','DD-MON-RR'));
Insert into TRELLO.TBL_USUARIOS (CODIGO_USUARIO,NOMBRE,APELLIDO,CORREO,CONTRASENA,CODIGO_REFERENCIA_RED_SOCIAL,CODIGO_RED_SOCIAL,CODIGO_PLAN,FECHA_INICIO_PLAN,FECHA_FIN_PLAN) values (107,'Usuario 107','Apellido 107','usuario107@correo.com','gtlmXJo','vwSrWGxGkZnkXJhQlLAdMzmwXCxjXR',null,1,to_date('01-AUG-14','DD-MON-RR'),to_date('23-AUG-15','DD-MON-RR'));
Insert into TRELLO.TBL_USUARIOS (CODIGO_USUARIO,NOMBRE,APELLIDO,CORREO,CONTRASENA,CODIGO_REFERENCIA_RED_SOCIAL,CODIGO_RED_SOCIAL,CODIGO_PLAN,FECHA_INICIO_PLAN,FECHA_FIN_PLAN) values (108,'Usuario 108','Apellido 108','usuario108@correo.com','OaPwhKK','YPofdYYstPzWwlSyQatXxShSCKnGOb',null,3,to_date('09-APR-15','DD-MON-RR'),to_date('14-OCT-15','DD-MON-RR'));
Insert into TRELLO.TBL_USUARIOS (CODIGO_USUARIO,NOMBRE,APELLIDO,CORREO,CONTRASENA,CODIGO_REFERENCIA_RED_SOCIAL,CODIGO_RED_SOCIAL,CODIGO_PLAN,FECHA_INICIO_PLAN,FECHA_FIN_PLAN) values (109,'Usuario 109','Apellido 109','usuario109@correo.com','scLVQwN','iuNkevJpUntzsdaabmsATcJhsyHGjv',null,1,to_date('07-OCT-14','DD-MON-RR'),to_date('07-SEP-15','DD-MON-RR'));
Insert into TRELLO.TBL_USUARIOS (CODIGO_USUARIO,NOMBRE,APELLIDO,CORREO,CONTRASENA,CODIGO_REFERENCIA_RED_SOCIAL,CODIGO_RED_SOCIAL,CODIGO_PLAN,FECHA_INICIO_PLAN,FECHA_FIN_PLAN) values (110,'Usuario 110','Apellido 110','usuario110@correo.com','hwccrea','AOTYKqtfUMosGuasVrNqmxIYbwUFRE',null,4,to_date('22-JUN-15','DD-MON-RR'),to_date('10-OCT-15','DD-MON-RR'));
Insert into TRELLO.TBL_USUARIOS (CODIGO_USUARIO,NOMBRE,APELLIDO,CORREO,CONTRASENA,CODIGO_REFERENCIA_RED_SOCIAL,CODIGO_RED_SOCIAL,CODIGO_PLAN,FECHA_INICIO_PLAN,FECHA_FIN_PLAN) values (111,'Usuario 111','Apellido 111','usuario111@correo.com','smzaXTU','vbBXjgGZJTPomzcKodbuvSaghfFVyL',null,3,to_date('28-SEP-14','DD-MON-RR'),to_date('26-AUG-15','DD-MON-RR'));
Insert into TRELLO.TBL_USUARIOS (CODIGO_USUARIO,NOMBRE,APELLIDO,CORREO,CONTRASENA,CODIGO_REFERENCIA_RED_SOCIAL,CODIGO_RED_SOCIAL,CODIGO_PLAN,FECHA_INICIO_PLAN,FECHA_FIN_PLAN) values (112,'Usuario 112','Apellido 112','usuario112@correo.com','KhofAGn','UGqBPQIWOuWpuAcHGtiswLyKaWbedQ',null,4,to_date('19-NOV-14','DD-MON-RR'),to_date('07-SEP-15','DD-MON-RR'));
Insert into TRELLO.TBL_USUARIOS (CODIGO_USUARIO,NOMBRE,APELLIDO,CORREO,CONTRASENA,CODIGO_REFERENCIA_RED_SOCIAL,CODIGO_RED_SOCIAL,CODIGO_PLAN,FECHA_INICIO_PLAN,FECHA_FIN_PLAN) values (113,'Usuario 113','Apellido 113','usuario113@correo.com','whrpDuz','roFqOwyDPhbMEyudSgshlUxfSXlpfB',null,3,to_date('20-FEB-15','DD-MON-RR'),to_date('14-AUG-15','DD-MON-RR'));
Insert into TRELLO.TBL_USUARIOS (CODIGO_USUARIO,NOMBRE,APELLIDO,CORREO,CONTRASENA,CODIGO_REFERENCIA_RED_SOCIAL,CODIGO_RED_SOCIAL,CODIGO_PLAN,FECHA_INICIO_PLAN,FECHA_FIN_PLAN) values (114,'Usuario 114','Apellido 114','usuario114@correo.com','mZvJdmI','GpVatLDcaZaYrfKLrgtyFomfOlAHYP',null,3,to_date('18-NOV-14','DD-MON-RR'),to_date('12-NOV-15','DD-MON-RR'));
Insert into TRELLO.TBL_USUARIOS (CODIGO_USUARIO,NOMBRE,APELLIDO,CORREO,CONTRASENA,CODIGO_REFERENCIA_RED_SOCIAL,CODIGO_RED_SOCIAL,CODIGO_PLAN,FECHA_INICIO_PLAN,FECHA_FIN_PLAN) values (115,'Usuario 115','Apellido 115','usuario115@correo.com','MOIjvxL','QDtmuhpSTuOSYnVbViSadPJcmmAOFJ',null,4,to_date('27-JUL-14','DD-MON-RR'),to_date('25-AUG-15','DD-MON-RR'));
Insert into TRELLO.TBL_USUARIOS (CODIGO_USUARIO,NOMBRE,APELLIDO,CORREO,CONTRASENA,CODIGO_REFERENCIA_RED_SOCIAL,CODIGO_RED_SOCIAL,CODIGO_PLAN,FECHA_INICIO_PLAN,FECHA_FIN_PLAN) values (116,'Usuario 116','Apellido 116','usuario116@correo.com','riTVgEu','WqnNIJYugjMLGnCptAzqtOQmGAsICf',3,1,to_date('02-JUN-15','DD-MON-RR'),to_date('21-OCT-15','DD-MON-RR'));
Insert into TRELLO.TBL_USUARIOS (CODIGO_USUARIO,NOMBRE,APELLIDO,CORREO,CONTRASENA,CODIGO_REFERENCIA_RED_SOCIAL,CODIGO_RED_SOCIAL,CODIGO_PLAN,FECHA_INICIO_PLAN,FECHA_FIN_PLAN) values (117,'Usuario 117','Apellido 117','usuario117@correo.com','rYSBhSj','bRPqynlsiKOvVgcrgWKpoApxEjZojI',3,3,to_date('01-APR-15','DD-MON-RR'),to_date('05-NOV-15','DD-MON-RR'));
Insert into TRELLO.TBL_USUARIOS (CODIGO_USUARIO,NOMBRE,APELLIDO,CORREO,CONTRASENA,CODIGO_REFERENCIA_RED_SOCIAL,CODIGO_RED_SOCIAL,CODIGO_PLAN,FECHA_INICIO_PLAN,FECHA_FIN_PLAN) values (118,'Usuario 118','Apellido 118','usuario118@correo.com','kNDYyiC','WxBwiAuNiIqhIhfApfivPUzRyJZEbZ',3,4,to_date('06-JUN-15','DD-MON-RR'),to_date('28-AUG-15','DD-MON-RR'));
Insert into TRELLO.TBL_USUARIOS (CODIGO_USUARIO,NOMBRE,APELLIDO,CORREO,CONTRASENA,CODIGO_REFERENCIA_RED_SOCIAL,CODIGO_RED_SOCIAL,CODIGO_PLAN,FECHA_INICIO_PLAN,FECHA_FIN_PLAN) values (119,'Usuario 119','Apellido 119','usuario119@correo.com','lipsRSh','eRQKIRwPwznThTUHaBJadFrybQxaxT',3,1,to_date('06-AUG-15','DD-MON-RR'),to_date('26-OCT-15','DD-MON-RR'));
Insert into TRELLO.TBL_USUARIOS (CODIGO_USUARIO,NOMBRE,APELLIDO,CORREO,CONTRASENA,CODIGO_REFERENCIA_RED_SOCIAL,CODIGO_RED_SOCIAL,CODIGO_PLAN,FECHA_INICIO_PLAN,FECHA_FIN_PLAN) values (120,'Usuario 120','Apellido 120','usuario120@correo.com','ZcRNOFY','rvHCNPQnsPVXJgGiOkFkSaxLMwzgiN',3,4,to_date('05-JUL-15','DD-MON-RR'),to_date('14-SEP-15','DD-MON-RR'));
Insert into TRELLO.TBL_USUARIOS (CODIGO_USUARIO,NOMBRE,APELLIDO,CORREO,CONTRASENA,CODIGO_REFERENCIA_RED_SOCIAL,CODIGO_RED_SOCIAL,CODIGO_PLAN,FECHA_INICIO_PLAN,FECHA_FIN_PLAN) values (121,'Usuario 121','Apellido 121','usuario121@correo.com','fTHPPJN','vVcDRjaKiCgoDjErGjwdPgxxBqQvWr',3,3,to_date('19-JAN-15','DD-MON-RR'),to_date('22-OCT-15','DD-MON-RR'));
Insert into TRELLO.TBL_USUARIOS (CODIGO_USUARIO,NOMBRE,APELLIDO,CORREO,CONTRASENA,CODIGO_REFERENCIA_RED_SOCIAL,CODIGO_RED_SOCIAL,CODIGO_PLAN,FECHA_INICIO_PLAN,FECHA_FIN_PLAN) values (122,'Usuario 122','Apellido 122','usuario122@correo.com','WsglWeB','NXQixwoOPkevGKxLtynaBqIPCgjVaW',3,4,to_date('09-MAR-15','DD-MON-RR'),to_date('22-AUG-15','DD-MON-RR'));
Insert into TRELLO.TBL_USUARIOS (CODIGO_USUARIO,NOMBRE,APELLIDO,CORREO,CONTRASENA,CODIGO_REFERENCIA_RED_SOCIAL,CODIGO_RED_SOCIAL,CODIGO_PLAN,FECHA_INICIO_PLAN,FECHA_FIN_PLAN) values (123,'Usuario 123','Apellido 123','usuario123@correo.com','xetlPGB','aRymdmHUfGnNnRPEzDYSwKjecZAwNS',3,2,to_date('29-JUN-15','DD-MON-RR'),to_date('01-OCT-15','DD-MON-RR'));
Insert into TRELLO.TBL_USUARIOS (CODIGO_USUARIO,NOMBRE,APELLIDO,CORREO,CONTRASENA,CODIGO_REFERENCIA_RED_SOCIAL,CODIGO_RED_SOCIAL,CODIGO_PLAN,FECHA_INICIO_PLAN,FECHA_FIN_PLAN) values (124,'Usuario 124','Apellido 124','usuario124@correo.com','oUvXXMq','IoJYLYtACLiaqgDryjqEDulgbhiomR',3,1,to_date('05-MAY-15','DD-MON-RR'),to_date('26-SEP-15','DD-MON-RR'));
Insert into TRELLO.TBL_USUARIOS (CODIGO_USUARIO,NOMBRE,APELLIDO,CORREO,CONTRASENA,CODIGO_REFERENCIA_RED_SOCIAL,CODIGO_RED_SOCIAL,CODIGO_PLAN,FECHA_INICIO_PLAN,FECHA_FIN_PLAN) values (125,'Usuario 125','Apellido 125','usuario125@correo.com','VVIXccM','fnIbcxXXLAaRxWkVrNxqjLPnDwyDfU',3,2,to_date('18-DEC-14','DD-MON-RR'),to_date('22-OCT-15','DD-MON-RR'));
Insert into TRELLO.TBL_USUARIOS (CODIGO_USUARIO,NOMBRE,APELLIDO,CORREO,CONTRASENA,CODIGO_REFERENCIA_RED_SOCIAL,CODIGO_RED_SOCIAL,CODIGO_PLAN,FECHA_INICIO_PLAN,FECHA_FIN_PLAN) values (126,'Usuario 126','Apellido 126','usuario126@correo.com','eXiEzsi','PDPMviTiTyHorzikHfIRimpNFogakO',3,3,to_date('28-JUL-15','DD-MON-RR'),to_date('07-NOV-15','DD-MON-RR'));
REM INSERTING into TRELLO.TBL_USUARIOS_X_ORGANIZACION
SET DEFINE OFF;
Insert into TRELLO.TBL_USUARIOS_X_ORGANIZACION (CODIGO_USUARIO,CODIGO_ORGANIZACION,CODIGO_TIPO_USUARIO,FECHA_REGISTRO) values (252,5,1,to_date('12-SEP-15','DD-MON-RR'));
Insert into TRELLO.TBL_USUARIOS_X_ORGANIZACION (CODIGO_USUARIO,CODIGO_ORGANIZACION,CODIGO_TIPO_USUARIO,FECHA_REGISTRO) values (203,23,1,to_date('21-SEP-15','DD-MON-RR'));
Insert into TRELLO.TBL_USUARIOS_X_ORGANIZACION (CODIGO_USUARIO,CODIGO_ORGANIZACION,CODIGO_TIPO_USUARIO,FECHA_REGISTRO) values (270,19,1,to_date('22-OCT-15','DD-MON-RR'));
Insert into TRELLO.TBL_USUARIOS_X_ORGANIZACION (CODIGO_USUARIO,CODIGO_ORGANIZACION,CODIGO_TIPO_USUARIO,FECHA_REGISTRO) values (177,32,1,to_date('12-SEP-15','DD-MON-RR'));
Insert into TRELLO.TBL_USUARIOS_X_ORGANIZACION (CODIGO_USUARIO,CODIGO_ORGANIZACION,CODIGO_TIPO_USUARIO,FECHA_REGISTRO) values (175,40,1,to_date('04-SEP-15','DD-MON-RR'));
Insert into TRELLO.TBL_USUARIOS_X_ORGANIZACION (CODIGO_USUARIO,CODIGO_ORGANIZACION,CODIGO_TIPO_USUARIO,FECHA_REGISTRO) values (9,21,1,to_date('07-NOV-15','DD-MON-RR'));
Insert into TRELLO.TBL_USUARIOS_X_ORGANIZACION (CODIGO_USUARIO,CODIGO_ORGANIZACION,CODIGO_TIPO_USUARIO,FECHA_REGISTRO) values (199,36,1,to_date('12-SEP-15','DD-MON-RR'));
Insert into TRELLO.TBL_USUARIOS_X_ORGANIZACION (CODIGO_USUARIO,CODIGO_ORGANIZACION,CODIGO_TIPO_USUARIO,FECHA_REGISTRO) values (289,7,1,to_date('02-OCT-15','DD-MON-RR'));
Insert into TRELLO.TBL_USUARIOS_X_ORGANIZACION (CODIGO_USUARIO,CODIGO_ORGANIZACION,CODIGO_TIPO_USUARIO,FECHA_REGISTRO) values (79,35,1,to_date('07-OCT-15','DD-MON-RR'));
Insert into TRELLO.TBL_USUARIOS_X_ORGANIZACION (CODIGO_USUARIO,CODIGO_ORGANIZACION,CODIGO_TIPO_USUARIO,FECHA_REGISTRO) values (94,46,1,to_date('14-OCT-15','DD-MON-RR'));
Insert into TRELLO.TBL_USUARIOS_X_ORGANIZACION (CODIGO_USUARIO,CODIGO_ORGANIZACION,CODIGO_TIPO_USUARIO,FECHA_REGISTRO) values (220,49,1,to_date('04-SEP-15','DD-MON-RR'));
Insert into TRELLO.TBL_USUARIOS_X_ORGANIZACION (CODIGO_USUARIO,CODIGO_ORGANIZACION,CODIGO_TIPO_USUARIO,FECHA_REGISTRO) values (262,30,1,to_date('29-OCT-15','DD-MON-RR'));
Insert into TRELLO.TBL_USUARIOS_X_ORGANIZACION (CODIGO_USUARIO,CODIGO_ORGANIZACION,CODIGO_TIPO_USUARIO,FECHA_REGISTRO) values (128,22,1,to_date('29-OCT-15','DD-MON-RR'));
Insert into TRELLO.TBL_USUARIOS_X_ORGANIZACION (CODIGO_USUARIO,CODIGO_ORGANIZACION,CODIGO_TIPO_USUARIO,FECHA_REGISTRO) values (209,49,1,to_date('10-SEP-15','DD-MON-RR'));
Insert into TRELLO.TBL_USUARIOS_X_ORGANIZACION (CODIGO_USUARIO,CODIGO_ORGANIZACION,CODIGO_TIPO_USUARIO,FECHA_REGISTRO) values (213,20,1,to_date('13-AUG-15','DD-MON-RR'));
Insert into TRELLO.TBL_USUARIOS_X_ORGANIZACION (CODIGO_USUARIO,CODIGO_ORGANIZACION,CODIGO_TIPO_USUARIO,FECHA_REGISTRO) values (241,2,1,to_date('25-SEP-15','DD-MON-RR'));
Insert into TRELLO.TBL_USUARIOS_X_ORGANIZACION (CODIGO_USUARIO,CODIGO_ORGANIZACION,CODIGO_TIPO_USUARIO,FECHA_REGISTRO) values (152,31,1,to_date('06-SEP-15','DD-MON-RR'));
Insert into TRELLO.TBL_USUARIOS_X_ORGANIZACION (CODIGO_USUARIO,CODIGO_ORGANIZACION,CODIGO_TIPO_USUARIO,FECHA_REGISTRO) values (108,46,1,to_date('08-SEP-15','DD-MON-RR'));
Insert into TRELLO.TBL_USUARIOS_X_ORGANIZACION (CODIGO_USUARIO,CODIGO_ORGANIZACION,CODIGO_TIPO_USUARIO,FECHA_REGISTRO) values (111,3,1,to_date('07-OCT-15','DD-MON-RR'));
Insert into TRELLO.TBL_USUARIOS_X_ORGANIZACION (CODIGO_USUARIO,CODIGO_ORGANIZACION,CODIGO_TIPO_USUARIO,FECHA_REGISTRO) values (169,3,1,to_date('15-SEP-15','DD-MON-RR'));
Insert into TRELLO.TBL_USUARIOS_X_ORGANIZACION (CODIGO_USUARIO,CODIGO_ORGANIZACION,CODIGO_TIPO_USUARIO,FECHA_REGISTRO) values (284,25,1,to_date('16-AUG-15','DD-MON-RR'));
Insert into TRELLO.TBL_USUARIOS_X_ORGANIZACION (CODIGO_USUARIO,CODIGO_ORGANIZACION,CODIGO_TIPO_USUARIO,FECHA_REGISTRO) values (207,5,1,to_date('02-SEP-15','DD-MON-RR'));
Insert into TRELLO.TBL_USUARIOS_X_ORGANIZACION (CODIGO_USUARIO,CODIGO_ORGANIZACION,CODIGO_TIPO_USUARIO,FECHA_REGISTRO) values (171,47,1,to_date('10-OCT-15','DD-MON-RR'));
Insert into TRELLO.TBL_USUARIOS_X_ORGANIZACION (CODIGO_USUARIO,CODIGO_ORGANIZACION,CODIGO_TIPO_USUARIO,FECHA_REGISTRO) values (30,24,1,to_date('02-NOV-15','DD-MON-RR'));
Insert into TRELLO.TBL_USUARIOS_X_ORGANIZACION (CODIGO_USUARIO,CODIGO_ORGANIZACION,CODIGO_TIPO_USUARIO,FECHA_REGISTRO) values (243,4,1,to_date('10-SEP-15','DD-MON-RR'));
Insert into TRELLO.TBL_USUARIOS_X_ORGANIZACION (CODIGO_USUARIO,CODIGO_ORGANIZACION,CODIGO_TIPO_USUARIO,FECHA_REGISTRO) values (125,25,1,to_date('24-AUG-15','DD-MON-RR'));
Insert into TRELLO.TBL_USUARIOS_X_ORGANIZACION (CODIGO_USUARIO,CODIGO_ORGANIZACION,CODIGO_TIPO_USUARIO,FECHA_REGISTRO) values (259,18,1,to_date('13-SEP-15','DD-MON-RR'));
Insert into TRELLO.TBL_USUARIOS_X_ORGANIZACION (CODIGO_USUARIO,CODIGO_ORGANIZACION,CODIGO_TIPO_USUARIO,FECHA_REGISTRO) values (105,11,1,to_date('14-OCT-15','DD-MON-RR'));
Insert into TRELLO.TBL_USUARIOS_X_ORGANIZACION (CODIGO_USUARIO,CODIGO_ORGANIZACION,CODIGO_TIPO_USUARIO,FECHA_REGISTRO) values (245,37,1,to_date('12-OCT-15','DD-MON-RR'));
Insert into TRELLO.TBL_USUARIOS_X_ORGANIZACION (CODIGO_USUARIO,CODIGO_ORGANIZACION,CODIGO_TIPO_USUARIO,FECHA_REGISTRO) values (66,4,1,to_date('19-OCT-15','DD-MON-RR'));
Insert into TRELLO.TBL_USUARIOS_X_ORGANIZACION (CODIGO_USUARIO,CODIGO_ORGANIZACION,CODIGO_TIPO_USUARIO,FECHA_REGISTRO) values (112,45,1,to_date('26-OCT-15','DD-MON-RR'));
REM INSERTING into TRELLO.TBL_USUARIOS_X_TABLERO
SET DEFINE OFF;
Insert into TRELLO.TBL_USUARIOS_X_TABLERO (CODIGO_USUARIO,CODIGO_TABLERO,FAVORITO) values (239,26,1);
Insert into TRELLO.TBL_USUARIOS_X_TABLERO (CODIGO_USUARIO,CODIGO_TABLERO,FAVORITO) values (82,31,1);
Insert into TRELLO.TBL_USUARIOS_X_TABLERO (CODIGO_USUARIO,CODIGO_TABLERO,FAVORITO) values (23,49,1);
Insert into TRELLO.TBL_USUARIOS_X_TABLERO (CODIGO_USUARIO,CODIGO_TABLERO,FAVORITO) values (50,34,1);
Insert into TRELLO.TBL_USUARIOS_X_TABLERO (CODIGO_USUARIO,CODIGO_TABLERO,FAVORITO) values (260,38,1);
Insert into TRELLO.TBL_USUARIOS_X_TABLERO (CODIGO_USUARIO,CODIGO_TABLERO,FAVORITO) values (107,25,1);
Insert into TRELLO.TBL_USUARIOS_X_TABLERO (CODIGO_USUARIO,CODIGO_TABLERO,FAVORITO) values (75,1,1);
Insert into TRELLO.TBL_USUARIOS_X_TABLERO (CODIGO_USUARIO,CODIGO_TABLERO,FAVORITO) values (192,47,1);
Insert into TRELLO.TBL_USUARIOS_X_TABLERO (CODIGO_USUARIO,CODIGO_TABLERO,FAVORITO) values (89,16,1);
Insert into TRELLO.TBL_USUARIOS_X_TABLERO (CODIGO_USUARIO,CODIGO_TABLERO,FAVORITO) values (1,11,1);
Insert into TRELLO.TBL_USUARIOS_X_TABLERO (CODIGO_USUARIO,CODIGO_TABLERO,FAVORITO) values (201,34,1);
Insert into TRELLO.TBL_USUARIOS_X_TABLERO (CODIGO_USUARIO,CODIGO_TABLERO,FAVORITO) values (244,9,1);
Insert into TRELLO.TBL_USUARIOS_X_TABLERO (CODIGO_USUARIO,CODIGO_TABLERO,FAVORITO) values (135,46,1);
Insert into TRELLO.TBL_USUARIOS_X_TABLERO (CODIGO_USUARIO,CODIGO_TABLERO,FAVORITO) values (122,46,1);
Insert into TRELLO.TBL_USUARIOS_X_TABLERO (CODIGO_USUARIO,CODIGO_TABLERO,FAVORITO) values (291,13,1);
Insert into TRELLO.TBL_USUARIOS_X_TABLERO (CODIGO_USUARIO,CODIGO_TABLERO,FAVORITO) values (157,14,1);
Insert into TRELLO.TBL_USUARIOS_X_TABLERO (CODIGO_USUARIO,CODIGO_TABLERO,FAVORITO) values (217,33,2);
Insert into TRELLO.TBL_USUARIOS_X_TABLERO (CODIGO_USUARIO,CODIGO_TABLERO,FAVORITO) values (53,19,2);
Insert into TRELLO.TBL_USUARIOS_X_TABLERO (CODIGO_USUARIO,CODIGO_TABLERO,FAVORITO) values (21,41,2);
Insert into TRELLO.TBL_USUARIOS_X_TABLERO (CODIGO_USUARIO,CODIGO_TABLERO,FAVORITO) values (59,34,2);
Insert into TRELLO.TBL_USUARIOS_X_TABLERO (CODIGO_USUARIO,CODIGO_TABLERO,FAVORITO) values (155,40,2);
Insert into TRELLO.TBL_USUARIOS_X_TABLERO (CODIGO_USUARIO,CODIGO_TABLERO,FAVORITO) values (246,33,2);
Insert into TRELLO.TBL_USUARIOS_X_TABLERO (CODIGO_USUARIO,CODIGO_TABLERO,FAVORITO) values (91,20,2);
Insert into TRELLO.TBL_USUARIOS_X_TABLERO (CODIGO_USUARIO,CODIGO_TABLERO,FAVORITO) values (96,11,2);
Insert into TRELLO.TBL_USUARIOS_X_TABLERO (CODIGO_USUARIO,CODIGO_TABLERO,FAVORITO) values (42,48,2);
Insert into TRELLO.TBL_USUARIOS_X_TABLERO (CODIGO_USUARIO,CODIGO_TABLERO,FAVORITO) values (133,26,2);
Insert into TRELLO.TBL_USUARIOS_X_TABLERO (CODIGO_USUARIO,CODIGO_TABLERO,FAVORITO) values (223,12,1);
Insert into TRELLO.TBL_USUARIOS_X_TABLERO (CODIGO_USUARIO,CODIGO_TABLERO,FAVORITO) values (47,15,2);
Insert into TRELLO.TBL_USUARIOS_X_TABLERO (CODIGO_USUARIO,CODIGO_TABLERO,FAVORITO) values (257,4,2);
Insert into TRELLO.TBL_USUARIOS_X_TABLERO (CODIGO_USUARIO,CODIGO_TABLERO,FAVORITO) values (46,26,2);
Insert into TRELLO.TBL_USUARIOS_X_TABLERO (CODIGO_USUARIO,CODIGO_TABLERO,FAVORITO) values (223,49,2);
REM INSERTING into TRELLO.TBL_USUARIOS_X_TARJETA
SET DEFINE OFF;
Insert into TRELLO.TBL_USUARIOS_X_TARJETA (CODIGO_USUARIO,CODIGO_TARJETA) values (22,1);
Insert into TRELLO.TBL_USUARIOS_X_TARJETA (CODIGO_USUARIO,CODIGO_TARJETA) values (267,1);
Insert into TRELLO.TBL_USUARIOS_X_TARJETA (CODIGO_USUARIO,CODIGO_TARJETA) values (104,2);
Insert into TRELLO.TBL_USUARIOS_X_TARJETA (CODIGO_USUARIO,CODIGO_TARJETA) values (24,3);
Insert into TRELLO.TBL_USUARIOS_X_TARJETA (CODIGO_USUARIO,CODIGO_TARJETA) values (58,3);
Insert into TRELLO.TBL_USUARIOS_X_TARJETA (CODIGO_USUARIO,CODIGO_TARJETA) values (174,3);
Insert into TRELLO.TBL_USUARIOS_X_TARJETA (CODIGO_USUARIO,CODIGO_TARJETA) values (14,4);
Insert into TRELLO.TBL_USUARIOS_X_TARJETA (CODIGO_USUARIO,CODIGO_TARJETA) values (133,4);
Insert into TRELLO.TBL_USUARIOS_X_TARJETA (CODIGO_USUARIO,CODIGO_TARJETA) values (90,5);
Insert into TRELLO.TBL_USUARIOS_X_TARJETA (CODIGO_USUARIO,CODIGO_TARJETA) values (203,5);
Insert into TRELLO.TBL_USUARIOS_X_TARJETA (CODIGO_USUARIO,CODIGO_TARJETA) values (118,7);
Insert into TRELLO.TBL_USUARIOS_X_TARJETA (CODIGO_USUARIO,CODIGO_TARJETA) values (35,9);
Insert into TRELLO.TBL_USUARIOS_X_TARJETA (CODIGO_USUARIO,CODIGO_TARJETA) values (50,9);
Insert into TRELLO.TBL_USUARIOS_X_TARJETA (CODIGO_USUARIO,CODIGO_TARJETA) values (198,9);
Insert into TRELLO.TBL_USUARIOS_X_TARJETA (CODIGO_USUARIO,CODIGO_TARJETA) values (250,9);
Insert into TRELLO.TBL_USUARIOS_X_TARJETA (CODIGO_USUARIO,CODIGO_TARJETA) values (215,11);
Insert into TRELLO.TBL_USUARIOS_X_TARJETA (CODIGO_USUARIO,CODIGO_TARJETA) values (145,12);
Insert into TRELLO.TBL_USUARIOS_X_TARJETA (CODIGO_USUARIO,CODIGO_TARJETA) values (181,12);
Insert into TRELLO.TBL_USUARIOS_X_TARJETA (CODIGO_USUARIO,CODIGO_TARJETA) values (16,13);
Insert into TRELLO.TBL_USUARIOS_X_TARJETA (CODIGO_USUARIO,CODIGO_TARJETA) values (101,13);
Insert into TRELLO.TBL_USUARIOS_X_TARJETA (CODIGO_USUARIO,CODIGO_TARJETA) values (105,13);
Insert into TRELLO.TBL_USUARIOS_X_TARJETA (CODIGO_USUARIO,CODIGO_TARJETA) values (171,15);
Insert into TRELLO.TBL_USUARIOS_X_TARJETA (CODIGO_USUARIO,CODIGO_TARJETA) values (232,15);
Insert into TRELLO.TBL_USUARIOS_X_TARJETA (CODIGO_USUARIO,CODIGO_TARJETA) values (30,16);
Insert into TRELLO.TBL_USUARIOS_X_TARJETA (CODIGO_USUARIO,CODIGO_TARJETA) values (62,17);
Insert into TRELLO.TBL_USUARIOS_X_TARJETA (CODIGO_USUARIO,CODIGO_TARJETA) values (25,18);
Insert into TRELLO.TBL_USUARIOS_X_TARJETA (CODIGO_USUARIO,CODIGO_TARJETA) values (99,18);
Insert into TRELLO.TBL_USUARIOS_X_TARJETA (CODIGO_USUARIO,CODIGO_TARJETA) values (136,18);
Insert into TRELLO.TBL_USUARIOS_X_TARJETA (CODIGO_USUARIO,CODIGO_TARJETA) values (57,19);
Insert into TRELLO.TBL_USUARIOS_X_TARJETA (CODIGO_USUARIO,CODIGO_TARJETA) values (74,19);
Insert into TRELLO.TBL_USUARIOS_X_TARJETA (CODIGO_USUARIO,CODIGO_TARJETA) values (204,19);
Insert into TRELLO.TBL_USUARIOS_X_TARJETA (CODIGO_USUARIO,CODIGO_TARJETA) values (278,20);
Insert into TRELLO.TBL_USUARIOS_X_TARJETA (CODIGO_USUARIO,CODIGO_TARJETA) values (144,21);
Insert into TRELLO.TBL_USUARIOS_X_TARJETA (CODIGO_USUARIO,CODIGO_TARJETA) values (285,21);
Insert into TRELLO.TBL_USUARIOS_X_TARJETA (CODIGO_USUARIO,CODIGO_TARJETA) values (286,21);
Insert into TRELLO.TBL_USUARIOS_X_TARJETA (CODIGO_USUARIO,CODIGO_TARJETA) values (174,23);
Insert into TRELLO.TBL_USUARIOS_X_TARJETA (CODIGO_USUARIO,CODIGO_TARJETA) values (175,23);
Insert into TRELLO.TBL_USUARIOS_X_TARJETA (CODIGO_USUARIO,CODIGO_TARJETA) values (251,23);
Insert into TRELLO.TBL_USUARIOS_X_TARJETA (CODIGO_USUARIO,CODIGO_TARJETA) values (143,24);
Insert into TRELLO.TBL_USUARIOS_X_TARJETA (CODIGO_USUARIO,CODIGO_TARJETA) values (215,24);
Insert into TRELLO.TBL_USUARIOS_X_TARJETA (CODIGO_USUARIO,CODIGO_TARJETA) values (240,24);
Insert into TRELLO.TBL_USUARIOS_X_TARJETA (CODIGO_USUARIO,CODIGO_TARJETA) values (235,25);
Insert into TRELLO.TBL_USUARIOS_X_TARJETA (CODIGO_USUARIO,CODIGO_TARJETA) values (4,26);
Insert into TRELLO.TBL_USUARIOS_X_TARJETA (CODIGO_USUARIO,CODIGO_TARJETA) values (259,26);
Insert into TRELLO.TBL_USUARIOS_X_TARJETA (CODIGO_USUARIO,CODIGO_TARJETA) values (8,27);
Insert into TRELLO.TBL_USUARIOS_X_TARJETA (CODIGO_USUARIO,CODIGO_TARJETA) values (53,28);
Insert into TRELLO.TBL_USUARIOS_X_TARJETA (CODIGO_USUARIO,CODIGO_TARJETA) values (27,30);
Insert into TRELLO.TBL_USUARIOS_X_TARJETA (CODIGO_USUARIO,CODIGO_TARJETA) values (47,30);
Insert into TRELLO.TBL_USUARIOS_X_TARJETA (CODIGO_USUARIO,CODIGO_TARJETA) values (295,30);
Insert into TRELLO.TBL_USUARIOS_X_TARJETA (CODIGO_USUARIO,CODIGO_TARJETA) values (7,31);
Insert into TRELLO.TBL_USUARIOS_X_TARJETA (CODIGO_USUARIO,CODIGO_TARJETA) values (210,31);
Insert into TRELLO.TBL_USUARIOS_X_TARJETA (CODIGO_USUARIO,CODIGO_TARJETA) values (10,32);
Insert into TRELLO.TBL_USUARIOS_X_TARJETA (CODIGO_USUARIO,CODIGO_TARJETA) values (227,33);
Insert into TRELLO.TBL_USUARIOS_X_TARJETA (CODIGO_USUARIO,CODIGO_TARJETA) values (113,34);
Insert into TRELLO.TBL_USUARIOS_X_TARJETA (CODIGO_USUARIO,CODIGO_TARJETA) values (45,35);
Insert into TRELLO.TBL_USUARIOS_X_TARJETA (CODIGO_USUARIO,CODIGO_TARJETA) values (93,35);
Insert into TRELLO.TBL_USUARIOS_X_TARJETA (CODIGO_USUARIO,CODIGO_TARJETA) values (292,35);
Insert into TRELLO.TBL_USUARIOS_X_TARJETA (CODIGO_USUARIO,CODIGO_TARJETA) values (30,36);
Insert into TRELLO.TBL_USUARIOS_X_TARJETA (CODIGO_USUARIO,CODIGO_TARJETA) values (75,36);
Insert into TRELLO.TBL_USUARIOS_X_TARJETA (CODIGO_USUARIO,CODIGO_TARJETA) values (109,36);
Insert into TRELLO.TBL_USUARIOS_X_TARJETA (CODIGO_USUARIO,CODIGO_TARJETA) values (283,36);
Insert into TRELLO.TBL_USUARIOS_X_TARJETA (CODIGO_USUARIO,CODIGO_TARJETA) values (258,37);
Insert into TRELLO.TBL_USUARIOS_X_TARJETA (CODIGO_USUARIO,CODIGO_TARJETA) values (202,39);
Insert into TRELLO.TBL_USUARIOS_X_TARJETA (CODIGO_USUARIO,CODIGO_TARJETA) values (66,42);
Insert into TRELLO.TBL_USUARIOS_X_TARJETA (CODIGO_USUARIO,CODIGO_TARJETA) values (212,43);
Insert into TRELLO.TBL_USUARIOS_X_TARJETA (CODIGO_USUARIO,CODIGO_TARJETA) values (183,44);
Insert into TRELLO.TBL_USUARIOS_X_TARJETA (CODIGO_USUARIO,CODIGO_TARJETA) values (187,44);
Insert into TRELLO.TBL_USUARIOS_X_TARJETA (CODIGO_USUARIO,CODIGO_TARJETA) values (169,45);
Insert into TRELLO.TBL_USUARIOS_X_TARJETA (CODIGO_USUARIO,CODIGO_TARJETA) values (262,45);
Insert into TRELLO.TBL_USUARIOS_X_TARJETA (CODIGO_USUARIO,CODIGO_TARJETA) values (104,46);
Insert into TRELLO.TBL_USUARIOS_X_TARJETA (CODIGO_USUARIO,CODIGO_TARJETA) values (147,46);
Insert into TRELLO.TBL_USUARIOS_X_TARJETA (CODIGO_USUARIO,CODIGO_TARJETA) values (208,46);
Insert into TRELLO.TBL_USUARIOS_X_TARJETA (CODIGO_USUARIO,CODIGO_TARJETA) values (66,47);
Insert into TRELLO.TBL_USUARIOS_X_TARJETA (CODIGO_USUARIO,CODIGO_TARJETA) values (164,47);
Insert into TRELLO.TBL_USUARIOS_X_TARJETA (CODIGO_USUARIO,CODIGO_TARJETA) values (179,47);
Insert into TRELLO.TBL_USUARIOS_X_TARJETA (CODIGO_USUARIO,CODIGO_TARJETA) values (294,47);
Insert into TRELLO.TBL_USUARIOS_X_TARJETA (CODIGO_USUARIO,CODIGO_TARJETA) values (230,49);
Insert into TRELLO.TBL_USUARIOS_X_TARJETA (CODIGO_USUARIO,CODIGO_TARJETA) values (238,49);
Insert into TRELLO.TBL_USUARIOS_X_TARJETA (CODIGO_USUARIO,CODIGO_TARJETA) values (285,49);
Insert into TRELLO.TBL_USUARIOS_X_TARJETA (CODIGO_USUARIO,CODIGO_TARJETA) values (287,49);
Insert into TRELLO.TBL_USUARIOS_X_TARJETA (CODIGO_USUARIO,CODIGO_TARJETA) values (3,50);
Insert into TRELLO.TBL_USUARIOS_X_TARJETA (CODIGO_USUARIO,CODIGO_TARJETA) values (93,51);
Insert into TRELLO.TBL_USUARIOS_X_TARJETA (CODIGO_USUARIO,CODIGO_TARJETA) values (271,51);
Insert into TRELLO.TBL_USUARIOS_X_TARJETA (CODIGO_USUARIO,CODIGO_TARJETA) values (116,52);
Insert into TRELLO.TBL_USUARIOS_X_TARJETA (CODIGO_USUARIO,CODIGO_TARJETA) values (255,53);
Insert into TRELLO.TBL_USUARIOS_X_TARJETA (CODIGO_USUARIO,CODIGO_TARJETA) values (288,53);
Insert into TRELLO.TBL_USUARIOS_X_TARJETA (CODIGO_USUARIO,CODIGO_TARJETA) values (197,54);
Insert into TRELLO.TBL_USUARIOS_X_TARJETA (CODIGO_USUARIO,CODIGO_TARJETA) values (275,56);
Insert into TRELLO.TBL_USUARIOS_X_TARJETA (CODIGO_USUARIO,CODIGO_TARJETA) values (100,57);
Insert into TRELLO.TBL_USUARIOS_X_TARJETA (CODIGO_USUARIO,CODIGO_TARJETA) values (3,58);
Insert into TRELLO.TBL_USUARIOS_X_TARJETA (CODIGO_USUARIO,CODIGO_TARJETA) values (13,59);
Insert into TRELLO.TBL_USUARIOS_X_TARJETA (CODIGO_USUARIO,CODIGO_TARJETA) values (177,59);
Insert into TRELLO.TBL_USUARIOS_X_TARJETA (CODIGO_USUARIO,CODIGO_TARJETA) values (277,61);
Insert into TRELLO.TBL_USUARIOS_X_TARJETA (CODIGO_USUARIO,CODIGO_TARJETA) values (276,62);
Insert into TRELLO.TBL_USUARIOS_X_TARJETA (CODIGO_USUARIO,CODIGO_TARJETA) values (131,64);
Insert into TRELLO.TBL_USUARIOS_X_TARJETA (CODIGO_USUARIO,CODIGO_TARJETA) values (59,65);
Insert into TRELLO.TBL_USUARIOS_X_TARJETA (CODIGO_USUARIO,CODIGO_TARJETA) values (277,66);
Insert into TRELLO.TBL_USUARIOS_X_TARJETA (CODIGO_USUARIO,CODIGO_TARJETA) values (114,67);
Insert into TRELLO.TBL_USUARIOS_X_TARJETA (CODIGO_USUARIO,CODIGO_TARJETA) values (43,69);
Insert into TRELLO.TBL_USUARIOS_X_TARJETA (CODIGO_USUARIO,CODIGO_TARJETA) values (1,70);
Insert into TRELLO.TBL_USUARIOS_X_TARJETA (CODIGO_USUARIO,CODIGO_TARJETA) values (248,70);



ALTER TABLE TRELLO.TBL_USUARIOS_X_TARJETA ENABLE CONSTRAINT USU_X_TAR_USU_FK;
ALTER TABLE TRELLO.TBL_USUARIOS_X_TARJETA ENABLE CONSTRAINT USU_X_TAR_TAR_FK;
ALTER TABLE TRELLO.TBL_USUARIOS_X_TABLERO ENABLE CONSTRAINT USU_X_TAB_USU_FK;
ALTER TABLE TRELLO.TBL_USUARIOS_X_TABLERO ENABLE CONSTRAINT USU_X_TAB_TAB_FK;
ALTER TABLE TRELLO.TBL_USUARIOS_X_ORGANIZACION ENABLE CONSTRAINT USU_X_ORG_USU_FK;
ALTER TABLE TRELLO.TBL_USUARIOS_X_ORGANIZACION ENABLE CONSTRAINT USU_X_ORG_TIP_USU_FK;
ALTER TABLE TRELLO.TBL_USUARIOS_X_ORGANIZACION ENABLE CONSTRAINT USU_X_ORG_ORG_FK;
ALTER TABLE TRELLO.TBL_USUARIOS ENABLE CONSTRAINT USU_RED_SOC_FK;
ALTER TABLE TRELLO.TBL_USUARIOS ENABLE CONSTRAINT USU_PLA_FK;
ALTER TABLE TRELLO.TBL_TARJETAS ENABLE CONSTRAINT TAR_USU_FK;
ALTER TABLE TRELLO.TBL_TARJETAS ENABLE CONSTRAINT TAR_LIS_FK;
ALTER TABLE TRELLO.TBL_TABLERO ENABLE CONSTRAINT TAB_ORG_FK;
ALTER TABLE TRELLO.TBL_TABLERO ENABLE CONSTRAINT TABL_USU_FK;
ALTER TABLE TRELLO.TBL_SUSCRIPCIONES ENABLE CONSTRAINT SUS_USU_FK;
ALTER TABLE TRELLO.TBL_SUSCRIPCIONES ENABLE CONSTRAINT SUS_TAR_FK;
ALTER TABLE TRELLO.TBL_SUSCRIPCIONES ENABLE CONSTRAINT SUS_TAB_FK;
ALTER TABLE TRELLO.TBL_SUSCRIPCIONES ENABLE CONSTRAINT SUS_LIS_FK;
ALTER TABLE TRELLO.TBL_ORGANIZACIONES ENABLE CONSTRAINT ORG_USU_FK;
ALTER TABLE TRELLO.TBL_LISTAS ENABLE CONSTRAINT LIS_TAB_FK;
ALTER TABLE TRELLO.TBL_FACTURACION_PAGOS ENABLE CONSTRAINT FAC_PAG_USU_FK;
ALTER TABLE TRELLO.TBL_FACTURACION_PAGOS ENABLE CONSTRAINT FAC_PAG_PL_FK;
ALTER TABLE TRELLO.TBL_COMENTARIOS ENABLE CONSTRAINT COM_USU_FK;
ALTER TABLE TRELLO.TBL_COMENTARIOS ENABLE CONSTRAINT COML_TAR_FK;
ALTER TABLE TRELLO.TBL_CHECKLISTS ENABLE CONSTRAINT CHE_USU_FK;
ALTER TABLE TRELLO.TBL_CHECKLISTS ENABLE CONSTRAINT CHE_TAR_FK;
ALTER TABLE TRELLO.TBL_CHECKLIST_ITEMS ENABLE CONSTRAINT CHE_ITE_CHE_FK;
ALTER TABLE TRELLO.TBL_ARCHIVOS_ADJUNTOS ENABLE CONSTRAINT ARC_ADJ_USU_FK;
ALTER TABLE TRELLO.TBL_ARCHIVOS_ADJUNTOS ENABLE CONSTRAINT ARC_ADJ_TAR_FK;


--NO OLVIDAR ESTA LINEA!!!!!
COMMIT;