--------------------------------------------------------
--  File created - Wednesday-August-05-2015   
--------------------------------------------------------
REM INSERTING into FACEBOOK.TBL_TRABAJOS
SET DEFINE OFF;
Insert into FACEBOOK.TBL_TRABAJOS (CODIGO_TRABAJO,NOMBRE_TRABAJO,DESCRIPCION_TRABAJO) values (1,'Trabaja en Facebook','Tiene mucho tiempo disponible y solo pasa revisando Facebook...');

REM INSERTING into FACEBOOK.TBL_TIPOS_RELACIONES
SET DEFINE OFF;
Insert into FACEBOOK.TBL_TIPOS_RELACIONES (CODIGO_TIPO_RELACION,TIPO_RELACION) values (1,'Amig@');
Insert into FACEBOOK.TBL_TIPOS_RELACIONES (CODIGO_TIPO_RELACION,TIPO_RELACION) values (2,'Novi@');
Insert into FACEBOOK.TBL_TIPOS_RELACIONES (CODIGO_TIPO_RELACION,TIPO_RELACION) values (3,'Espos@');
Insert into FACEBOOK.TBL_TIPOS_RELACIONES (CODIGO_TIPO_RELACION,TIPO_RELACION) values (4,'Herman@');
Insert into FACEBOOK.TBL_TIPOS_RELACIONES (CODIGO_TIPO_RELACION,TIPO_RELACION) values (5,'Sobrin@');
Insert into FACEBOOK.TBL_TIPOS_RELACIONES (CODIGO_TIPO_RELACION,TIPO_RELACION) values (6,'Ti@');
Insert into FACEBOOK.TBL_TIPOS_RELACIONES (CODIGO_TIPO_RELACION,TIPO_RELACION) values (7,'Prim@');

REM INSERTING into FACEBOOK.TBL_PAISES
SET DEFINE OFF;
Insert into FACEBOOK.TBL_PAISES (CODIGO_PAIS,NOMBRE_PAIS) values (1,'HONDURAS');
Insert into FACEBOOK.TBL_PAISES (CODIGO_PAIS,NOMBRE_PAIS) values (2,'NICARAGUA');
Insert into FACEBOOK.TBL_PAISES (CODIGO_PAIS,NOMBRE_PAIS) values (3,'EL SALVADOR');
Insert into FACEBOOK.TBL_PAISES (CODIGO_PAIS,NOMBRE_PAIS) values (4,'PANAMA');
Insert into FACEBOOK.TBL_PAISES (CODIGO_PAIS,NOMBRE_PAIS) values (5,'GUATEMALA');
Insert into FACEBOOK.TBL_PAISES (CODIGO_PAIS,NOMBRE_PAIS) values (6,'COSTARICA');
Insert into FACEBOOK.TBL_PAISES (CODIGO_PAIS,NOMBRE_PAIS) values (7,'BELICE');
Insert into FACEBOOK.TBL_PAISES (CODIGO_PAIS,NOMBRE_PAIS) values (8,'COLOMBIA');
Insert into FACEBOOK.TBL_PAISES (CODIGO_PAIS,NOMBRE_PAIS) values (9,'BRAZIL');
Insert into FACEBOOK.TBL_PAISES (CODIGO_PAIS,NOMBRE_PAIS) values (10,'PARAGUAY');
Insert into FACEBOOK.TBL_PAISES (CODIGO_PAIS,NOMBRE_PAIS) values (11,'URUGUAY');
Insert into FACEBOOK.TBL_PAISES (CODIGO_PAIS,NOMBRE_PAIS) values (12,'ARGENTINA');
Insert into FACEBOOK.TBL_PAISES (CODIGO_PAIS,NOMBRE_PAIS) values (13,'CHILE');
Insert into FACEBOOK.TBL_PAISES (CODIGO_PAIS,NOMBRE_PAIS) values (14,'PERU');
Insert into FACEBOOK.TBL_PAISES (CODIGO_PAIS,NOMBRE_PAIS) values (15,'ECUADOR');
Insert into FACEBOOK.TBL_PAISES (CODIGO_PAIS,NOMBRE_PAIS) values (16,'MEXICO');
Insert into FACEBOOK.TBL_PAISES (CODIGO_PAIS,NOMBRE_PAIS) values (17,'ESTADOS UNIDOS');
Insert into FACEBOOK.TBL_PAISES (CODIGO_PAIS,NOMBRE_PAIS) values (18,'CANADA');
Insert into FACEBOOK.TBL_PAISES (CODIGO_PAIS,NOMBRE_PAIS) values (19,'ALASKA');
Insert into FACEBOOK.TBL_PAISES (CODIGO_PAIS,NOMBRE_PAIS) values (20,'VENEZUELA');
REM INSERTING into FACEBOOK.TBL_USUARIOS
SET DEFINE OFF;
Insert into FACEBOOK.TBL_USUARIOS (CODIGO_USUARIO,CODIGO_TRABAJO,CODIGO_PAIS,NOMBRE_USUARIO,FECHA_NACIMIENTO_USUARIO,FECHA_REGISTRO,GENERO_USUARIO,EDAD) values (1,1,1,'Usuario 1',to_date('11-AUG-15','DD-MON-RR'),to_date('26-MAY-15','DD-MON-RR'),'F',14);
Insert into FACEBOOK.TBL_USUARIOS (CODIGO_USUARIO,CODIGO_TRABAJO,CODIGO_PAIS,NOMBRE_USUARIO,FECHA_NACIMIENTO_USUARIO,FECHA_REGISTRO,GENERO_USUARIO,EDAD) values (2,1,2,'Usuario 2',to_date('08-JUN-15','DD-MON-RR'),to_date('02-FEB-15','DD-MON-RR'),'F',16);
Insert into FACEBOOK.TBL_USUARIOS (CODIGO_USUARIO,CODIGO_TRABAJO,CODIGO_PAIS,NOMBRE_USUARIO,FECHA_NACIMIENTO_USUARIO,FECHA_REGISTRO,GENERO_USUARIO,EDAD) values (3,1,3,'Usuario 3',to_date('02-FEB-15','DD-MON-RR'),to_date('08-JUN-15','DD-MON-RR'),'F',18);
Insert into FACEBOOK.TBL_USUARIOS (CODIGO_USUARIO,CODIGO_TRABAJO,CODIGO_PAIS,NOMBRE_USUARIO,FECHA_NACIMIENTO_USUARIO,FECHA_REGISTRO,GENERO_USUARIO,EDAD) values (4,1,4,'Usuario 4',to_date('23-FEB-15','DD-MON-RR'),to_date('26-MAY-15','DD-MON-RR'),'F',18);
Insert into FACEBOOK.TBL_USUARIOS (CODIGO_USUARIO,CODIGO_TRABAJO,CODIGO_PAIS,NOMBRE_USUARIO,FECHA_NACIMIENTO_USUARIO,FECHA_REGISTRO,GENERO_USUARIO,EDAD) values (5,1,5,'Usuario 5',to_date('26-MAY-15','DD-MON-RR'),to_date('23-FEB-15','DD-MON-RR'),'F',22);
Insert into FACEBOOK.TBL_USUARIOS (CODIGO_USUARIO,CODIGO_TRABAJO,CODIGO_PAIS,NOMBRE_USUARIO,FECHA_NACIMIENTO_USUARIO,FECHA_REGISTRO,GENERO_USUARIO,EDAD) values (6,1,6,'Usuario 6',to_date('19-MAY-15','DD-MON-RR'),to_date('15-AUG-12','DD-MON-RR'),'F',19);
Insert into FACEBOOK.TBL_USUARIOS (CODIGO_USUARIO,CODIGO_TRABAJO,CODIGO_PAIS,NOMBRE_USUARIO,FECHA_NACIMIENTO_USUARIO,FECHA_REGISTRO,GENERO_USUARIO,EDAD) values (7,1,7,'Usuario 7',to_date('15-AUG-12','DD-MON-RR'),to_date('15-AUG-12','DD-MON-RR'),'M',20);
Insert into FACEBOOK.TBL_USUARIOS (CODIGO_USUARIO,CODIGO_TRABAJO,CODIGO_PAIS,NOMBRE_USUARIO,FECHA_NACIMIENTO_USUARIO,FECHA_REGISTRO,GENERO_USUARIO,EDAD) values (8,1,8,'Usuario 8',to_date('21-MAY-07','DD-MON-RR'),to_date('13-FEB-03','DD-MON-RR'),'M',25);
Insert into FACEBOOK.TBL_USUARIOS (CODIGO_USUARIO,CODIGO_TRABAJO,CODIGO_PAIS,NOMBRE_USUARIO,FECHA_NACIMIENTO_USUARIO,FECHA_REGISTRO,GENERO_USUARIO,EDAD) values (9,1,9,'Usuario 9',to_date('13-FEB-03','DD-MON-RR'),to_date('17-AUG-15','DD-MON-RR'),'M',24);
Insert into FACEBOOK.TBL_USUARIOS (CODIGO_USUARIO,CODIGO_TRABAJO,CODIGO_PAIS,NOMBRE_USUARIO,FECHA_NACIMIENTO_USUARIO,FECHA_REGISTRO,GENERO_USUARIO,EDAD) values (10,1,1,'Usuario 10',to_date('21-MAY-08','DD-MON-RR'),to_date('29-JUN-06','DD-MON-RR'),'M',27);
Insert into FACEBOOK.TBL_USUARIOS (CODIGO_USUARIO,CODIGO_TRABAJO,CODIGO_PAIS,NOMBRE_USUARIO,FECHA_NACIMIENTO_USUARIO,FECHA_REGISTRO,GENERO_USUARIO,EDAD) values (11,1,2,'Usuario 11',to_date('17-AUG-15','DD-MON-RR'),to_date('29-DEC-06','DD-MON-RR'),'M',28);
Insert into FACEBOOK.TBL_USUARIOS (CODIGO_USUARIO,CODIGO_TRABAJO,CODIGO_PAIS,NOMBRE_USUARIO,FECHA_NACIMIENTO_USUARIO,FECHA_REGISTRO,GENERO_USUARIO,EDAD) values (12,1,3,'Usuario 12',to_date('26-NOV-08','DD-MON-RR'),to_date('13-FEB-03','DD-MON-RR'),'F',34);
Insert into FACEBOOK.TBL_USUARIOS (CODIGO_USUARIO,CODIGO_TRABAJO,CODIGO_PAIS,NOMBRE_USUARIO,FECHA_NACIMIENTO_USUARIO,FECHA_REGISTRO,GENERO_USUARIO,EDAD) values (13,1,4,'Usuario 13',to_date('28-DEC-11','DD-MON-RR'),to_date('16-AUG-15','DD-MON-RR'),'F',16);
Insert into FACEBOOK.TBL_USUARIOS (CODIGO_USUARIO,CODIGO_TRABAJO,CODIGO_PAIS,NOMBRE_USUARIO,FECHA_NACIMIENTO_USUARIO,FECHA_REGISTRO,GENERO_USUARIO,EDAD) values (14,1,5,'Usuario 14',to_date('29-JUN-06','DD-MON-RR'),to_date('26-NOV-08','DD-MON-RR'),'F',17);
Insert into FACEBOOK.TBL_USUARIOS (CODIGO_USUARIO,CODIGO_TRABAJO,CODIGO_PAIS,NOMBRE_USUARIO,FECHA_NACIMIENTO_USUARIO,FECHA_REGISTRO,GENERO_USUARIO,EDAD) values (15,1,6,'Usuario 15',to_date('29-DEC-06','DD-MON-RR'),to_date('17-AUG-15','DD-MON-RR'),'F',17);
Insert into FACEBOOK.TBL_USUARIOS (CODIGO_USUARIO,CODIGO_TRABAJO,CODIGO_PAIS,NOMBRE_USUARIO,FECHA_NACIMIENTO_USUARIO,FECHA_REGISTRO,GENERO_USUARIO,EDAD) values (16,1,10,'Usuario 16',to_date('31-AUG-99','DD-MON-RR'),to_date('29-DEC-06','DD-MON-RR'),'F',18);
Insert into FACEBOOK.TBL_USUARIOS (CODIGO_USUARIO,CODIGO_TRABAJO,CODIGO_PAIS,NOMBRE_USUARIO,FECHA_NACIMIENTO_USUARIO,FECHA_REGISTRO,GENERO_USUARIO,EDAD) values (17,1,11,'Usuario 17',to_date('16-AUG-15','DD-MON-RR'),to_date('24-AUG-06','DD-MON-RR'),'F',24);
Insert into FACEBOOK.TBL_USUARIOS (CODIGO_USUARIO,CODIGO_TRABAJO,CODIGO_PAIS,NOMBRE_USUARIO,FECHA_NACIMIENTO_USUARIO,FECHA_REGISTRO,GENERO_USUARIO,EDAD) values (18,1,12,'Usuario 18',to_date('24-AUG-06','DD-MON-RR'),to_date('16-AUG-15','DD-MON-RR'),'F',22);
Insert into FACEBOOK.TBL_USUARIOS (CODIGO_USUARIO,CODIGO_TRABAJO,CODIGO_PAIS,NOMBRE_USUARIO,FECHA_NACIMIENTO_USUARIO,FECHA_REGISTRO,GENERO_USUARIO,EDAD) values (19,1,13,'Usuario 19',to_date('20-MAR-97','DD-MON-RR'),to_date('29-DEC-06','DD-MON-RR'),'F',34);
Insert into FACEBOOK.TBL_USUARIOS (CODIGO_USUARIO,CODIGO_TRABAJO,CODIGO_PAIS,NOMBRE_USUARIO,FECHA_NACIMIENTO_USUARIO,FECHA_REGISTRO,GENERO_USUARIO,EDAD) values (20,1,14,'Usuario 20',to_date('16-AUG-96','DD-MON-RR'),to_date('12-MAY-06','DD-MON-RR'),'F',25);
Insert into FACEBOOK.TBL_USUARIOS (CODIGO_USUARIO,CODIGO_TRABAJO,CODIGO_PAIS,NOMBRE_USUARIO,FECHA_NACIMIENTO_USUARIO,FECHA_REGISTRO,GENERO_USUARIO,EDAD) values (21,1,15,'Usuario 21',to_date('12-MAY-06','DD-MON-RR'),to_date('06-SEP-06','DD-MON-RR'),'M',26);
Insert into FACEBOOK.TBL_USUARIOS (CODIGO_USUARIO,CODIGO_TRABAJO,CODIGO_PAIS,NOMBRE_USUARIO,FECHA_NACIMIENTO_USUARIO,FECHA_REGISTRO,GENERO_USUARIO,EDAD) values (22,1,16,'Usuario 22',to_date('28-JUN-06','DD-MON-RR'),to_date('12-MAY-06','DD-MON-RR'),'M',18);
Insert into FACEBOOK.TBL_USUARIOS (CODIGO_USUARIO,CODIGO_TRABAJO,CODIGO_PAIS,NOMBRE_USUARIO,FECHA_NACIMIENTO_USUARIO,FECHA_REGISTRO,GENERO_USUARIO,EDAD) values (23,1,17,'Usuario 23',to_date('06-SEP-06','DD-MON-RR'),to_date('16-OCT-04','DD-MON-RR'),'M',17);
Insert into FACEBOOK.TBL_USUARIOS (CODIGO_USUARIO,CODIGO_TRABAJO,CODIGO_PAIS,NOMBRE_USUARIO,FECHA_NACIMIENTO_USUARIO,FECHA_REGISTRO,GENERO_USUARIO,EDAD) values (24,1,10,'Usuario 24',to_date('28-NOV-06','DD-MON-RR'),to_date('14-JAN-05','DD-MON-RR'),'M',15);
Insert into FACEBOOK.TBL_USUARIOS (CODIGO_USUARIO,CODIGO_TRABAJO,CODIGO_PAIS,NOMBRE_USUARIO,FECHA_NACIMIENTO_USUARIO,FECHA_REGISTRO,GENERO_USUARIO,EDAD) values (25,1,11,'Usuario 25',to_date('25-DEC-05','DD-MON-RR'),to_date('26-APR-01','DD-MON-RR'),'M',14);
Insert into FACEBOOK.TBL_USUARIOS (CODIGO_USUARIO,CODIGO_TRABAJO,CODIGO_PAIS,NOMBRE_USUARIO,FECHA_NACIMIENTO_USUARIO,FECHA_REGISTRO,GENERO_USUARIO,EDAD) values (26,1,12,'Usuario 26',to_date('16-OCT-04','DD-MON-RR'),to_date('14-JAN-05','DD-MON-RR'),'M',32);
Insert into FACEBOOK.TBL_USUARIOS (CODIGO_USUARIO,CODIGO_TRABAJO,CODIGO_PAIS,NOMBRE_USUARIO,FECHA_NACIMIENTO_USUARIO,FECHA_REGISTRO,GENERO_USUARIO,EDAD) values (27,1,13,'Usuario 27',to_date('14-JAN-05','DD-MON-RR'),to_date('16-OCT-04','DD-MON-RR'),'F',18);
Insert into FACEBOOK.TBL_USUARIOS (CODIGO_USUARIO,CODIGO_TRABAJO,CODIGO_PAIS,NOMBRE_USUARIO,FECHA_NACIMIENTO_USUARIO,FECHA_REGISTRO,GENERO_USUARIO,EDAD) values (28,1,7,'Usuario 28',to_date('22-MAR-12','DD-MON-RR'),to_date('15-NOV-06','DD-MON-RR'),'F',19);
Insert into FACEBOOK.TBL_USUARIOS (CODIGO_USUARIO,CODIGO_TRABAJO,CODIGO_PAIS,NOMBRE_USUARIO,FECHA_NACIMIENTO_USUARIO,FECHA_REGISTRO,GENERO_USUARIO,EDAD) values (29,1,8,'Usuario 29',to_date('26-APR-01','DD-MON-RR'),to_date('14-JAN-05','DD-MON-RR'),'F',35);
Insert into FACEBOOK.TBL_USUARIOS (CODIGO_USUARIO,CODIGO_TRABAJO,CODIGO_PAIS,NOMBRE_USUARIO,FECHA_NACIMIENTO_USUARIO,FECHA_REGISTRO,GENERO_USUARIO,EDAD) values (30,1,9,'Usuario 30',to_date('15-NOV-06','DD-MON-RR'),to_date('16-OCT-04','DD-MON-RR'),'F',45);

REM INSERTING into FACEBOOK.TBL_ALBUMES
SET DEFINE OFF;
Insert into FACEBOOK.TBL_ALBUMES (CODIGO_ALBUM,CODIGO_USUARIO,DESCRIPCION_ALBUM,UBICACION_ALBUM) values (1,1,'Fotos subidas desde el celular','url');
Insert into FACEBOOK.TBL_ALBUMES (CODIGO_ALBUM,CODIGO_USUARIO,DESCRIPCION_ALBUM,UBICACION_ALBUM) values (2,1,'Fotos subidas desde el celular','url');
Insert into FACEBOOK.TBL_ALBUMES (CODIGO_ALBUM,CODIGO_USUARIO,DESCRIPCION_ALBUM,UBICACION_ALBUM) values (3,1,'Fotos subidas desde el celular','url');
Insert into FACEBOOK.TBL_ALBUMES (CODIGO_ALBUM,CODIGO_USUARIO,DESCRIPCION_ALBUM,UBICACION_ALBUM) values (4,2,'Fotos subidas desde el celular','url');
Insert into FACEBOOK.TBL_ALBUMES (CODIGO_ALBUM,CODIGO_USUARIO,DESCRIPCION_ALBUM,UBICACION_ALBUM) values (5,2,'Fotos subidas desde el celular','url');
Insert into FACEBOOK.TBL_ALBUMES (CODIGO_ALBUM,CODIGO_USUARIO,DESCRIPCION_ALBUM,UBICACION_ALBUM) values (6,2,'Fotos subidas desde el celular','url');
Insert into FACEBOOK.TBL_ALBUMES (CODIGO_ALBUM,CODIGO_USUARIO,DESCRIPCION_ALBUM,UBICACION_ALBUM) values (7,3,'Fotos subidas desde el celular','url');
Insert into FACEBOOK.TBL_ALBUMES (CODIGO_ALBUM,CODIGO_USUARIO,DESCRIPCION_ALBUM,UBICACION_ALBUM) values (8,4,'Fotos subidas desde el celular','url');
Insert into FACEBOOK.TBL_ALBUMES (CODIGO_ALBUM,CODIGO_USUARIO,DESCRIPCION_ALBUM,UBICACION_ALBUM) values (9,5,'Fotos subidas desde el celular','url');
Insert into FACEBOOK.TBL_ALBUMES (CODIGO_ALBUM,CODIGO_USUARIO,DESCRIPCION_ALBUM,UBICACION_ALBUM) values (10,6,'Fotos subidas desde el celular','url');
Insert into FACEBOOK.TBL_ALBUMES (CODIGO_ALBUM,CODIGO_USUARIO,DESCRIPCION_ALBUM,UBICACION_ALBUM) values (11,10,'Fotos subidas desde el celular','url');
Insert into FACEBOOK.TBL_ALBUMES (CODIGO_ALBUM,CODIGO_USUARIO,DESCRIPCION_ALBUM,UBICACION_ALBUM) values (12,15,'Fotos subidas desde el celular','url');
Insert into FACEBOOK.TBL_ALBUMES (CODIGO_ALBUM,CODIGO_USUARIO,DESCRIPCION_ALBUM,UBICACION_ALBUM) values (13,15,'Fotos subidas desde el celular','url');
Insert into FACEBOOK.TBL_ALBUMES (CODIGO_ALBUM,CODIGO_USUARIO,DESCRIPCION_ALBUM,UBICACION_ALBUM) values (14,16,'Fotos subidas desde el celular','url');
Insert into FACEBOOK.TBL_ALBUMES (CODIGO_ALBUM,CODIGO_USUARIO,DESCRIPCION_ALBUM,UBICACION_ALBUM) values (15,17,'Fotos subidas desde el celular','url');
Insert into FACEBOOK.TBL_ALBUMES (CODIGO_ALBUM,CODIGO_USUARIO,DESCRIPCION_ALBUM,UBICACION_ALBUM) values (16,17,'Fotos subidas desde el celular','url');
Insert into FACEBOOK.TBL_ALBUMES (CODIGO_ALBUM,CODIGO_USUARIO,DESCRIPCION_ALBUM,UBICACION_ALBUM) values (17,20,'Fotos subidas desde el celular','url');
Insert into FACEBOOK.TBL_ALBUMES (CODIGO_ALBUM,CODIGO_USUARIO,DESCRIPCION_ALBUM,UBICACION_ALBUM) values (18,20,'Fotos subidas desde el celular','url');
Insert into FACEBOOK.TBL_ALBUMES (CODIGO_ALBUM,CODIGO_USUARIO,DESCRIPCION_ALBUM,UBICACION_ALBUM) values (19,21,'Fotos subidas desde el celular','url');
Insert into FACEBOOK.TBL_ALBUMES (CODIGO_ALBUM,CODIGO_USUARIO,DESCRIPCION_ALBUM,UBICACION_ALBUM) values (20,22,'Fotos subidas desde el celular','url');

REM INSERTING into FACEBOOK.TBL_ESTATUS_SOLICITUDES
SET DEFINE OFF;
Insert into FACEBOOK.TBL_ESTATUS_SOLICITUDES (CODIGO_ESTATUS,NOMBRE_ESTATUS) values (1,'CONFIRMADA');
Insert into FACEBOOK.TBL_ESTATUS_SOLICITUDES (CODIGO_ESTATUS,NOMBRE_ESTATUS) values (2,'RECHAZADA');
Insert into FACEBOOK.TBL_ESTATUS_SOLICITUDES (CODIGO_ESTATUS,NOMBRE_ESTATUS) values (3,'PENDIENTE');
REM INSERTING into FACEBOOK.TBL_ETIQUETA_ALBUMES
SET DEFINE OFF;
Insert into FACEBOOK.TBL_ETIQUETA_ALBUMES (CODIGO_ALBUM,CODIGO_USUARIO) values (1,1);
Insert into FACEBOOK.TBL_ETIQUETA_ALBUMES (CODIGO_ALBUM,CODIGO_USUARIO) values (1,2);
Insert into FACEBOOK.TBL_ETIQUETA_ALBUMES (CODIGO_ALBUM,CODIGO_USUARIO) values (1,3);
Insert into FACEBOOK.TBL_ETIQUETA_ALBUMES (CODIGO_ALBUM,CODIGO_USUARIO) values (1,4);
Insert into FACEBOOK.TBL_ETIQUETA_ALBUMES (CODIGO_ALBUM,CODIGO_USUARIO) values (1,5);
Insert into FACEBOOK.TBL_ETIQUETA_ALBUMES (CODIGO_ALBUM,CODIGO_USUARIO) values (1,6);
Insert into FACEBOOK.TBL_ETIQUETA_ALBUMES (CODIGO_ALBUM,CODIGO_USUARIO) values (2,7);
Insert into FACEBOOK.TBL_ETIQUETA_ALBUMES (CODIGO_ALBUM,CODIGO_USUARIO) values (2,8);
Insert into FACEBOOK.TBL_ETIQUETA_ALBUMES (CODIGO_ALBUM,CODIGO_USUARIO) values (2,9);
Insert into FACEBOOK.TBL_ETIQUETA_ALBUMES (CODIGO_ALBUM,CODIGO_USUARIO) values (2,10);
Insert into FACEBOOK.TBL_ETIQUETA_ALBUMES (CODIGO_ALBUM,CODIGO_USUARIO) values (3,1);
Insert into FACEBOOK.TBL_ETIQUETA_ALBUMES (CODIGO_ALBUM,CODIGO_USUARIO) values (3,11);
Insert into FACEBOOK.TBL_ETIQUETA_ALBUMES (CODIGO_ALBUM,CODIGO_USUARIO) values (3,12);
Insert into FACEBOOK.TBL_ETIQUETA_ALBUMES (CODIGO_ALBUM,CODIGO_USUARIO) values (4,13);
Insert into FACEBOOK.TBL_ETIQUETA_ALBUMES (CODIGO_ALBUM,CODIGO_USUARIO) values (5,13);
Insert into FACEBOOK.TBL_ETIQUETA_ALBUMES (CODIGO_ALBUM,CODIGO_USUARIO) values (6,14);
Insert into FACEBOOK.TBL_ETIQUETA_ALBUMES (CODIGO_ALBUM,CODIGO_USUARIO) values (7,15);
Insert into FACEBOOK.TBL_ETIQUETA_ALBUMES (CODIGO_ALBUM,CODIGO_USUARIO) values (8,16);
Insert into FACEBOOK.TBL_ETIQUETA_ALBUMES (CODIGO_ALBUM,CODIGO_USUARIO) values (9,17);
Insert into FACEBOOK.TBL_ETIQUETA_ALBUMES (CODIGO_ALBUM,CODIGO_USUARIO) values (10,18);
Insert into FACEBOOK.TBL_ETIQUETA_ALBUMES (CODIGO_ALBUM,CODIGO_USUARIO) values (11,19);
Insert into FACEBOOK.TBL_ETIQUETA_ALBUMES (CODIGO_ALBUM,CODIGO_USUARIO) values (12,1);
Insert into FACEBOOK.TBL_ETIQUETA_ALBUMES (CODIGO_ALBUM,CODIGO_USUARIO) values (12,20);
Insert into FACEBOOK.TBL_ETIQUETA_ALBUMES (CODIGO_ALBUM,CODIGO_USUARIO) values (12,21);
Insert into FACEBOOK.TBL_ETIQUETA_ALBUMES (CODIGO_ALBUM,CODIGO_USUARIO) values (13,2);
Insert into FACEBOOK.TBL_ETIQUETA_ALBUMES (CODIGO_ALBUM,CODIGO_USUARIO) values (14,3);
Insert into FACEBOOK.TBL_ETIQUETA_ALBUMES (CODIGO_ALBUM,CODIGO_USUARIO) values (15,4);
Insert into FACEBOOK.TBL_ETIQUETA_ALBUMES (CODIGO_ALBUM,CODIGO_USUARIO) values (16,5);
Insert into FACEBOOK.TBL_ETIQUETA_ALBUMES (CODIGO_ALBUM,CODIGO_USUARIO) values (17,6);
Insert into FACEBOOK.TBL_ETIQUETA_ALBUMES (CODIGO_ALBUM,CODIGO_USUARIO) values (18,7);
REM INSERTING into FACEBOOK.TBL_ETIQUETA_FOTOGRAFIAS
SET DEFINE OFF;
REM INSERTING into FACEBOOK.TBL_FOTOS
SET DEFINE OFF;
Insert into FACEBOOK.TBL_FOTOS (CODIGO_FOTO,CODIGO_ALBUM,FECHA_SUBIDA,DESCRIPCION_FOTO,UBICACION_FOTO) values (1,1,null,'La mejor foto del mundo','url');
Insert into FACEBOOK.TBL_FOTOS (CODIGO_FOTO,CODIGO_ALBUM,FECHA_SUBIDA,DESCRIPCION_FOTO,UBICACION_FOTO) values (2,2,null,'La mejor foto del mundo','url');
Insert into FACEBOOK.TBL_FOTOS (CODIGO_FOTO,CODIGO_ALBUM,FECHA_SUBIDA,DESCRIPCION_FOTO,UBICACION_FOTO) values (3,2,null,'La mejor foto del mundo','url');
Insert into FACEBOOK.TBL_FOTOS (CODIGO_FOTO,CODIGO_ALBUM,FECHA_SUBIDA,DESCRIPCION_FOTO,UBICACION_FOTO) values (4,3,null,'La mejor foto del mundo','url');
Insert into FACEBOOK.TBL_FOTOS (CODIGO_FOTO,CODIGO_ALBUM,FECHA_SUBIDA,DESCRIPCION_FOTO,UBICACION_FOTO) values (5,4,null,'La mejor foto del mundo','url');
Insert into FACEBOOK.TBL_FOTOS (CODIGO_FOTO,CODIGO_ALBUM,FECHA_SUBIDA,DESCRIPCION_FOTO,UBICACION_FOTO) values (6,4,null,'La mejor foto del mundo','url');
Insert into FACEBOOK.TBL_FOTOS (CODIGO_FOTO,CODIGO_ALBUM,FECHA_SUBIDA,DESCRIPCION_FOTO,UBICACION_FOTO) values (7,4,null,'La mejor foto del mundo','url');
Insert into FACEBOOK.TBL_FOTOS (CODIGO_FOTO,CODIGO_ALBUM,FECHA_SUBIDA,DESCRIPCION_FOTO,UBICACION_FOTO) values (8,5,null,'La mejor foto del mundo','url');
Insert into FACEBOOK.TBL_FOTOS (CODIGO_FOTO,CODIGO_ALBUM,FECHA_SUBIDA,DESCRIPCION_FOTO,UBICACION_FOTO) values (9,5,null,'La mejor foto del mundo','url');
Insert into FACEBOOK.TBL_FOTOS (CODIGO_FOTO,CODIGO_ALBUM,FECHA_SUBIDA,DESCRIPCION_FOTO,UBICACION_FOTO) values (10,5,null,'La mejor foto del mundo','url');
Insert into FACEBOOK.TBL_FOTOS (CODIGO_FOTO,CODIGO_ALBUM,FECHA_SUBIDA,DESCRIPCION_FOTO,UBICACION_FOTO) values (11,6,null,'La mejor foto del mundo','url');
Insert into FACEBOOK.TBL_FOTOS (CODIGO_FOTO,CODIGO_ALBUM,FECHA_SUBIDA,DESCRIPCION_FOTO,UBICACION_FOTO) values (12,7,null,'La mejor foto del mundo','url');
Insert into FACEBOOK.TBL_FOTOS (CODIGO_FOTO,CODIGO_ALBUM,FECHA_SUBIDA,DESCRIPCION_FOTO,UBICACION_FOTO) values (13,8,null,'La mejor foto del mundo','url');
Insert into FACEBOOK.TBL_FOTOS (CODIGO_FOTO,CODIGO_ALBUM,FECHA_SUBIDA,DESCRIPCION_FOTO,UBICACION_FOTO) values (14,8,null,'La mejor foto del mundo','url');
Insert into FACEBOOK.TBL_FOTOS (CODIGO_FOTO,CODIGO_ALBUM,FECHA_SUBIDA,DESCRIPCION_FOTO,UBICACION_FOTO) values (15,8,null,'La mejor foto del mundo','url');
Insert into FACEBOOK.TBL_FOTOS (CODIGO_FOTO,CODIGO_ALBUM,FECHA_SUBIDA,DESCRIPCION_FOTO,UBICACION_FOTO) values (16,8,null,'La mejor foto del mundo','url');
Insert into FACEBOOK.TBL_FOTOS (CODIGO_FOTO,CODIGO_ALBUM,FECHA_SUBIDA,DESCRIPCION_FOTO,UBICACION_FOTO) values (17,8,null,'La mejor foto del mundo','url');
Insert into FACEBOOK.TBL_FOTOS (CODIGO_FOTO,CODIGO_ALBUM,FECHA_SUBIDA,DESCRIPCION_FOTO,UBICACION_FOTO) values (18,9,null,'La mejor foto del mundo','url');
Insert into FACEBOOK.TBL_FOTOS (CODIGO_FOTO,CODIGO_ALBUM,FECHA_SUBIDA,DESCRIPCION_FOTO,UBICACION_FOTO) values (19,10,null,'La mejor foto del mundo','url');
Insert into FACEBOOK.TBL_FOTOS (CODIGO_FOTO,CODIGO_ALBUM,FECHA_SUBIDA,DESCRIPCION_FOTO,UBICACION_FOTO) values (20,11,null,'La mejor foto del mundo','url');
Insert into FACEBOOK.TBL_FOTOS (CODIGO_FOTO,CODIGO_ALBUM,FECHA_SUBIDA,DESCRIPCION_FOTO,UBICACION_FOTO) values (21,12,null,'La mejor foto del mundo','url');
Insert into FACEBOOK.TBL_FOTOS (CODIGO_FOTO,CODIGO_ALBUM,FECHA_SUBIDA,DESCRIPCION_FOTO,UBICACION_FOTO) values (22,12,null,'La mejor foto del mundo','url');
Insert into FACEBOOK.TBL_FOTOS (CODIGO_FOTO,CODIGO_ALBUM,FECHA_SUBIDA,DESCRIPCION_FOTO,UBICACION_FOTO) values (23,13,null,'La mejor foto del mundo','url');
Insert into FACEBOOK.TBL_FOTOS (CODIGO_FOTO,CODIGO_ALBUM,FECHA_SUBIDA,DESCRIPCION_FOTO,UBICACION_FOTO) values (24,13,null,'La mejor foto del mundo','url');
Insert into FACEBOOK.TBL_FOTOS (CODIGO_FOTO,CODIGO_ALBUM,FECHA_SUBIDA,DESCRIPCION_FOTO,UBICACION_FOTO) values (25,13,null,'La mejor foto del mundo','url');
Insert into FACEBOOK.TBL_FOTOS (CODIGO_FOTO,CODIGO_ALBUM,FECHA_SUBIDA,DESCRIPCION_FOTO,UBICACION_FOTO) values (26,13,null,'La mejor foto del mundo','url');
Insert into FACEBOOK.TBL_FOTOS (CODIGO_FOTO,CODIGO_ALBUM,FECHA_SUBIDA,DESCRIPCION_FOTO,UBICACION_FOTO) values (27,14,null,'La mejor foto del mundo','url');
Insert into FACEBOOK.TBL_FOTOS (CODIGO_FOTO,CODIGO_ALBUM,FECHA_SUBIDA,DESCRIPCION_FOTO,UBICACION_FOTO) values (28,14,null,'La mejor foto del mundo','url');
Insert into FACEBOOK.TBL_FOTOS (CODIGO_FOTO,CODIGO_ALBUM,FECHA_SUBIDA,DESCRIPCION_FOTO,UBICACION_FOTO) values (29,15,null,'La mejor foto del mundo','url');
Insert into FACEBOOK.TBL_FOTOS (CODIGO_FOTO,CODIGO_ALBUM,FECHA_SUBIDA,DESCRIPCION_FOTO,UBICACION_FOTO) values (30,16,null,'La mejor foto del mundo','url');
Insert into FACEBOOK.TBL_FOTOS (CODIGO_FOTO,CODIGO_ALBUM,FECHA_SUBIDA,DESCRIPCION_FOTO,UBICACION_FOTO) values (31,17,null,'La mejor foto del mundo','url');
Insert into FACEBOOK.TBL_FOTOS (CODIGO_FOTO,CODIGO_ALBUM,FECHA_SUBIDA,DESCRIPCION_FOTO,UBICACION_FOTO) values (32,18,null,'La mejor foto del mundo','url');
Insert into FACEBOOK.TBL_FOTOS (CODIGO_FOTO,CODIGO_ALBUM,FECHA_SUBIDA,DESCRIPCION_FOTO,UBICACION_FOTO) values (33,19,null,'La mejor foto del mundo','url');
Insert into FACEBOOK.TBL_FOTOS (CODIGO_FOTO,CODIGO_ALBUM,FECHA_SUBIDA,DESCRIPCION_FOTO,UBICACION_FOTO) values (34,19,null,'La mejor foto del mundo','url');
Insert into FACEBOOK.TBL_FOTOS (CODIGO_FOTO,CODIGO_ALBUM,FECHA_SUBIDA,DESCRIPCION_FOTO,UBICACION_FOTO) values (35,19,null,'La mejor foto del mundo','url');
Insert into FACEBOOK.TBL_FOTOS (CODIGO_FOTO,CODIGO_ALBUM,FECHA_SUBIDA,DESCRIPCION_FOTO,UBICACION_FOTO) values (36,20,null,'La mejor foto del mundo','url');
Insert into FACEBOOK.TBL_FOTOS (CODIGO_FOTO,CODIGO_ALBUM,FECHA_SUBIDA,DESCRIPCION_FOTO,UBICACION_FOTO) values (37,20,null,'La mejor foto del mundo','url');
Insert into FACEBOOK.TBL_FOTOS (CODIGO_FOTO,CODIGO_ALBUM,FECHA_SUBIDA,DESCRIPCION_FOTO,UBICACION_FOTO) values (38,20,null,'La mejor foto del mundo','url');
Insert into FACEBOOK.TBL_FOTOS (CODIGO_FOTO,CODIGO_ALBUM,FECHA_SUBIDA,DESCRIPCION_FOTO,UBICACION_FOTO) values (39,20,null,'La mejor foto del mundo','url');
Insert into FACEBOOK.TBL_FOTOS (CODIGO_FOTO,CODIGO_ALBUM,FECHA_SUBIDA,DESCRIPCION_FOTO,UBICACION_FOTO) values (40,1,null,'La mejor foto del mundo','url');
Insert into FACEBOOK.TBL_FOTOS (CODIGO_FOTO,CODIGO_ALBUM,FECHA_SUBIDA,DESCRIPCION_FOTO,UBICACION_FOTO) values (41,2,null,'La mejor foto del mundo','url');
Insert into FACEBOOK.TBL_FOTOS (CODIGO_FOTO,CODIGO_ALBUM,FECHA_SUBIDA,DESCRIPCION_FOTO,UBICACION_FOTO) values (42,3,null,'La mejor foto del mundo','url');
Insert into FACEBOOK.TBL_FOTOS (CODIGO_FOTO,CODIGO_ALBUM,FECHA_SUBIDA,DESCRIPCION_FOTO,UBICACION_FOTO) values (43,3,null,'La mejor foto del mundo','url');
Insert into FACEBOOK.TBL_FOTOS (CODIGO_FOTO,CODIGO_ALBUM,FECHA_SUBIDA,DESCRIPCION_FOTO,UBICACION_FOTO) values (44,3,null,'La mejor foto del mundo','url');
Insert into FACEBOOK.TBL_FOTOS (CODIGO_FOTO,CODIGO_ALBUM,FECHA_SUBIDA,DESCRIPCION_FOTO,UBICACION_FOTO) values (45,3,null,'La mejor foto del mundo','url');
Insert into FACEBOOK.TBL_FOTOS (CODIGO_FOTO,CODIGO_ALBUM,FECHA_SUBIDA,DESCRIPCION_FOTO,UBICACION_FOTO) values (46,4,null,'La mejor foto del mundo','url');
Insert into FACEBOOK.TBL_FOTOS (CODIGO_FOTO,CODIGO_ALBUM,FECHA_SUBIDA,DESCRIPCION_FOTO,UBICACION_FOTO) values (47,5,null,'La mejor foto del mundo','url');
Insert into FACEBOOK.TBL_FOTOS (CODIGO_FOTO,CODIGO_ALBUM,FECHA_SUBIDA,DESCRIPCION_FOTO,UBICACION_FOTO) values (48,5,null,'La mejor foto del mundo','url');
Insert into FACEBOOK.TBL_FOTOS (CODIGO_FOTO,CODIGO_ALBUM,FECHA_SUBIDA,DESCRIPCION_FOTO,UBICACION_FOTO) values (49,5,null,'La mejor foto del mundo','url');
Insert into FACEBOOK.TBL_FOTOS (CODIGO_FOTO,CODIGO_ALBUM,FECHA_SUBIDA,DESCRIPCION_FOTO,UBICACION_FOTO) values (50,10,null,'La mejor foto del mundo','url');
REM INSERTING into FACEBOOK.TBL_GRUPOS
SET DEFINE OFF;
Insert into FACEBOOK.TBL_GRUPOS (CODIGO_GRUPO,NOMBRE_GRUPO,DESCRIPCION_GRUPO,FECHA_CREACION) values (1,'GRUPO 1','GRUPO 1',to_date('06-AUG-15','DD-MON-RR'));
Insert into FACEBOOK.TBL_GRUPOS (CODIGO_GRUPO,NOMBRE_GRUPO,DESCRIPCION_GRUPO,FECHA_CREACION) values (2,'GRUPO 2','GRUPO 2',to_date('04-AUG-15','DD-MON-RR'));
Insert into FACEBOOK.TBL_GRUPOS (CODIGO_GRUPO,NOMBRE_GRUPO,DESCRIPCION_GRUPO,FECHA_CREACION) values (3,'GRUPO 3','GRUPO 3',to_date('17-AUG-15','DD-MON-RR'));
Insert into FACEBOOK.TBL_GRUPOS (CODIGO_GRUPO,NOMBRE_GRUPO,DESCRIPCION_GRUPO,FECHA_CREACION) values (4,'GRUPO 4','GRUPO 4',to_date('16-AUG-15','DD-MON-RR'));
Insert into FACEBOOK.TBL_GRUPOS (CODIGO_GRUPO,NOMBRE_GRUPO,DESCRIPCION_GRUPO,FECHA_CREACION) values (5,'GRUPO 5','GRUPO 5',to_date('21-AUG-15','DD-MON-RR'));
REM INSERTING into FACEBOOK.TBL_GRUPOS_X_USUARIO
SET DEFINE OFF;
Insert into FACEBOOK.TBL_GRUPOS_X_USUARIO (CODIGO_USUARIO,CODIGO_GRUPO) values (1,1);
Insert into FACEBOOK.TBL_GRUPOS_X_USUARIO (CODIGO_USUARIO,CODIGO_GRUPO) values (2,1);
Insert into FACEBOOK.TBL_GRUPOS_X_USUARIO (CODIGO_USUARIO,CODIGO_GRUPO) values (3,1);
Insert into FACEBOOK.TBL_GRUPOS_X_USUARIO (CODIGO_USUARIO,CODIGO_GRUPO) values (4,1);
Insert into FACEBOOK.TBL_GRUPOS_X_USUARIO (CODIGO_USUARIO,CODIGO_GRUPO) values (5,1);
Insert into FACEBOOK.TBL_GRUPOS_X_USUARIO (CODIGO_USUARIO,CODIGO_GRUPO) values (6,1);
Insert into FACEBOOK.TBL_GRUPOS_X_USUARIO (CODIGO_USUARIO,CODIGO_GRUPO) values (7,1);
Insert into FACEBOOK.TBL_GRUPOS_X_USUARIO (CODIGO_USUARIO,CODIGO_GRUPO) values (8,1);
Insert into FACEBOOK.TBL_GRUPOS_X_USUARIO (CODIGO_USUARIO,CODIGO_GRUPO) values (9,1);
Insert into FACEBOOK.TBL_GRUPOS_X_USUARIO (CODIGO_USUARIO,CODIGO_GRUPO) values (10,1);
Insert into FACEBOOK.TBL_GRUPOS_X_USUARIO (CODIGO_USUARIO,CODIGO_GRUPO) values (11,1);
Insert into FACEBOOK.TBL_GRUPOS_X_USUARIO (CODIGO_USUARIO,CODIGO_GRUPO) values (12,1);
Insert into FACEBOOK.TBL_GRUPOS_X_USUARIO (CODIGO_USUARIO,CODIGO_GRUPO) values (13,1);
Insert into FACEBOOK.TBL_GRUPOS_X_USUARIO (CODIGO_USUARIO,CODIGO_GRUPO) values (14,1);
Insert into FACEBOOK.TBL_GRUPOS_X_USUARIO (CODIGO_USUARIO,CODIGO_GRUPO) values (15,1);
Insert into FACEBOOK.TBL_GRUPOS_X_USUARIO (CODIGO_USUARIO,CODIGO_GRUPO) values (16,1);
Insert into FACEBOOK.TBL_GRUPOS_X_USUARIO (CODIGO_USUARIO,CODIGO_GRUPO) values (1,2);
Insert into FACEBOOK.TBL_GRUPOS_X_USUARIO (CODIGO_USUARIO,CODIGO_GRUPO) values (2,2);
Insert into FACEBOOK.TBL_GRUPOS_X_USUARIO (CODIGO_USUARIO,CODIGO_GRUPO) values (12,2);
Insert into FACEBOOK.TBL_GRUPOS_X_USUARIO (CODIGO_USUARIO,CODIGO_GRUPO) values (13,2);
Insert into FACEBOOK.TBL_GRUPOS_X_USUARIO (CODIGO_USUARIO,CODIGO_GRUPO) values (14,2);
Insert into FACEBOOK.TBL_GRUPOS_X_USUARIO (CODIGO_USUARIO,CODIGO_GRUPO) values (15,2);
Insert into FACEBOOK.TBL_GRUPOS_X_USUARIO (CODIGO_USUARIO,CODIGO_GRUPO) values (16,2);
Insert into FACEBOOK.TBL_GRUPOS_X_USUARIO (CODIGO_USUARIO,CODIGO_GRUPO) values (17,2);
Insert into FACEBOOK.TBL_GRUPOS_X_USUARIO (CODIGO_USUARIO,CODIGO_GRUPO) values (18,2);
Insert into FACEBOOK.TBL_GRUPOS_X_USUARIO (CODIGO_USUARIO,CODIGO_GRUPO) values (19,2);
Insert into FACEBOOK.TBL_GRUPOS_X_USUARIO (CODIGO_USUARIO,CODIGO_GRUPO) values (20,2);
Insert into FACEBOOK.TBL_GRUPOS_X_USUARIO (CODIGO_USUARIO,CODIGO_GRUPO) values (21,2);
Insert into FACEBOOK.TBL_GRUPOS_X_USUARIO (CODIGO_USUARIO,CODIGO_GRUPO) values (22,2);
Insert into FACEBOOK.TBL_GRUPOS_X_USUARIO (CODIGO_USUARIO,CODIGO_GRUPO) values (23,2);
Insert into FACEBOOK.TBL_GRUPOS_X_USUARIO (CODIGO_USUARIO,CODIGO_GRUPO) values (24,2);
Insert into FACEBOOK.TBL_GRUPOS_X_USUARIO (CODIGO_USUARIO,CODIGO_GRUPO) values (25,2);
Insert into FACEBOOK.TBL_GRUPOS_X_USUARIO (CODIGO_USUARIO,CODIGO_GRUPO) values (26,2);
Insert into FACEBOOK.TBL_GRUPOS_X_USUARIO (CODIGO_USUARIO,CODIGO_GRUPO) values (27,2);
Insert into FACEBOOK.TBL_GRUPOS_X_USUARIO (CODIGO_USUARIO,CODIGO_GRUPO) values (28,2);
Insert into FACEBOOK.TBL_GRUPOS_X_USUARIO (CODIGO_USUARIO,CODIGO_GRUPO) values (29,2);
Insert into FACEBOOK.TBL_GRUPOS_X_USUARIO (CODIGO_USUARIO,CODIGO_GRUPO) values (19,3);
Insert into FACEBOOK.TBL_GRUPOS_X_USUARIO (CODIGO_USUARIO,CODIGO_GRUPO) values (20,3);
Insert into FACEBOOK.TBL_GRUPOS_X_USUARIO (CODIGO_USUARIO,CODIGO_GRUPO) values (21,4);
Insert into FACEBOOK.TBL_GRUPOS_X_USUARIO (CODIGO_USUARIO,CODIGO_GRUPO) values (22,4);
Insert into FACEBOOK.TBL_GRUPOS_X_USUARIO (CODIGO_USUARIO,CODIGO_GRUPO) values (23,4);
Insert into FACEBOOK.TBL_GRUPOS_X_USUARIO (CODIGO_USUARIO,CODIGO_GRUPO) values (1,5);
Insert into FACEBOOK.TBL_GRUPOS_X_USUARIO (CODIGO_USUARIO,CODIGO_GRUPO) values (2,5);
Insert into FACEBOOK.TBL_GRUPOS_X_USUARIO (CODIGO_USUARIO,CODIGO_GRUPO) values (24,5);
Insert into FACEBOOK.TBL_GRUPOS_X_USUARIO (CODIGO_USUARIO,CODIGO_GRUPO) values (25,5);
Insert into FACEBOOK.TBL_GRUPOS_X_USUARIO (CODIGO_USUARIO,CODIGO_GRUPO) values (26,5);
Insert into FACEBOOK.TBL_GRUPOS_X_USUARIO (CODIGO_USUARIO,CODIGO_GRUPO) values (27,5);
Insert into FACEBOOK.TBL_GRUPOS_X_USUARIO (CODIGO_USUARIO,CODIGO_GRUPO) values (28,5);
Insert into FACEBOOK.TBL_GRUPOS_X_USUARIO (CODIGO_USUARIO,CODIGO_GRUPO) values (29,5);
Insert into FACEBOOK.TBL_GRUPOS_X_USUARIO (CODIGO_USUARIO,CODIGO_GRUPO) values (30,5);
REM INSERTING into FACEBOOK.TBL_HISTORIAL_ACCESOS
SET DEFINE OFF;
Insert into FACEBOOK.TBL_HISTORIAL_ACCESOS (CODIGO_USUARIO,FECHA_HORA_ACCESO) values (1,to_date('06-AUG-15','DD-MON-RR'));
Insert into FACEBOOK.TBL_HISTORIAL_ACCESOS (CODIGO_USUARIO,FECHA_HORA_ACCESO) values (2,to_date('13-AUG-15','DD-MON-RR'));
Insert into FACEBOOK.TBL_HISTORIAL_ACCESOS (CODIGO_USUARIO,FECHA_HORA_ACCESO) values (3,to_date('19-AUG-15','DD-MON-RR'));
Insert into FACEBOOK.TBL_HISTORIAL_ACCESOS (CODIGO_USUARIO,FECHA_HORA_ACCESO) values (4,to_date('21-AUG-15','DD-MON-RR'));
Insert into FACEBOOK.TBL_HISTORIAL_ACCESOS (CODIGO_USUARIO,FECHA_HORA_ACCESO) values (5,to_date('07-AUG-15','DD-MON-RR'));
Insert into FACEBOOK.TBL_HISTORIAL_ACCESOS (CODIGO_USUARIO,FECHA_HORA_ACCESO) values (6,to_date('08-AUG-15','DD-MON-RR'));
Insert into FACEBOOK.TBL_HISTORIAL_ACCESOS (CODIGO_USUARIO,FECHA_HORA_ACCESO) values (7,to_date('11-AUG-15','DD-MON-RR'));
Insert into FACEBOOK.TBL_HISTORIAL_ACCESOS (CODIGO_USUARIO,FECHA_HORA_ACCESO) values (8,to_date('18-AUG-15','DD-MON-RR'));
Insert into FACEBOOK.TBL_HISTORIAL_ACCESOS (CODIGO_USUARIO,FECHA_HORA_ACCESO) values (8,to_date('05-AUG-15','DD-MON-RR'));
Insert into FACEBOOK.TBL_HISTORIAL_ACCESOS (CODIGO_USUARIO,FECHA_HORA_ACCESO) values (9,to_date('04-AUG-15','DD-MON-RR'));
Insert into FACEBOOK.TBL_HISTORIAL_ACCESOS (CODIGO_USUARIO,FECHA_HORA_ACCESO) values (9,to_date('26-AUG-15','DD-MON-RR'));
Insert into FACEBOOK.TBL_HISTORIAL_ACCESOS (CODIGO_USUARIO,FECHA_HORA_ACCESO) values (9,to_date('14-AUG-15','DD-MON-RR'));
Insert into FACEBOOK.TBL_HISTORIAL_ACCESOS (CODIGO_USUARIO,FECHA_HORA_ACCESO) values (9,to_date('06-AUG-15','DD-MON-RR'));
Insert into FACEBOOK.TBL_HISTORIAL_ACCESOS (CODIGO_USUARIO,FECHA_HORA_ACCESO) values (10,to_date('20-AUG-15','DD-MON-RR'));
Insert into FACEBOOK.TBL_HISTORIAL_ACCESOS (CODIGO_USUARIO,FECHA_HORA_ACCESO) values (11,to_date('27-AUG-15','DD-MON-RR'));
Insert into FACEBOOK.TBL_HISTORIAL_ACCESOS (CODIGO_USUARIO,FECHA_HORA_ACCESO) values (12,to_date('18-AUG-15','DD-MON-RR'));
Insert into FACEBOOK.TBL_HISTORIAL_ACCESOS (CODIGO_USUARIO,FECHA_HORA_ACCESO) values (12,to_date('25-AUG-15','DD-MON-RR'));
Insert into FACEBOOK.TBL_HISTORIAL_ACCESOS (CODIGO_USUARIO,FECHA_HORA_ACCESO) values (12,to_date('19-AUG-15','DD-MON-RR'));
Insert into FACEBOOK.TBL_HISTORIAL_ACCESOS (CODIGO_USUARIO,FECHA_HORA_ACCESO) values (12,to_date('14-AUG-15','DD-MON-RR'));
Insert into FACEBOOK.TBL_HISTORIAL_ACCESOS (CODIGO_USUARIO,FECHA_HORA_ACCESO) values (12,to_date('21-AUG-15','DD-MON-RR'));
Insert into FACEBOOK.TBL_HISTORIAL_ACCESOS (CODIGO_USUARIO,FECHA_HORA_ACCESO) values (12,to_date('20-AUG-15','DD-MON-RR'));
Insert into FACEBOOK.TBL_HISTORIAL_ACCESOS (CODIGO_USUARIO,FECHA_HORA_ACCESO) values (12,to_date('30-AUG-15','DD-MON-RR'));
Insert into FACEBOOK.TBL_HISTORIAL_ACCESOS (CODIGO_USUARIO,FECHA_HORA_ACCESO) values (14,to_date('19-AUG-15','DD-MON-RR'));
Insert into FACEBOOK.TBL_HISTORIAL_ACCESOS (CODIGO_USUARIO,FECHA_HORA_ACCESO) values (14,to_date('06-AUG-15','DD-MON-RR'));
Insert into FACEBOOK.TBL_HISTORIAL_ACCESOS (CODIGO_USUARIO,FECHA_HORA_ACCESO) values (14,to_date('25-AUG-15','DD-MON-RR'));
Insert into FACEBOOK.TBL_HISTORIAL_ACCESOS (CODIGO_USUARIO,FECHA_HORA_ACCESO) values (14,to_date('13-AUG-15','DD-MON-RR'));
Insert into FACEBOOK.TBL_HISTORIAL_ACCESOS (CODIGO_USUARIO,FECHA_HORA_ACCESO) values (14,to_date('20-AUG-15','DD-MON-RR'));
Insert into FACEBOOK.TBL_HISTORIAL_ACCESOS (CODIGO_USUARIO,FECHA_HORA_ACCESO) values (20,to_date('17-AUG-15','DD-MON-RR'));
Insert into FACEBOOK.TBL_HISTORIAL_ACCESOS (CODIGO_USUARIO,FECHA_HORA_ACCESO) values (20,to_date('11-AUG-15','DD-MON-RR'));
Insert into FACEBOOK.TBL_HISTORIAL_ACCESOS (CODIGO_USUARIO,FECHA_HORA_ACCESO) values (20,to_date('10-AUG-15','DD-MON-RR'));
Insert into FACEBOOK.TBL_HISTORIAL_ACCESOS (CODIGO_USUARIO,FECHA_HORA_ACCESO) values (21,to_date('19-AUG-15','DD-MON-RR'));
Insert into FACEBOOK.TBL_HISTORIAL_ACCESOS (CODIGO_USUARIO,FECHA_HORA_ACCESO) values (21,to_date('29-AUG-15','DD-MON-RR'));
Insert into FACEBOOK.TBL_HISTORIAL_ACCESOS (CODIGO_USUARIO,FECHA_HORA_ACCESO) values (21,to_date('22-AUG-15','DD-MON-RR'));
Insert into FACEBOOK.TBL_HISTORIAL_ACCESOS (CODIGO_USUARIO,FECHA_HORA_ACCESO) values (22,to_date('29-AUG-15','DD-MON-RR'));
Insert into FACEBOOK.TBL_HISTORIAL_ACCESOS (CODIGO_USUARIO,FECHA_HORA_ACCESO) values (24,to_date('21-AUG-15','DD-MON-RR'));
Insert into FACEBOOK.TBL_HISTORIAL_ACCESOS (CODIGO_USUARIO,FECHA_HORA_ACCESO) values (24,to_date('29-AUG-15','DD-MON-RR'));
Insert into FACEBOOK.TBL_HISTORIAL_ACCESOS (CODIGO_USUARIO,FECHA_HORA_ACCESO) values (24,to_date('24-AUG-15','DD-MON-RR'));
Insert into FACEBOOK.TBL_HISTORIAL_ACCESOS (CODIGO_USUARIO,FECHA_HORA_ACCESO) values (24,to_date('26-AUG-15','DD-MON-RR'));
Insert into FACEBOOK.TBL_HISTORIAL_ACCESOS (CODIGO_USUARIO,FECHA_HORA_ACCESO) values (24,to_date('02-AUG-15','DD-MON-RR'));
Insert into FACEBOOK.TBL_HISTORIAL_ACCESOS (CODIGO_USUARIO,FECHA_HORA_ACCESO) values (25,to_date('11-AUG-15','DD-MON-RR'));
Insert into FACEBOOK.TBL_HISTORIAL_ACCESOS (CODIGO_USUARIO,FECHA_HORA_ACCESO) values (25,to_date('10-AUG-15','DD-MON-RR'));
Insert into FACEBOOK.TBL_HISTORIAL_ACCESOS (CODIGO_USUARIO,FECHA_HORA_ACCESO) values (25,to_date('16-AUG-15','DD-MON-RR'));
Insert into FACEBOOK.TBL_HISTORIAL_ACCESOS (CODIGO_USUARIO,FECHA_HORA_ACCESO) values (26,to_date('04-AUG-15','DD-MON-RR'));
Insert into FACEBOOK.TBL_HISTORIAL_ACCESOS (CODIGO_USUARIO,FECHA_HORA_ACCESO) values (26,to_date('19-AUG-15','DD-MON-RR'));
Insert into FACEBOOK.TBL_HISTORIAL_ACCESOS (CODIGO_USUARIO,FECHA_HORA_ACCESO) values (27,to_date('19-AUG-15','DD-MON-RR'));
Insert into FACEBOOK.TBL_HISTORIAL_ACCESOS (CODIGO_USUARIO,FECHA_HORA_ACCESO) values (27,to_date('16-AUG-15','DD-MON-RR'));
Insert into FACEBOOK.TBL_HISTORIAL_ACCESOS (CODIGO_USUARIO,FECHA_HORA_ACCESO) values (27,to_date('24-AUG-15','DD-MON-RR'));
Insert into FACEBOOK.TBL_HISTORIAL_ACCESOS (CODIGO_USUARIO,FECHA_HORA_ACCESO) values (27,to_date('01-AUG-15','DD-MON-RR'));
Insert into FACEBOOK.TBL_HISTORIAL_ACCESOS (CODIGO_USUARIO,FECHA_HORA_ACCESO) values (27,to_date('02-AUG-15','DD-MON-RR'));
REM INSERTING into FACEBOOK.TBL_LIKE_FOTOGRAFIAS
SET DEFINE OFF;
Insert into FACEBOOK.TBL_LIKE_FOTOGRAFIAS (CODIGO_USUARIO,CODIGO_FOTO,FECHA_LIKE_FOTO) values (1,1,to_date('26-AUG-15','DD-MON-RR'));
Insert into FACEBOOK.TBL_LIKE_FOTOGRAFIAS (CODIGO_USUARIO,CODIGO_FOTO,FECHA_LIKE_FOTO) values (2,2,to_date('26-AUG-15','DD-MON-RR'));
Insert into FACEBOOK.TBL_LIKE_FOTOGRAFIAS (CODIGO_USUARIO,CODIGO_FOTO,FECHA_LIKE_FOTO) values (3,3,to_date('26-AUG-15','DD-MON-RR'));
Insert into FACEBOOK.TBL_LIKE_FOTOGRAFIAS (CODIGO_USUARIO,CODIGO_FOTO,FECHA_LIKE_FOTO) values (4,4,to_date('26-AUG-15','DD-MON-RR'));
Insert into FACEBOOK.TBL_LIKE_FOTOGRAFIAS (CODIGO_USUARIO,CODIGO_FOTO,FECHA_LIKE_FOTO) values (5,5,to_date('26-AUG-15','DD-MON-RR'));
Insert into FACEBOOK.TBL_LIKE_FOTOGRAFIAS (CODIGO_USUARIO,CODIGO_FOTO,FECHA_LIKE_FOTO) values (6,1,to_date('26-AUG-15','DD-MON-RR'));
Insert into FACEBOOK.TBL_LIKE_FOTOGRAFIAS (CODIGO_USUARIO,CODIGO_FOTO,FECHA_LIKE_FOTO) values (7,2,to_date('26-AUG-15','DD-MON-RR'));
Insert into FACEBOOK.TBL_LIKE_FOTOGRAFIAS (CODIGO_USUARIO,CODIGO_FOTO,FECHA_LIKE_FOTO) values (8,3,to_date('26-AUG-15','DD-MON-RR'));
Insert into FACEBOOK.TBL_LIKE_FOTOGRAFIAS (CODIGO_USUARIO,CODIGO_FOTO,FECHA_LIKE_FOTO) values (9,4,to_date('26-AUG-15','DD-MON-RR'));
Insert into FACEBOOK.TBL_LIKE_FOTOGRAFIAS (CODIGO_USUARIO,CODIGO_FOTO,FECHA_LIKE_FOTO) values (1,2,to_date('26-AUG-15','DD-MON-RR'));
Insert into FACEBOOK.TBL_LIKE_FOTOGRAFIAS (CODIGO_USUARIO,CODIGO_FOTO,FECHA_LIKE_FOTO) values (2,1,to_date('26-AUG-15','DD-MON-RR'));
Insert into FACEBOOK.TBL_LIKE_FOTOGRAFIAS (CODIGO_USUARIO,CODIGO_FOTO,FECHA_LIKE_FOTO) values (3,1,to_date('26-AUG-15','DD-MON-RR'));
Insert into FACEBOOK.TBL_LIKE_FOTOGRAFIAS (CODIGO_USUARIO,CODIGO_FOTO,FECHA_LIKE_FOTO) values (4,2,to_date('26-AUG-15','DD-MON-RR'));
Insert into FACEBOOK.TBL_LIKE_FOTOGRAFIAS (CODIGO_USUARIO,CODIGO_FOTO,FECHA_LIKE_FOTO) values (5,2,to_date('26-AUG-15','DD-MON-RR'));
REM INSERTING into FACEBOOK.TBL_PUBLICACIONES
SET DEFINE OFF;
Insert into FACEBOOK.TBL_PUBLICACIONES (CODIGO_PUBLICACION,CODIGO_USUARIO,CODIGO_GRUPO,CONTENIDO_PUBLICACION,FECHA_PUBLICACION) values (1,1,null,'PUBLICACION 1',to_date('02-AUG-15','DD-MON-RR'));
Insert into FACEBOOK.TBL_PUBLICACIONES (CODIGO_PUBLICACION,CODIGO_USUARIO,CODIGO_GRUPO,CONTENIDO_PUBLICACION,FECHA_PUBLICACION) values (2,1,null,'PUBLICACION 2',to_date('02-AUG-15','DD-MON-RR'));
Insert into FACEBOOK.TBL_PUBLICACIONES (CODIGO_PUBLICACION,CODIGO_USUARIO,CODIGO_GRUPO,CONTENIDO_PUBLICACION,FECHA_PUBLICACION) values (3,2,null,'PUBLICACION 3',to_date('02-AUG-15','DD-MON-RR'));
Insert into FACEBOOK.TBL_PUBLICACIONES (CODIGO_PUBLICACION,CODIGO_USUARIO,CODIGO_GRUPO,CONTENIDO_PUBLICACION,FECHA_PUBLICACION) values (4,2,null,'PUBLICACION 4',to_date('02-AUG-15','DD-MON-RR'));
Insert into FACEBOOK.TBL_PUBLICACIONES (CODIGO_PUBLICACION,CODIGO_USUARIO,CODIGO_GRUPO,CONTENIDO_PUBLICACION,FECHA_PUBLICACION) values (5,3,null,'PUBLICACION 5',to_date('02-AUG-15','DD-MON-RR'));
Insert into FACEBOOK.TBL_PUBLICACIONES (CODIGO_PUBLICACION,CODIGO_USUARIO,CODIGO_GRUPO,CONTENIDO_PUBLICACION,FECHA_PUBLICACION) values (6,3,null,'PUBLICACION 6',to_date('02-AUG-15','DD-MON-RR'));
REM INSERTING into FACEBOOK.TBL_LIKE_PUBLICACIONES
SET DEFINE OFF;
Insert into FACEBOOK.TBL_LIKE_PUBLICACIONES (CODIGO_USUARIO,CODIGO_PUBLICACION,FECHA_LIKE_PUBLICACION) values (10,6,to_date('13-JUL-15','DD-MON-RR'));
Insert into FACEBOOK.TBL_LIKE_PUBLICACIONES (CODIGO_USUARIO,CODIGO_PUBLICACION,FECHA_LIKE_PUBLICACION) values (2,5,to_date('13-JUL-15','DD-MON-RR'));
Insert into FACEBOOK.TBL_LIKE_PUBLICACIONES (CODIGO_USUARIO,CODIGO_PUBLICACION,FECHA_LIKE_PUBLICACION) values (15,4,to_date('13-JUL-15','DD-MON-RR'));
Insert into FACEBOOK.TBL_LIKE_PUBLICACIONES (CODIGO_USUARIO,CODIGO_PUBLICACION,FECHA_LIKE_PUBLICACION) values (4,3,to_date('13-JUL-15','DD-MON-RR'));
Insert into FACEBOOK.TBL_LIKE_PUBLICACIONES (CODIGO_USUARIO,CODIGO_PUBLICACION,FECHA_LIKE_PUBLICACION) values (21,2,to_date('13-JUL-15','DD-MON-RR'));
Insert into FACEBOOK.TBL_LIKE_PUBLICACIONES (CODIGO_USUARIO,CODIGO_PUBLICACION,FECHA_LIKE_PUBLICACION) values (6,1,to_date('13-JUL-15','DD-MON-RR'));
REM INSERTING into FACEBOOK.TBL_MENSAJES
SET DEFINE OFF;
REM INSERTING into FACEBOOK.TBL_TRABAJOS_X_USUARIO
SET DEFINE OFF;

REM INSERTING into FACEBOOK.TBL_AMIGOS
SET DEFINE OFF;
Insert into FACEBOOK.TBL_AMIGOS (CODIGO_USUARIO,CODIGO_AMIGO,CODIGO_ESTATUS,CODIGO_TIPO_RELACION) values (1,20,1,3);
Insert into FACEBOOK.TBL_AMIGOS (CODIGO_USUARIO,CODIGO_AMIGO,CODIGO_ESTATUS,CODIGO_TIPO_RELACION) values (1,21,2,1);
Insert into FACEBOOK.TBL_AMIGOS (CODIGO_USUARIO,CODIGO_AMIGO,CODIGO_ESTATUS,CODIGO_TIPO_RELACION) values (1,22,3,1);
Insert into FACEBOOK.TBL_AMIGOS (CODIGO_USUARIO,CODIGO_AMIGO,CODIGO_ESTATUS,CODIGO_TIPO_RELACION) values (1,23,1,1);
Insert into FACEBOOK.TBL_AMIGOS (CODIGO_USUARIO,CODIGO_AMIGO,CODIGO_ESTATUS,CODIGO_TIPO_RELACION) values (1,24,2,1);
Insert into FACEBOOK.TBL_AMIGOS (CODIGO_USUARIO,CODIGO_AMIGO,CODIGO_ESTATUS,CODIGO_TIPO_RELACION) values (1,25,3,1);
Insert into FACEBOOK.TBL_AMIGOS (CODIGO_USUARIO,CODIGO_AMIGO,CODIGO_ESTATUS,CODIGO_TIPO_RELACION) values (2,26,1,3);
Insert into FACEBOOK.TBL_AMIGOS (CODIGO_USUARIO,CODIGO_AMIGO,CODIGO_ESTATUS,CODIGO_TIPO_RELACION) values (2,27,2,1);
Insert into FACEBOOK.TBL_AMIGOS (CODIGO_USUARIO,CODIGO_AMIGO,CODIGO_ESTATUS,CODIGO_TIPO_RELACION) values (2,28,3,1);
Insert into FACEBOOK.TBL_AMIGOS (CODIGO_USUARIO,CODIGO_AMIGO,CODIGO_ESTATUS,CODIGO_TIPO_RELACION) values (2,29,1,1);
Insert into FACEBOOK.TBL_AMIGOS (CODIGO_USUARIO,CODIGO_AMIGO,CODIGO_ESTATUS,CODIGO_TIPO_RELACION) values (3,30,2,1);
Insert into FACEBOOK.TBL_AMIGOS (CODIGO_USUARIO,CODIGO_AMIGO,CODIGO_ESTATUS,CODIGO_TIPO_RELACION) values (3,20,3,1);
Insert into FACEBOOK.TBL_AMIGOS (CODIGO_USUARIO,CODIGO_AMIGO,CODIGO_ESTATUS,CODIGO_TIPO_RELACION) values (3,21,1,1);
Insert into FACEBOOK.TBL_AMIGOS (CODIGO_USUARIO,CODIGO_AMIGO,CODIGO_ESTATUS,CODIGO_TIPO_RELACION) values (3,22,2,1);
Insert into FACEBOOK.TBL_AMIGOS (CODIGO_USUARIO,CODIGO_AMIGO,CODIGO_ESTATUS,CODIGO_TIPO_RELACION) values (4,23,3,1);
Insert into FACEBOOK.TBL_AMIGOS (CODIGO_USUARIO,CODIGO_AMIGO,CODIGO_ESTATUS,CODIGO_TIPO_RELACION) values (4,24,1,1);
Insert into FACEBOOK.TBL_AMIGOS (CODIGO_USUARIO,CODIGO_AMIGO,CODIGO_ESTATUS,CODIGO_TIPO_RELACION) values (4,25,2,1);
Insert into FACEBOOK.TBL_AMIGOS (CODIGO_USUARIO,CODIGO_AMIGO,CODIGO_ESTATUS,CODIGO_TIPO_RELACION) values (4,26,3,1);
Insert into FACEBOOK.TBL_AMIGOS (CODIGO_USUARIO,CODIGO_AMIGO,CODIGO_ESTATUS,CODIGO_TIPO_RELACION) values (5,27,1,1);
Insert into FACEBOOK.TBL_AMIGOS (CODIGO_USUARIO,CODIGO_AMIGO,CODIGO_ESTATUS,CODIGO_TIPO_RELACION) values (5,28,2,2);
Insert into FACEBOOK.TBL_AMIGOS (CODIGO_USUARIO,CODIGO_AMIGO,CODIGO_ESTATUS,CODIGO_TIPO_RELACION) values (5,29,3,1);
Insert into FACEBOOK.TBL_AMIGOS (CODIGO_USUARIO,CODIGO_AMIGO,CODIGO_ESTATUS,CODIGO_TIPO_RELACION) values (5,30,1,1);
Insert into FACEBOOK.TBL_AMIGOS (CODIGO_USUARIO,CODIGO_AMIGO,CODIGO_ESTATUS,CODIGO_TIPO_RELACION) values (10,16,1,3);
Insert into FACEBOOK.TBL_AMIGOS (CODIGO_USUARIO,CODIGO_AMIGO,CODIGO_ESTATUS,CODIGO_TIPO_RELACION) values (10,1,1,1);
Insert into FACEBOOK.TBL_AMIGOS (CODIGO_USUARIO,CODIGO_AMIGO,CODIGO_ESTATUS,CODIGO_TIPO_RELACION) values (10,18,1,1);
Insert into FACEBOOK.TBL_AMIGOS (CODIGO_USUARIO,CODIGO_AMIGO,CODIGO_ESTATUS,CODIGO_TIPO_RELACION) values (11,19,2,1);
Insert into FACEBOOK.TBL_AMIGOS (CODIGO_USUARIO,CODIGO_AMIGO,CODIGO_ESTATUS,CODIGO_TIPO_RELACION) values (11,20,2,2);
Insert into FACEBOOK.TBL_AMIGOS (CODIGO_USUARIO,CODIGO_AMIGO,CODIGO_ESTATUS,CODIGO_TIPO_RELACION) values (11,21,2,1);
Insert into FACEBOOK.TBL_AMIGOS (CODIGO_USUARIO,CODIGO_AMIGO,CODIGO_ESTATUS,CODIGO_TIPO_RELACION) values (12,22,3,1);
Insert into FACEBOOK.TBL_AMIGOS (CODIGO_USUARIO,CODIGO_AMIGO,CODIGO_ESTATUS,CODIGO_TIPO_RELACION) values (12,23,3,1);
Insert into FACEBOOK.TBL_AMIGOS (CODIGO_USUARIO,CODIGO_AMIGO,CODIGO_ESTATUS,CODIGO_TIPO_RELACION) values (12,24,3,1);
Insert into FACEBOOK.TBL_AMIGOS (CODIGO_USUARIO,CODIGO_AMIGO,CODIGO_ESTATUS,CODIGO_TIPO_RELACION) values (13,25,3,1);
Insert into FACEBOOK.TBL_AMIGOS (CODIGO_USUARIO,CODIGO_AMIGO,CODIGO_ESTATUS,CODIGO_TIPO_RELACION) values (14,26,1,1);
Insert into FACEBOOK.TBL_AMIGOS (CODIGO_USUARIO,CODIGO_AMIGO,CODIGO_ESTATUS,CODIGO_TIPO_RELACION) values (15,27,1,1);
Insert into FACEBOOK.TBL_AMIGOS (CODIGO_USUARIO,CODIGO_AMIGO,CODIGO_ESTATUS,CODIGO_TIPO_RELACION) values (1,28,1,2);
Insert into FACEBOOK.TBL_AMIGOS (CODIGO_USUARIO,CODIGO_AMIGO,CODIGO_ESTATUS,CODIGO_TIPO_RELACION) values (1,29,1,1);
Insert into FACEBOOK.TBL_AMIGOS (CODIGO_USUARIO,CODIGO_AMIGO,CODIGO_ESTATUS,CODIGO_TIPO_RELACION) values (2,30,3,1);
Insert into FACEBOOK.TBL_AMIGOS (CODIGO_USUARIO,CODIGO_AMIGO,CODIGO_ESTATUS,CODIGO_TIPO_RELACION) values (3,16,3,1);
Insert into FACEBOOK.TBL_AMIGOS (CODIGO_USUARIO,CODIGO_AMIGO,CODIGO_ESTATUS,CODIGO_TIPO_RELACION) values (10,17,3,1);
Insert into FACEBOOK.TBL_AMIGOS (CODIGO_USUARIO,CODIGO_AMIGO,CODIGO_ESTATUS,CODIGO_TIPO_RELACION) values (12,18,3,1);
Insert into FACEBOOK.TBL_AMIGOS (CODIGO_USUARIO,CODIGO_AMIGO,CODIGO_ESTATUS,CODIGO_TIPO_RELACION) values (12,19,3,1);
Insert into FACEBOOK.TBL_AMIGOS (CODIGO_USUARIO,CODIGO_AMIGO,CODIGO_ESTATUS,CODIGO_TIPO_RELACION) values (12,20,3,1);
Insert into FACEBOOK.TBL_AMIGOS (CODIGO_USUARIO,CODIGO_AMIGO,CODIGO_ESTATUS,CODIGO_TIPO_RELACION) values (8,21,3,3);
Insert into FACEBOOK.TBL_AMIGOS (CODIGO_USUARIO,CODIGO_AMIGO,CODIGO_ESTATUS,CODIGO_TIPO_RELACION) values (8,22,3,1);
Insert into FACEBOOK.TBL_AMIGOS (CODIGO_USUARIO,CODIGO_AMIGO,CODIGO_ESTATUS,CODIGO_TIPO_RELACION) values (8,23,1,1);
Insert into FACEBOOK.TBL_AMIGOS (CODIGO_USUARIO,CODIGO_AMIGO,CODIGO_ESTATUS,CODIGO_TIPO_RELACION) values (8,24,1,1);
Insert into FACEBOOK.TBL_AMIGOS (CODIGO_USUARIO,CODIGO_AMIGO,CODIGO_ESTATUS,CODIGO_TIPO_RELACION) values (8,25,1,1);
Insert into FACEBOOK.TBL_AMIGOS (CODIGO_USUARIO,CODIGO_AMIGO,CODIGO_ESTATUS,CODIGO_TIPO_RELACION) values (7,26,1,3);
Insert into FACEBOOK.TBL_AMIGOS (CODIGO_USUARIO,CODIGO_AMIGO,CODIGO_ESTATUS,CODIGO_TIPO_RELACION) values (7,27,1,1);
Insert into FACEBOOK.TBL_AMIGOS (CODIGO_USUARIO,CODIGO_AMIGO,CODIGO_ESTATUS,CODIGO_TIPO_RELACION) values (7,28,1,1);
REM INSERTING into FACEBOOK.TBL_COMENTARIOS
SET DEFINE OFF;
Insert into FACEBOOK.TBL_COMENTARIOS (CODIGO_COMENTARIO,CODIGO_PUBLICACION,CODIGO_USUARIO,CODIGO_COMENTARIO_SUPERIOR,CONTENIDO_COMENTARIO) values (1,1,2,null,'COMENTARIO 1');
Insert into FACEBOOK.TBL_COMENTARIOS (CODIGO_COMENTARIO,CODIGO_PUBLICACION,CODIGO_USUARIO,CODIGO_COMENTARIO_SUPERIOR,CONTENIDO_COMENTARIO) values (2,2,3,null,'COMENTARIO 2');
Insert into FACEBOOK.TBL_COMENTARIOS (CODIGO_COMENTARIO,CODIGO_PUBLICACION,CODIGO_USUARIO,CODIGO_COMENTARIO_SUPERIOR,CONTENIDO_COMENTARIO) values (3,1,2,null,'COMENTARIO 3');
Insert into FACEBOOK.TBL_COMENTARIOS (CODIGO_COMENTARIO,CODIGO_PUBLICACION,CODIGO_USUARIO,CODIGO_COMENTARIO_SUPERIOR,CONTENIDO_COMENTARIO) values (4,3,2,null,'COMENTARIO 4');

COMMIT;
