--------------------------------------------------------
--  File created - Saturday-April-22-2017   
--------------------------------------------------------
REM INSERTING into DB_UNAH.TBL_ALUMNOS
SET DEFINE OFF;
Insert into DB_UNAH.TBL_ALUMNOS (CODIGO_ALUMNO,NUMERO_CUENTA,PROMEDIO) values (1,'201310001',60);
Insert into DB_UNAH.TBL_ALUMNOS (CODIGO_ALUMNO,NUMERO_CUENTA,PROMEDIO) values (2,'201310002',70);
Insert into DB_UNAH.TBL_ALUMNOS (CODIGO_ALUMNO,NUMERO_CUENTA,PROMEDIO) values (3,'201310003',80);
Insert into DB_UNAH.TBL_ALUMNOS (CODIGO_ALUMNO,NUMERO_CUENTA,PROMEDIO) values (4,'201310004',86);
Insert into DB_UNAH.TBL_ALUMNOS (CODIGO_ALUMNO,NUMERO_CUENTA,PROMEDIO) values (5,'201310005',85);
Insert into DB_UNAH.TBL_ALUMNOS (CODIGO_ALUMNO,NUMERO_CUENTA,PROMEDIO) values (6,'201310006',60);
Insert into DB_UNAH.TBL_ALUMNOS (CODIGO_ALUMNO,NUMERO_CUENTA,PROMEDIO) values (7,'201310007',88);
Insert into DB_UNAH.TBL_ALUMNOS (CODIGO_ALUMNO,NUMERO_CUENTA,PROMEDIO) values (8,'201310008',60);
Insert into DB_UNAH.TBL_ALUMNOS (CODIGO_ALUMNO,NUMERO_CUENTA,PROMEDIO) values (9,'201310009',75);
Insert into DB_UNAH.TBL_ALUMNOS (CODIGO_ALUMNO,NUMERO_CUENTA,PROMEDIO) values (10,'2013100010',70);
Insert into DB_UNAH.TBL_ALUMNOS (CODIGO_ALUMNO,NUMERO_CUENTA,PROMEDIO) values (11,'2013100011',89);
Insert into DB_UNAH.TBL_ALUMNOS (CODIGO_ALUMNO,NUMERO_CUENTA,PROMEDIO) values (12,'2013100012',90);
Insert into DB_UNAH.TBL_ALUMNOS (CODIGO_ALUMNO,NUMERO_CUENTA,PROMEDIO) values (13,'2013100013',45);
Insert into DB_UNAH.TBL_ALUMNOS (CODIGO_ALUMNO,NUMERO_CUENTA,PROMEDIO) values (14,'2013100014',68);
Insert into DB_UNAH.TBL_ALUMNOS (CODIGO_ALUMNO,NUMERO_CUENTA,PROMEDIO) values (15,'2013100015',70);
Insert into DB_UNAH.TBL_ALUMNOS (CODIGO_ALUMNO,NUMERO_CUENTA,PROMEDIO) values (16,'2013100016',56);
Insert into DB_UNAH.TBL_ALUMNOS (CODIGO_ALUMNO,NUMERO_CUENTA,PROMEDIO) values (17,'2013100017',80);
Insert into DB_UNAH.TBL_ALUMNOS (CODIGO_ALUMNO,NUMERO_CUENTA,PROMEDIO) values (18,'2013100018',85);
Insert into DB_UNAH.TBL_ALUMNOS (CODIGO_ALUMNO,NUMERO_CUENTA,PROMEDIO) values (19,'2013100019',83);
Insert into DB_UNAH.TBL_ALUMNOS (CODIGO_ALUMNO,NUMERO_CUENTA,PROMEDIO) values (20,'2013100020',86);
Insert into DB_UNAH.TBL_ALUMNOS (CODIGO_ALUMNO,NUMERO_CUENTA,PROMEDIO) values (21,'2013100021',70);
Insert into DB_UNAH.TBL_ALUMNOS (CODIGO_ALUMNO,NUMERO_CUENTA,PROMEDIO) values (22,'2013100022',79);
Insert into DB_UNAH.TBL_ALUMNOS (CODIGO_ALUMNO,NUMERO_CUENTA,PROMEDIO) values (23,'2013100023',81);
Insert into DB_UNAH.TBL_ALUMNOS (CODIGO_ALUMNO,NUMERO_CUENTA,PROMEDIO) values (24,'2013100024',78);
Insert into DB_UNAH.TBL_ALUMNOS (CODIGO_ALUMNO,NUMERO_CUENTA,PROMEDIO) values (25,'2013100025',76);
Insert into DB_UNAH.TBL_ALUMNOS (CODIGO_ALUMNO,NUMERO_CUENTA,PROMEDIO) values (26,'2013100026',60);
Insert into DB_UNAH.TBL_ALUMNOS (CODIGO_ALUMNO,NUMERO_CUENTA,PROMEDIO) values (27,'2013100027',60);
Insert into DB_UNAH.TBL_ALUMNOS (CODIGO_ALUMNO,NUMERO_CUENTA,PROMEDIO) values (28,'2013100028',60);
Insert into DB_UNAH.TBL_ALUMNOS (CODIGO_ALUMNO,NUMERO_CUENTA,PROMEDIO) values (29,'2013100029',60);
Insert into DB_UNAH.TBL_ALUMNOS (CODIGO_ALUMNO,NUMERO_CUENTA,PROMEDIO) values (30,'2013100030',60);
REM INSERTING into DB_UNAH.TBL_AREA_ESPECIALIZACIONES
SET DEFINE OFF;
Insert into DB_UNAH.TBL_AREA_ESPECIALIZACIONES (CODIGO_ESPECIALIZACION,DESCRIPCION) values (1,'1');
Insert into DB_UNAH.TBL_AREA_ESPECIALIZACIONES (CODIGO_ESPECIALIZACION,DESCRIPCION) values (2,'2');
Insert into DB_UNAH.TBL_AREA_ESPECIALIZACIONES (CODIGO_ESPECIALIZACION,DESCRIPCION) values (3,'3');
REM INSERTING into DB_UNAH.TBL_AREAS
SET DEFINE OFF;
Insert into DB_UNAH.TBL_AREAS (CODIGO_AREA,NOMBRE_AREA) values (1,'Area 1');
Insert into DB_UNAH.TBL_AREAS (CODIGO_AREA,NOMBRE_AREA) values (2,'rectoria');
Insert into DB_UNAH.TBL_AREAS (CODIGO_AREA,NOMBRE_AREA) values (3,'presencia');
Insert into DB_UNAH.TBL_AREAS (CODIGO_AREA,NOMBRE_AREA) values (4,'Area 4');
Insert into DB_UNAH.TBL_AREAS (CODIGO_AREA,NOMBRE_AREA) values (5,'Area 5');
REM INSERTING into DB_UNAH.TBL_ASIGNATURAS
SET DEFINE OFF;
Insert into DB_UNAH.TBL_ASIGNATURAS (CODIGO_ASIGNATURA,CODIGO_ALTERNO,NOMBRE_ASIGNATURA,CANTIDAD_UNIDADES_VALORATIVAS,DIAS,CODIGO_CARRERA,CODIGO_TIPO_ASIGNATURA) values (1,'1','Asignatura 1',5,'-',1,1);
Insert into DB_UNAH.TBL_ASIGNATURAS (CODIGO_ASIGNATURA,CODIGO_ALTERNO,NOMBRE_ASIGNATURA,CANTIDAD_UNIDADES_VALORATIVAS,DIAS,CODIGO_CARRERA,CODIGO_TIPO_ASIGNATURA) values (2,'2','Asignatura 2',4,'-',1,1);
Insert into DB_UNAH.TBL_ASIGNATURAS (CODIGO_ASIGNATURA,CODIGO_ALTERNO,NOMBRE_ASIGNATURA,CANTIDAD_UNIDADES_VALORATIVAS,DIAS,CODIGO_CARRERA,CODIGO_TIPO_ASIGNATURA) values (3,'3','Asignatura 3',5,'-',1,1);
Insert into DB_UNAH.TBL_ASIGNATURAS (CODIGO_ASIGNATURA,CODIGO_ALTERNO,NOMBRE_ASIGNATURA,CANTIDAD_UNIDADES_VALORATIVAS,DIAS,CODIGO_CARRERA,CODIGO_TIPO_ASIGNATURA) values (4,'4','Asignatura 4',5,'-',1,1);
Insert into DB_UNAH.TBL_ASIGNATURAS (CODIGO_ASIGNATURA,CODIGO_ALTERNO,NOMBRE_ASIGNATURA,CANTIDAD_UNIDADES_VALORATIVAS,DIAS,CODIGO_CARRERA,CODIGO_TIPO_ASIGNATURA) values (5,'5','Asignatura 5',5,'-',1,1);
Insert into DB_UNAH.TBL_ASIGNATURAS (CODIGO_ASIGNATURA,CODIGO_ALTERNO,NOMBRE_ASIGNATURA,CANTIDAD_UNIDADES_VALORATIVAS,DIAS,CODIGO_CARRERA,CODIGO_TIPO_ASIGNATURA) values (6,'6','Asignatura 6',5,'-',2,1);
Insert into DB_UNAH.TBL_ASIGNATURAS (CODIGO_ASIGNATURA,CODIGO_ALTERNO,NOMBRE_ASIGNATURA,CANTIDAD_UNIDADES_VALORATIVAS,DIAS,CODIGO_CARRERA,CODIGO_TIPO_ASIGNATURA) values (7,'7','Asignatura 7',5,'-',2,1);
Insert into DB_UNAH.TBL_ASIGNATURAS (CODIGO_ASIGNATURA,CODIGO_ALTERNO,NOMBRE_ASIGNATURA,CANTIDAD_UNIDADES_VALORATIVAS,DIAS,CODIGO_CARRERA,CODIGO_TIPO_ASIGNATURA) values (8,'8','Asignatura 8',4,'-',2,1);
Insert into DB_UNAH.TBL_ASIGNATURAS (CODIGO_ASIGNATURA,CODIGO_ALTERNO,NOMBRE_ASIGNATURA,CANTIDAD_UNIDADES_VALORATIVAS,DIAS,CODIGO_CARRERA,CODIGO_TIPO_ASIGNATURA) values (9,'9','Asignatura 9',4,'-',2,1);
Insert into DB_UNAH.TBL_ASIGNATURAS (CODIGO_ASIGNATURA,CODIGO_ALTERNO,NOMBRE_ASIGNATURA,CANTIDAD_UNIDADES_VALORATIVAS,DIAS,CODIGO_CARRERA,CODIGO_TIPO_ASIGNATURA) values (10,'10','Asignatura 10',4,'-',2,1);
Insert into DB_UNAH.TBL_ASIGNATURAS (CODIGO_ASIGNATURA,CODIGO_ALTERNO,NOMBRE_ASIGNATURA,CANTIDAD_UNIDADES_VALORATIVAS,DIAS,CODIGO_CARRERA,CODIGO_TIPO_ASIGNATURA) values (11,'11','Asignatura 11',3,'-',3,1);
Insert into DB_UNAH.TBL_ASIGNATURAS (CODIGO_ASIGNATURA,CODIGO_ALTERNO,NOMBRE_ASIGNATURA,CANTIDAD_UNIDADES_VALORATIVAS,DIAS,CODIGO_CARRERA,CODIGO_TIPO_ASIGNATURA) values (12,'12','Asignatura 12',3,'-',3,1);
Insert into DB_UNAH.TBL_ASIGNATURAS (CODIGO_ASIGNATURA,CODIGO_ALTERNO,NOMBRE_ASIGNATURA,CANTIDAD_UNIDADES_VALORATIVAS,DIAS,CODIGO_CARRERA,CODIGO_TIPO_ASIGNATURA) values (13,'13','Asignatura 13',3,'-',3,1);
Insert into DB_UNAH.TBL_ASIGNATURAS (CODIGO_ASIGNATURA,CODIGO_ALTERNO,NOMBRE_ASIGNATURA,CANTIDAD_UNIDADES_VALORATIVAS,DIAS,CODIGO_CARRERA,CODIGO_TIPO_ASIGNATURA) values (14,'14','Asignatura 14',3,'-',3,1);
Insert into DB_UNAH.TBL_ASIGNATURAS (CODIGO_ASIGNATURA,CODIGO_ALTERNO,NOMBRE_ASIGNATURA,CANTIDAD_UNIDADES_VALORATIVAS,DIAS,CODIGO_CARRERA,CODIGO_TIPO_ASIGNATURA) values (15,'15','Asignatura 15',5,'-',3,1);
Insert into DB_UNAH.TBL_ASIGNATURAS (CODIGO_ASIGNATURA,CODIGO_ALTERNO,NOMBRE_ASIGNATURA,CANTIDAD_UNIDADES_VALORATIVAS,DIAS,CODIGO_CARRERA,CODIGO_TIPO_ASIGNATURA) values (16,'16','Asignatura 16',5,'-',3,1);
Insert into DB_UNAH.TBL_ASIGNATURAS (CODIGO_ASIGNATURA,CODIGO_ALTERNO,NOMBRE_ASIGNATURA,CANTIDAD_UNIDADES_VALORATIVAS,DIAS,CODIGO_CARRERA,CODIGO_TIPO_ASIGNATURA) values (17,'17','Asignatura 17',5,'-',3,1);
Insert into DB_UNAH.TBL_ASIGNATURAS (CODIGO_ASIGNATURA,CODIGO_ALTERNO,NOMBRE_ASIGNATURA,CANTIDAD_UNIDADES_VALORATIVAS,DIAS,CODIGO_CARRERA,CODIGO_TIPO_ASIGNATURA) values (18,'18','Asignatura 18',4,'-',3,1);
Insert into DB_UNAH.TBL_ASIGNATURAS (CODIGO_ASIGNATURA,CODIGO_ALTERNO,NOMBRE_ASIGNATURA,CANTIDAD_UNIDADES_VALORATIVAS,DIAS,CODIGO_CARRERA,CODIGO_TIPO_ASIGNATURA) values (19,'19','Asignatura 19',4,'-',1,1);
Insert into DB_UNAH.TBL_ASIGNATURAS (CODIGO_ASIGNATURA,CODIGO_ALTERNO,NOMBRE_ASIGNATURA,CANTIDAD_UNIDADES_VALORATIVAS,DIAS,CODIGO_CARRERA,CODIGO_TIPO_ASIGNATURA) values (20,'20','Asignatura 20',4,'-',1,1);
REM INSERTING into DB_UNAH.TBL_AULAS
SET DEFINE OFF;
Insert into DB_UNAH.TBL_AULAS (CODIGO_AULA,NUMERO_AULA,CODIGO_TIPO_AULA,CODIGO_EDIFICIO) values (1,'1',1,1);
Insert into DB_UNAH.TBL_AULAS (CODIGO_AULA,NUMERO_AULA,CODIGO_TIPO_AULA,CODIGO_EDIFICIO) values (2,'2',1,2);
Insert into DB_UNAH.TBL_AULAS (CODIGO_AULA,NUMERO_AULA,CODIGO_TIPO_AULA,CODIGO_EDIFICIO) values (3,'3',1,3);
Insert into DB_UNAH.TBL_AULAS (CODIGO_AULA,NUMERO_AULA,CODIGO_TIPO_AULA,CODIGO_EDIFICIO) values (4,'4',1,4);
Insert into DB_UNAH.TBL_AULAS (CODIGO_AULA,NUMERO_AULA,CODIGO_TIPO_AULA,CODIGO_EDIFICIO) values (5,'5',1,5);
REM INSERTING into DB_UNAH.TBL_CAMPUS
SET DEFINE OFF;
Insert into DB_UNAH.TBL_CAMPUS (CODIGO_CAMPUS,NOMBRE_CAMPUS) values (1,'Ciudad Universitaria');
Insert into DB_UNAH.TBL_CAMPUS (CODIGO_CAMPUS,NOMBRE_CAMPUS) values (2,'Centro Regional 1');
Insert into DB_UNAH.TBL_CAMPUS (CODIGO_CAMPUS,NOMBRE_CAMPUS) values (3,'Centro Regional 2');
Insert into DB_UNAH.TBL_CAMPUS (CODIGO_CAMPUS,NOMBRE_CAMPUS) values (4,'Centro Regional 3');
Insert into DB_UNAH.TBL_CAMPUS (CODIGO_CAMPUS,NOMBRE_CAMPUS) values (5,'Centro Regional 4');
Insert into DB_UNAH.TBL_CAMPUS (CODIGO_CAMPUS,NOMBRE_CAMPUS) values (6,'Centro Regional 5');
REM INSERTING into DB_UNAH.TBL_CARGOS
SET DEFINE OFF;
Insert into DB_UNAH.TBL_CARGOS (CODIGO_CARGO,CODIGO_CARGO_SUPERIOR,NOMBRE_CARGO) values (1,null,'Decano');
Insert into DB_UNAH.TBL_CARGOS (CODIGO_CARGO,CODIGO_CARGO_SUPERIOR,NOMBRE_CARGO) values (2,1,'Coordinador');
Insert into DB_UNAH.TBL_CARGOS (CODIGO_CARGO,CODIGO_CARGO_SUPERIOR,NOMBRE_CARGO) values (3,2,'Docente');
REM INSERTING into DB_UNAH.TBL_CARRERAS
SET DEFINE OFF;
Insert into DB_UNAH.TBL_CARRERAS (CODIGO_CARRERA,CODIGO_AUXILIAR,CODIGO_FACULTAD,NOMBRE_CARRERA,CANTIDAD_ASIGNATURAS,CANTIDAD_UNIDADES_VALORATIVAS,CODIGO_GRADO) values (1,'1',1,'Carrera 1',50,200,1);
Insert into DB_UNAH.TBL_CARRERAS (CODIGO_CARRERA,CODIGO_AUXILIAR,CODIGO_FACULTAD,NOMBRE_CARRERA,CANTIDAD_ASIGNATURAS,CANTIDAD_UNIDADES_VALORATIVAS,CODIGO_GRADO) values (2,'2',2,'Carrera 2',56,200,1);
Insert into DB_UNAH.TBL_CARRERAS (CODIGO_CARRERA,CODIGO_AUXILIAR,CODIGO_FACULTAD,NOMBRE_CARRERA,CANTIDAD_ASIGNATURAS,CANTIDAD_UNIDADES_VALORATIVAS,CODIGO_GRADO) values (3,'3',3,'Carrera 3',52,200,1);
Insert into DB_UNAH.TBL_CARRERAS (CODIGO_CARRERA,CODIGO_AUXILIAR,CODIGO_FACULTAD,NOMBRE_CARRERA,CANTIDAD_ASIGNATURAS,CANTIDAD_UNIDADES_VALORATIVAS,CODIGO_GRADO) values (4,'4',4,'Carrera 4',50,200,1);
Insert into DB_UNAH.TBL_CARRERAS (CODIGO_CARRERA,CODIGO_AUXILIAR,CODIGO_FACULTAD,NOMBRE_CARRERA,CANTIDAD_ASIGNATURAS,CANTIDAD_UNIDADES_VALORATIVAS,CODIGO_GRADO) values (5,'5',1,'Carrera 5',48,200,1);
Insert into DB_UNAH.TBL_CARRERAS (CODIGO_CARRERA,CODIGO_AUXILIAR,CODIGO_FACULTAD,NOMBRE_CARRERA,CANTIDAD_ASIGNATURAS,CANTIDAD_UNIDADES_VALORATIVAS,CODIGO_GRADO) values (6,'6',2,'Carrera 6',58,200,1);
Insert into DB_UNAH.TBL_CARRERAS (CODIGO_CARRERA,CODIGO_AUXILIAR,CODIGO_FACULTAD,NOMBRE_CARRERA,CANTIDAD_ASIGNATURAS,CANTIDAD_UNIDADES_VALORATIVAS,CODIGO_GRADO) values (7,'7',3,'Carrera 7',57,200,1);
Insert into DB_UNAH.TBL_CARRERAS (CODIGO_CARRERA,CODIGO_AUXILIAR,CODIGO_FACULTAD,NOMBRE_CARRERA,CANTIDAD_ASIGNATURAS,CANTIDAD_UNIDADES_VALORATIVAS,CODIGO_GRADO) values (8,'8',4,'Carrera 8',49,200,1);
Insert into DB_UNAH.TBL_CARRERAS (CODIGO_CARRERA,CODIGO_AUXILIAR,CODIGO_FACULTAD,NOMBRE_CARRERA,CANTIDAD_ASIGNATURAS,CANTIDAD_UNIDADES_VALORATIVAS,CODIGO_GRADO) values (9,'9',1,'Carrera 9',51,200,1);
Insert into DB_UNAH.TBL_CARRERAS (CODIGO_CARRERA,CODIGO_AUXILIAR,CODIGO_FACULTAD,NOMBRE_CARRERA,CANTIDAD_ASIGNATURAS,CANTIDAD_UNIDADES_VALORATIVAS,CODIGO_GRADO) values (10,'10',2,'Carrera 10',50,200,1);
REM INSERTING into DB_UNAH.TBL_CARRERAS_X_ALUMNOS
SET DEFINE OFF;
REM INSERTING into DB_UNAH.TBL_DETALLE_EVALUACION
SET DEFINE OFF;
REM INSERTING into DB_UNAH.TBL_EDIFICIOS
SET DEFINE OFF;
Insert into DB_UNAH.TBL_EDIFICIOS (CODIGO_EDIFICIO,NOMBRE_EDIFICIO,ALIAS_EDIFICIO,CODIGO_CAMPUS) values (1,'Edificio 1','1',1);
Insert into DB_UNAH.TBL_EDIFICIOS (CODIGO_EDIFICIO,NOMBRE_EDIFICIO,ALIAS_EDIFICIO,CODIGO_CAMPUS) values (2,'Edificio 2','2',2);
Insert into DB_UNAH.TBL_EDIFICIOS (CODIGO_EDIFICIO,NOMBRE_EDIFICIO,ALIAS_EDIFICIO,CODIGO_CAMPUS) values (3,'Edificio 3','3',3);
Insert into DB_UNAH.TBL_EDIFICIOS (CODIGO_EDIFICIO,NOMBRE_EDIFICIO,ALIAS_EDIFICIO,CODIGO_CAMPUS) values (4,'Edificio 4','4',1);
Insert into DB_UNAH.TBL_EDIFICIOS (CODIGO_EDIFICIO,NOMBRE_EDIFICIO,ALIAS_EDIFICIO,CODIGO_CAMPUS) values (5,'Edificio 5','5',1);
Insert into DB_UNAH.TBL_EDIFICIOS (CODIGO_EDIFICIO,NOMBRE_EDIFICIO,ALIAS_EDIFICIO,CODIGO_CAMPUS) values (6,'Edificio 6','6',1);
REM INSERTING into DB_UNAH.TBL_EMPLEADOS
SET DEFINE OFF;
Insert into DB_UNAH.TBL_EMPLEADOS (CODIGO_EMPLEADO,NUMERO_EMPLEADO,SUELDO_BASE,CODIGO_TIPO_EMPLEADO,CODIGO_CARGO) values (31,11131,20000,1,3);
Insert into DB_UNAH.TBL_EMPLEADOS (CODIGO_EMPLEADO,NUMERO_EMPLEADO,SUELDO_BASE,CODIGO_TIPO_EMPLEADO,CODIGO_CARGO) values (32,11132,20000,1,3);
Insert into DB_UNAH.TBL_EMPLEADOS (CODIGO_EMPLEADO,NUMERO_EMPLEADO,SUELDO_BASE,CODIGO_TIPO_EMPLEADO,CODIGO_CARGO) values (33,11133,20000,1,3);
Insert into DB_UNAH.TBL_EMPLEADOS (CODIGO_EMPLEADO,NUMERO_EMPLEADO,SUELDO_BASE,CODIGO_TIPO_EMPLEADO,CODIGO_CARGO) values (34,11134,20000,1,3);
Insert into DB_UNAH.TBL_EMPLEADOS (CODIGO_EMPLEADO,NUMERO_EMPLEADO,SUELDO_BASE,CODIGO_TIPO_EMPLEADO,CODIGO_CARGO) values (35,11135,20000,1,3);
Insert into DB_UNAH.TBL_EMPLEADOS (CODIGO_EMPLEADO,NUMERO_EMPLEADO,SUELDO_BASE,CODIGO_TIPO_EMPLEADO,CODIGO_CARGO) values (36,11136,20000,1,3);
Insert into DB_UNAH.TBL_EMPLEADOS (CODIGO_EMPLEADO,NUMERO_EMPLEADO,SUELDO_BASE,CODIGO_TIPO_EMPLEADO,CODIGO_CARGO) values (37,11137,20000,1,3);
Insert into DB_UNAH.TBL_EMPLEADOS (CODIGO_EMPLEADO,NUMERO_EMPLEADO,SUELDO_BASE,CODIGO_TIPO_EMPLEADO,CODIGO_CARGO) values (38,11138,20000,1,3);
Insert into DB_UNAH.TBL_EMPLEADOS (CODIGO_EMPLEADO,NUMERO_EMPLEADO,SUELDO_BASE,CODIGO_TIPO_EMPLEADO,CODIGO_CARGO) values (39,11139,20000,1,3);
Insert into DB_UNAH.TBL_EMPLEADOS (CODIGO_EMPLEADO,NUMERO_EMPLEADO,SUELDO_BASE,CODIGO_TIPO_EMPLEADO,CODIGO_CARGO) values (40,11140,20000,1,3);
REM INSERTING into DB_UNAH.TBL_ESTADOS_CIVILES
SET DEFINE OFF;
Insert into DB_UNAH.TBL_ESTADOS_CIVILES (CODIGO_ESTADO_CIVIL,NOMBRE_ESTADO_CIVIL) values (1,'Soltero');
Insert into DB_UNAH.TBL_ESTADOS_CIVILES (CODIGO_ESTADO_CIVIL,NOMBRE_ESTADO_CIVIL) values (2,'Casado');
Insert into DB_UNAH.TBL_ESTADOS_CIVILES (CODIGO_ESTADO_CIVIL,NOMBRE_ESTADO_CIVIL) values (3,'SSolo el 14');
REM INSERTING into DB_UNAH.TBL_ESTADOS_MATRICULA
SET DEFINE OFF;
Insert into DB_UNAH.TBL_ESTADOS_MATRICULA (CODIGO_ESTADO_MATRICULA,NOMBRE_ESTADO,DESCRIPCION) values (1,'Matriculado','Matriculado');
Insert into DB_UNAH.TBL_ESTADOS_MATRICULA (CODIGO_ESTADO_MATRICULA,NOMBRE_ESTADO,DESCRIPCION) values (2,'En lista de espera','En lista de espera');
Insert into DB_UNAH.TBL_ESTADOS_MATRICULA (CODIGO_ESTADO_MATRICULA,NOMBRE_ESTADO,DESCRIPCION) values (3,'Cancelado','Cancelado');
REM INSERTING into DB_UNAH.TBL_FACULTADES
SET DEFINE OFF;
Insert into DB_UNAH.TBL_FACULTADES (CODIGO_FACULTAD,NOMBRE_FACULTAD,DESCRIPCION) values (1,'Facultad de Ingenieria','Facultad de Ingenieria');
Insert into DB_UNAH.TBL_FACULTADES (CODIGO_FACULTAD,NOMBRE_FACULTAD,DESCRIPCION) values (2,'Facultad de Letras','Facultad de Letras');
Insert into DB_UNAH.TBL_FACULTADES (CODIGO_FACULTAD,NOMBRE_FACULTAD,DESCRIPCION) values (3,'Facultad de Ciencias Sociales','Facultad de Ciencias Sociales');
Insert into DB_UNAH.TBL_FACULTADES (CODIGO_FACULTAD,NOMBRE_FACULTAD,DESCRIPCION) values (4,'Facultad de venta de pollo','Facultad de venta de pollo');
REM INSERTING into DB_UNAH.TBL_GENEROS
SET DEFINE OFF;
Insert into DB_UNAH.TBL_GENEROS (CODIGO_GENERO,NOMBRE_GENERO,ABREVIATURA) values (1,'Femenino','F');
Insert into DB_UNAH.TBL_GENEROS (CODIGO_GENERO,NOMBRE_GENERO,ABREVIATURA) values (2,'Masculino','M');
REM INSERTING into DB_UNAH.TBL_GRADOS
SET DEFINE OFF;
Insert into DB_UNAH.TBL_GRADOS (CODIGO_GRADO,NOMBRE_GRADO) values (1,'Grado 1');
Insert into DB_UNAH.TBL_GRADOS (CODIGO_GRADO,NOMBRE_GRADO) values (2,'Grado 2');
Insert into DB_UNAH.TBL_GRADOS (CODIGO_GRADO,NOMBRE_GRADO) values (3,'Grado 3');
REM INSERTING into DB_UNAH.TBL_HISTORIAL
SET DEFINE OFF;
Insert into DB_UNAH.TBL_HISTORIAL (CODIGO_HISTORIAL,CODIGO_ALUMNO,CODIGO_SECCION,CODIGO_PERIODO,PROMEDIO) values (1,1,1,1,70);
Insert into DB_UNAH.TBL_HISTORIAL (CODIGO_HISTORIAL,CODIGO_ALUMNO,CODIGO_SECCION,CODIGO_PERIODO,PROMEDIO) values (2,2,1,1,80);
Insert into DB_UNAH.TBL_HISTORIAL (CODIGO_HISTORIAL,CODIGO_ALUMNO,CODIGO_SECCION,CODIGO_PERIODO,PROMEDIO) values (3,3,1,1,80);
Insert into DB_UNAH.TBL_HISTORIAL (CODIGO_HISTORIAL,CODIGO_ALUMNO,CODIGO_SECCION,CODIGO_PERIODO,PROMEDIO) values (4,4,1,1,65);
Insert into DB_UNAH.TBL_HISTORIAL (CODIGO_HISTORIAL,CODIGO_ALUMNO,CODIGO_SECCION,CODIGO_PERIODO,PROMEDIO) values (5,5,1,1,65);
Insert into DB_UNAH.TBL_HISTORIAL (CODIGO_HISTORIAL,CODIGO_ALUMNO,CODIGO_SECCION,CODIGO_PERIODO,PROMEDIO) values (6,6,1,1,90);
Insert into DB_UNAH.TBL_HISTORIAL (CODIGO_HISTORIAL,CODIGO_ALUMNO,CODIGO_SECCION,CODIGO_PERIODO,PROMEDIO) values (7,7,1,1,65);
Insert into DB_UNAH.TBL_HISTORIAL (CODIGO_HISTORIAL,CODIGO_ALUMNO,CODIGO_SECCION,CODIGO_PERIODO,PROMEDIO) values (8,8,1,1,65);
Insert into DB_UNAH.TBL_HISTORIAL (CODIGO_HISTORIAL,CODIGO_ALUMNO,CODIGO_SECCION,CODIGO_PERIODO,PROMEDIO) values (9,9,1,1,55);
Insert into DB_UNAH.TBL_HISTORIAL (CODIGO_HISTORIAL,CODIGO_ALUMNO,CODIGO_SECCION,CODIGO_PERIODO,PROMEDIO) values (10,10,1,1,45);
Insert into DB_UNAH.TBL_HISTORIAL (CODIGO_HISTORIAL,CODIGO_ALUMNO,CODIGO_SECCION,CODIGO_PERIODO,PROMEDIO) values (11,17,1,1,70);
Insert into DB_UNAH.TBL_HISTORIAL (CODIGO_HISTORIAL,CODIGO_ALUMNO,CODIGO_SECCION,CODIGO_PERIODO,PROMEDIO) values (12,18,1,1,80);
Insert into DB_UNAH.TBL_HISTORIAL (CODIGO_HISTORIAL,CODIGO_ALUMNO,CODIGO_SECCION,CODIGO_PERIODO,PROMEDIO) values (13,19,1,1,0);
Insert into DB_UNAH.TBL_HISTORIAL (CODIGO_HISTORIAL,CODIGO_ALUMNO,CODIGO_SECCION,CODIGO_PERIODO,PROMEDIO) values (14,20,2,1,65);
Insert into DB_UNAH.TBL_HISTORIAL (CODIGO_HISTORIAL,CODIGO_ALUMNO,CODIGO_SECCION,CODIGO_PERIODO,PROMEDIO) values (15,21,2,1,80);
Insert into DB_UNAH.TBL_HISTORIAL (CODIGO_HISTORIAL,CODIGO_ALUMNO,CODIGO_SECCION,CODIGO_PERIODO,PROMEDIO) values (16,22,2,1,65);
Insert into DB_UNAH.TBL_HISTORIAL (CODIGO_HISTORIAL,CODIGO_ALUMNO,CODIGO_SECCION,CODIGO_PERIODO,PROMEDIO) values (17,23,2,1,70);
Insert into DB_UNAH.TBL_HISTORIAL (CODIGO_HISTORIAL,CODIGO_ALUMNO,CODIGO_SECCION,CODIGO_PERIODO,PROMEDIO) values (18,27,2,1,65);
Insert into DB_UNAH.TBL_HISTORIAL (CODIGO_HISTORIAL,CODIGO_ALUMNO,CODIGO_SECCION,CODIGO_PERIODO,PROMEDIO) values (19,28,2,1,65);
Insert into DB_UNAH.TBL_HISTORIAL (CODIGO_HISTORIAL,CODIGO_ALUMNO,CODIGO_SECCION,CODIGO_PERIODO,PROMEDIO) values (20,29,2,1,55);
Insert into DB_UNAH.TBL_HISTORIAL (CODIGO_HISTORIAL,CODIGO_ALUMNO,CODIGO_SECCION,CODIGO_PERIODO,PROMEDIO) values (21,30,2,1,78);
Insert into DB_UNAH.TBL_HISTORIAL (CODIGO_HISTORIAL,CODIGO_ALUMNO,CODIGO_SECCION,CODIGO_PERIODO,PROMEDIO) values (22,1,2,1,90);
Insert into DB_UNAH.TBL_HISTORIAL (CODIGO_HISTORIAL,CODIGO_ALUMNO,CODIGO_SECCION,CODIGO_PERIODO,PROMEDIO) values (23,2,2,1,65);
Insert into DB_UNAH.TBL_HISTORIAL (CODIGO_HISTORIAL,CODIGO_ALUMNO,CODIGO_SECCION,CODIGO_PERIODO,PROMEDIO) values (24,4,2,1,78);
Insert into DB_UNAH.TBL_HISTORIAL (CODIGO_HISTORIAL,CODIGO_ALUMNO,CODIGO_SECCION,CODIGO_PERIODO,PROMEDIO) values (25,5,2,1,65);
Insert into DB_UNAH.TBL_HISTORIAL (CODIGO_HISTORIAL,CODIGO_ALUMNO,CODIGO_SECCION,CODIGO_PERIODO,PROMEDIO) values (26,6,2,1,65);
Insert into DB_UNAH.TBL_HISTORIAL (CODIGO_HISTORIAL,CODIGO_ALUMNO,CODIGO_SECCION,CODIGO_PERIODO,PROMEDIO) values (27,7,2,1,65);
Insert into DB_UNAH.TBL_HISTORIAL (CODIGO_HISTORIAL,CODIGO_ALUMNO,CODIGO_SECCION,CODIGO_PERIODO,PROMEDIO) values (28,1,3,1,65);
Insert into DB_UNAH.TBL_HISTORIAL (CODIGO_HISTORIAL,CODIGO_ALUMNO,CODIGO_SECCION,CODIGO_PERIODO,PROMEDIO) values (29,2,3,1,65);
Insert into DB_UNAH.TBL_HISTORIAL (CODIGO_HISTORIAL,CODIGO_ALUMNO,CODIGO_SECCION,CODIGO_PERIODO,PROMEDIO) values (30,3,3,1,65);
Insert into DB_UNAH.TBL_HISTORIAL (CODIGO_HISTORIAL,CODIGO_ALUMNO,CODIGO_SECCION,CODIGO_PERIODO,PROMEDIO) values (31,4,3,1,65);
Insert into DB_UNAH.TBL_HISTORIAL (CODIGO_HISTORIAL,CODIGO_ALUMNO,CODIGO_SECCION,CODIGO_PERIODO,PROMEDIO) values (32,5,3,1,65);
Insert into DB_UNAH.TBL_HISTORIAL (CODIGO_HISTORIAL,CODIGO_ALUMNO,CODIGO_SECCION,CODIGO_PERIODO,PROMEDIO) values (33,6,3,1,65);
Insert into DB_UNAH.TBL_HISTORIAL (CODIGO_HISTORIAL,CODIGO_ALUMNO,CODIGO_SECCION,CODIGO_PERIODO,PROMEDIO) values (34,7,3,1,65);
Insert into DB_UNAH.TBL_HISTORIAL (CODIGO_HISTORIAL,CODIGO_ALUMNO,CODIGO_SECCION,CODIGO_PERIODO,PROMEDIO) values (35,8,3,1,65);
Insert into DB_UNAH.TBL_HISTORIAL (CODIGO_HISTORIAL,CODIGO_ALUMNO,CODIGO_SECCION,CODIGO_PERIODO,PROMEDIO) values (36,9,3,1,65);
Insert into DB_UNAH.TBL_HISTORIAL (CODIGO_HISTORIAL,CODIGO_ALUMNO,CODIGO_SECCION,CODIGO_PERIODO,PROMEDIO) values (37,10,3,1,65);
Insert into DB_UNAH.TBL_HISTORIAL (CODIGO_HISTORIAL,CODIGO_ALUMNO,CODIGO_SECCION,CODIGO_PERIODO,PROMEDIO) values (38,17,3,1,65);
Insert into DB_UNAH.TBL_HISTORIAL (CODIGO_HISTORIAL,CODIGO_ALUMNO,CODIGO_SECCION,CODIGO_PERIODO,PROMEDIO) values (39,18,3,1,65);
Insert into DB_UNAH.TBL_HISTORIAL (CODIGO_HISTORIAL,CODIGO_ALUMNO,CODIGO_SECCION,CODIGO_PERIODO,PROMEDIO) values (40,19,3,1,65);
Insert into DB_UNAH.TBL_HISTORIAL (CODIGO_HISTORIAL,CODIGO_ALUMNO,CODIGO_SECCION,CODIGO_PERIODO,PROMEDIO) values (41,20,3,1,65);
Insert into DB_UNAH.TBL_HISTORIAL (CODIGO_HISTORIAL,CODIGO_ALUMNO,CODIGO_SECCION,CODIGO_PERIODO,PROMEDIO) values (42,21,3,1,65);
Insert into DB_UNAH.TBL_HISTORIAL (CODIGO_HISTORIAL,CODIGO_ALUMNO,CODIGO_SECCION,CODIGO_PERIODO,PROMEDIO) values (43,22,3,1,65);
Insert into DB_UNAH.TBL_HISTORIAL (CODIGO_HISTORIAL,CODIGO_ALUMNO,CODIGO_SECCION,CODIGO_PERIODO,PROMEDIO) values (44,23,4,1,65);
Insert into DB_UNAH.TBL_HISTORIAL (CODIGO_HISTORIAL,CODIGO_ALUMNO,CODIGO_SECCION,CODIGO_PERIODO,PROMEDIO) values (45,24,4,1,65);
Insert into DB_UNAH.TBL_HISTORIAL (CODIGO_HISTORIAL,CODIGO_ALUMNO,CODIGO_SECCION,CODIGO_PERIODO,PROMEDIO) values (46,25,4,1,65);
Insert into DB_UNAH.TBL_HISTORIAL (CODIGO_HISTORIAL,CODIGO_ALUMNO,CODIGO_SECCION,CODIGO_PERIODO,PROMEDIO) values (47,26,4,1,65);
Insert into DB_UNAH.TBL_HISTORIAL (CODIGO_HISTORIAL,CODIGO_ALUMNO,CODIGO_SECCION,CODIGO_PERIODO,PROMEDIO) values (48,27,4,1,65);
Insert into DB_UNAH.TBL_HISTORIAL (CODIGO_HISTORIAL,CODIGO_ALUMNO,CODIGO_SECCION,CODIGO_PERIODO,PROMEDIO) values (49,28,4,1,65);
Insert into DB_UNAH.TBL_HISTORIAL (CODIGO_HISTORIAL,CODIGO_ALUMNO,CODIGO_SECCION,CODIGO_PERIODO,PROMEDIO) values (50,29,4,1,65);
Insert into DB_UNAH.TBL_HISTORIAL (CODIGO_HISTORIAL,CODIGO_ALUMNO,CODIGO_SECCION,CODIGO_PERIODO,PROMEDIO) values (51,1,4,1,65);
Insert into DB_UNAH.TBL_HISTORIAL (CODIGO_HISTORIAL,CODIGO_ALUMNO,CODIGO_SECCION,CODIGO_PERIODO,PROMEDIO) values (52,2,4,1,65);
Insert into DB_UNAH.TBL_HISTORIAL (CODIGO_HISTORIAL,CODIGO_ALUMNO,CODIGO_SECCION,CODIGO_PERIODO,PROMEDIO) values (53,3,4,1,65);
Insert into DB_UNAH.TBL_HISTORIAL (CODIGO_HISTORIAL,CODIGO_ALUMNO,CODIGO_SECCION,CODIGO_PERIODO,PROMEDIO) values (54,5,5,1,65);
Insert into DB_UNAH.TBL_HISTORIAL (CODIGO_HISTORIAL,CODIGO_ALUMNO,CODIGO_SECCION,CODIGO_PERIODO,PROMEDIO) values (55,6,5,1,65);
Insert into DB_UNAH.TBL_HISTORIAL (CODIGO_HISTORIAL,CODIGO_ALUMNO,CODIGO_SECCION,CODIGO_PERIODO,PROMEDIO) values (56,7,5,1,65);
Insert into DB_UNAH.TBL_HISTORIAL (CODIGO_HISTORIAL,CODIGO_ALUMNO,CODIGO_SECCION,CODIGO_PERIODO,PROMEDIO) values (57,8,5,1,65);
REM INSERTING into DB_UNAH.TBL_LUGARES
SET DEFINE OFF;
Insert into DB_UNAH.TBL_LUGARES (CODIGO_LUGAR,NOMBRE_LUGAR,LONGITUD,LATITUD,CODIGO_TIPO_LUGAR,CODIGO_LUGAR_PADRE) values (1,'Honduras',0,0,1,null);
Insert into DB_UNAH.TBL_LUGARES (CODIGO_LUGAR,NOMBRE_LUGAR,LONGITUD,LATITUD,CODIGO_TIPO_LUGAR,CODIGO_LUGAR_PADRE) values (2,'Francisco Morazan',0,0,2,1);
Insert into DB_UNAH.TBL_LUGARES (CODIGO_LUGAR,NOMBRE_LUGAR,LONGITUD,LATITUD,CODIGO_TIPO_LUGAR,CODIGO_LUGAR_PADRE) values (3,'Sabana Grande',0,0,3,3);
REM INSERTING into DB_UNAH.TBL_MAESTROS
SET DEFINE OFF;
Insert into DB_UNAH.TBL_MAESTROS (CODIGO_MAESTRO,CODIGO_ESPECIALIZACION,CODIGO_TITULARIDAD) values (31,1,1);
Insert into DB_UNAH.TBL_MAESTROS (CODIGO_MAESTRO,CODIGO_ESPECIALIZACION,CODIGO_TITULARIDAD) values (32,1,1);
Insert into DB_UNAH.TBL_MAESTROS (CODIGO_MAESTRO,CODIGO_ESPECIALIZACION,CODIGO_TITULARIDAD) values (33,1,1);
Insert into DB_UNAH.TBL_MAESTROS (CODIGO_MAESTRO,CODIGO_ESPECIALIZACION,CODIGO_TITULARIDAD) values (34,1,1);
Insert into DB_UNAH.TBL_MAESTROS (CODIGO_MAESTRO,CODIGO_ESPECIALIZACION,CODIGO_TITULARIDAD) values (35,1,1);
Insert into DB_UNAH.TBL_MAESTROS (CODIGO_MAESTRO,CODIGO_ESPECIALIZACION,CODIGO_TITULARIDAD) values (36,1,1);
Insert into DB_UNAH.TBL_MAESTROS (CODIGO_MAESTRO,CODIGO_ESPECIALIZACION,CODIGO_TITULARIDAD) values (37,1,1);
Insert into DB_UNAH.TBL_MAESTROS (CODIGO_MAESTRO,CODIGO_ESPECIALIZACION,CODIGO_TITULARIDAD) values (38,1,1);
Insert into DB_UNAH.TBL_MAESTROS (CODIGO_MAESTRO,CODIGO_ESPECIALIZACION,CODIGO_TITULARIDAD) values (39,1,1);
Insert into DB_UNAH.TBL_MAESTROS (CODIGO_MAESTRO,CODIGO_ESPECIALIZACION,CODIGO_TITULARIDAD) values (40,1,1);
REM INSERTING into DB_UNAH.TBL_MATRICULA
SET DEFINE OFF;
Insert into DB_UNAH.TBL_MATRICULA (FECHA_MATRICULA,CODIGO_SECCION,CODIGO_ALUMNO,CODIGO_ESTADO_MATRICULA) values (to_date('13-APR-17','DD-MON-RR'),1,1,1);
Insert into DB_UNAH.TBL_MATRICULA (FECHA_MATRICULA,CODIGO_SECCION,CODIGO_ALUMNO,CODIGO_ESTADO_MATRICULA) values (to_date('13-APR-17','DD-MON-RR'),1,2,1);
Insert into DB_UNAH.TBL_MATRICULA (FECHA_MATRICULA,CODIGO_SECCION,CODIGO_ALUMNO,CODIGO_ESTADO_MATRICULA) values (to_date('13-APR-17','DD-MON-RR'),1,3,1);
Insert into DB_UNAH.TBL_MATRICULA (FECHA_MATRICULA,CODIGO_SECCION,CODIGO_ALUMNO,CODIGO_ESTADO_MATRICULA) values (to_date('13-APR-17','DD-MON-RR'),1,4,1);
Insert into DB_UNAH.TBL_MATRICULA (FECHA_MATRICULA,CODIGO_SECCION,CODIGO_ALUMNO,CODIGO_ESTADO_MATRICULA) values (to_date('13-APR-17','DD-MON-RR'),1,5,1);
Insert into DB_UNAH.TBL_MATRICULA (FECHA_MATRICULA,CODIGO_SECCION,CODIGO_ALUMNO,CODIGO_ESTADO_MATRICULA) values (to_date('13-APR-17','DD-MON-RR'),1,6,1);
Insert into DB_UNAH.TBL_MATRICULA (FECHA_MATRICULA,CODIGO_SECCION,CODIGO_ALUMNO,CODIGO_ESTADO_MATRICULA) values (to_date('13-APR-17','DD-MON-RR'),1,7,1);
Insert into DB_UNAH.TBL_MATRICULA (FECHA_MATRICULA,CODIGO_SECCION,CODIGO_ALUMNO,CODIGO_ESTADO_MATRICULA) values (to_date('13-APR-17','DD-MON-RR'),1,8,1);
Insert into DB_UNAH.TBL_MATRICULA (FECHA_MATRICULA,CODIGO_SECCION,CODIGO_ALUMNO,CODIGO_ESTADO_MATRICULA) values (to_date('13-APR-17','DD-MON-RR'),1,9,1);
Insert into DB_UNAH.TBL_MATRICULA (FECHA_MATRICULA,CODIGO_SECCION,CODIGO_ALUMNO,CODIGO_ESTADO_MATRICULA) values (to_date('13-APR-17','DD-MON-RR'),1,10,1);
Insert into DB_UNAH.TBL_MATRICULA (FECHA_MATRICULA,CODIGO_SECCION,CODIGO_ALUMNO,CODIGO_ESTADO_MATRICULA) values (to_date('13-APR-17','DD-MON-RR'),1,11,2);
Insert into DB_UNAH.TBL_MATRICULA (FECHA_MATRICULA,CODIGO_SECCION,CODIGO_ALUMNO,CODIGO_ESTADO_MATRICULA) values (to_date('13-APR-17','DD-MON-RR'),1,12,2);
Insert into DB_UNAH.TBL_MATRICULA (FECHA_MATRICULA,CODIGO_SECCION,CODIGO_ALUMNO,CODIGO_ESTADO_MATRICULA) values (to_date('03-APR-17','DD-MON-RR'),1,13,2);
Insert into DB_UNAH.TBL_MATRICULA (FECHA_MATRICULA,CODIGO_SECCION,CODIGO_ALUMNO,CODIGO_ESTADO_MATRICULA) values (to_date('03-APR-17','DD-MON-RR'),1,14,2);
Insert into DB_UNAH.TBL_MATRICULA (FECHA_MATRICULA,CODIGO_SECCION,CODIGO_ALUMNO,CODIGO_ESTADO_MATRICULA) values (to_date('03-APR-17','DD-MON-RR'),1,15,3);
Insert into DB_UNAH.TBL_MATRICULA (FECHA_MATRICULA,CODIGO_SECCION,CODIGO_ALUMNO,CODIGO_ESTADO_MATRICULA) values (to_date('03-APR-17','DD-MON-RR'),1,16,3);
Insert into DB_UNAH.TBL_MATRICULA (FECHA_MATRICULA,CODIGO_SECCION,CODIGO_ALUMNO,CODIGO_ESTADO_MATRICULA) values (to_date('03-APR-17','DD-MON-RR'),1,17,1);
Insert into DB_UNAH.TBL_MATRICULA (FECHA_MATRICULA,CODIGO_SECCION,CODIGO_ALUMNO,CODIGO_ESTADO_MATRICULA) values (to_date('03-APR-17','DD-MON-RR'),1,18,1);
Insert into DB_UNAH.TBL_MATRICULA (FECHA_MATRICULA,CODIGO_SECCION,CODIGO_ALUMNO,CODIGO_ESTADO_MATRICULA) values (to_date('03-APR-17','DD-MON-RR'),1,19,1);
Insert into DB_UNAH.TBL_MATRICULA (FECHA_MATRICULA,CODIGO_SECCION,CODIGO_ALUMNO,CODIGO_ESTADO_MATRICULA) values (to_date('03-APR-17','DD-MON-RR'),2,20,1);
Insert into DB_UNAH.TBL_MATRICULA (FECHA_MATRICULA,CODIGO_SECCION,CODIGO_ALUMNO,CODIGO_ESTADO_MATRICULA) values (to_date('03-APR-17','DD-MON-RR'),2,21,1);
Insert into DB_UNAH.TBL_MATRICULA (FECHA_MATRICULA,CODIGO_SECCION,CODIGO_ALUMNO,CODIGO_ESTADO_MATRICULA) values (to_date('03-APR-17','DD-MON-RR'),2,22,1);
Insert into DB_UNAH.TBL_MATRICULA (FECHA_MATRICULA,CODIGO_SECCION,CODIGO_ALUMNO,CODIGO_ESTADO_MATRICULA) values (to_date('03-APR-17','DD-MON-RR'),2,23,1);
Insert into DB_UNAH.TBL_MATRICULA (FECHA_MATRICULA,CODIGO_SECCION,CODIGO_ALUMNO,CODIGO_ESTADO_MATRICULA) values (to_date('03-APR-17','DD-MON-RR'),2,24,2);
Insert into DB_UNAH.TBL_MATRICULA (FECHA_MATRICULA,CODIGO_SECCION,CODIGO_ALUMNO,CODIGO_ESTADO_MATRICULA) values (to_date('03-APR-17','DD-MON-RR'),2,25,2);
Insert into DB_UNAH.TBL_MATRICULA (FECHA_MATRICULA,CODIGO_SECCION,CODIGO_ALUMNO,CODIGO_ESTADO_MATRICULA) values (to_date('03-APR-17','DD-MON-RR'),2,26,2);
Insert into DB_UNAH.TBL_MATRICULA (FECHA_MATRICULA,CODIGO_SECCION,CODIGO_ALUMNO,CODIGO_ESTADO_MATRICULA) values (to_date('03-APR-17','DD-MON-RR'),2,27,1);
Insert into DB_UNAH.TBL_MATRICULA (FECHA_MATRICULA,CODIGO_SECCION,CODIGO_ALUMNO,CODIGO_ESTADO_MATRICULA) values (to_date('03-APR-17','DD-MON-RR'),2,28,1);
Insert into DB_UNAH.TBL_MATRICULA (FECHA_MATRICULA,CODIGO_SECCION,CODIGO_ALUMNO,CODIGO_ESTADO_MATRICULA) values (to_date('03-APR-17','DD-MON-RR'),2,29,1);
Insert into DB_UNAH.TBL_MATRICULA (FECHA_MATRICULA,CODIGO_SECCION,CODIGO_ALUMNO,CODIGO_ESTADO_MATRICULA) values (to_date('03-APR-17','DD-MON-RR'),2,30,1);
Insert into DB_UNAH.TBL_MATRICULA (FECHA_MATRICULA,CODIGO_SECCION,CODIGO_ALUMNO,CODIGO_ESTADO_MATRICULA) values (to_date('03-APR-17','DD-MON-RR'),2,1,1);
Insert into DB_UNAH.TBL_MATRICULA (FECHA_MATRICULA,CODIGO_SECCION,CODIGO_ALUMNO,CODIGO_ESTADO_MATRICULA) values (to_date('03-APR-17','DD-MON-RR'),2,2,1);
Insert into DB_UNAH.TBL_MATRICULA (FECHA_MATRICULA,CODIGO_SECCION,CODIGO_ALUMNO,CODIGO_ESTADO_MATRICULA) values (to_date('03-APR-17','DD-MON-RR'),2,3,2);
Insert into DB_UNAH.TBL_MATRICULA (FECHA_MATRICULA,CODIGO_SECCION,CODIGO_ALUMNO,CODIGO_ESTADO_MATRICULA) values (to_date('03-APR-17','DD-MON-RR'),2,4,1);
Insert into DB_UNAH.TBL_MATRICULA (FECHA_MATRICULA,CODIGO_SECCION,CODIGO_ALUMNO,CODIGO_ESTADO_MATRICULA) values (to_date('03-APR-17','DD-MON-RR'),2,5,1);
Insert into DB_UNAH.TBL_MATRICULA (FECHA_MATRICULA,CODIGO_SECCION,CODIGO_ALUMNO,CODIGO_ESTADO_MATRICULA) values (to_date('03-APR-17','DD-MON-RR'),2,6,1);
Insert into DB_UNAH.TBL_MATRICULA (FECHA_MATRICULA,CODIGO_SECCION,CODIGO_ALUMNO,CODIGO_ESTADO_MATRICULA) values (to_date('03-APR-17','DD-MON-RR'),2,7,1);
Insert into DB_UNAH.TBL_MATRICULA (FECHA_MATRICULA,CODIGO_SECCION,CODIGO_ALUMNO,CODIGO_ESTADO_MATRICULA) values (to_date('03-APR-17','DD-MON-RR'),2,8,2);
Insert into DB_UNAH.TBL_MATRICULA (FECHA_MATRICULA,CODIGO_SECCION,CODIGO_ALUMNO,CODIGO_ESTADO_MATRICULA) values (to_date('03-APR-17','DD-MON-RR'),2,9,2);
Insert into DB_UNAH.TBL_MATRICULA (FECHA_MATRICULA,CODIGO_SECCION,CODIGO_ALUMNO,CODIGO_ESTADO_MATRICULA) values (to_date('03-APR-17','DD-MON-RR'),2,10,2);
Insert into DB_UNAH.TBL_MATRICULA (FECHA_MATRICULA,CODIGO_SECCION,CODIGO_ALUMNO,CODIGO_ESTADO_MATRICULA) values (to_date('13-APR-17','DD-MON-RR'),3,1,1);
Insert into DB_UNAH.TBL_MATRICULA (FECHA_MATRICULA,CODIGO_SECCION,CODIGO_ALUMNO,CODIGO_ESTADO_MATRICULA) values (to_date('13-APR-17','DD-MON-RR'),3,2,1);
Insert into DB_UNAH.TBL_MATRICULA (FECHA_MATRICULA,CODIGO_SECCION,CODIGO_ALUMNO,CODIGO_ESTADO_MATRICULA) values (to_date('13-APR-17','DD-MON-RR'),3,3,1);
Insert into DB_UNAH.TBL_MATRICULA (FECHA_MATRICULA,CODIGO_SECCION,CODIGO_ALUMNO,CODIGO_ESTADO_MATRICULA) values (to_date('13-APR-17','DD-MON-RR'),3,4,1);
Insert into DB_UNAH.TBL_MATRICULA (FECHA_MATRICULA,CODIGO_SECCION,CODIGO_ALUMNO,CODIGO_ESTADO_MATRICULA) values (to_date('13-APR-17','DD-MON-RR'),3,5,1);
Insert into DB_UNAH.TBL_MATRICULA (FECHA_MATRICULA,CODIGO_SECCION,CODIGO_ALUMNO,CODIGO_ESTADO_MATRICULA) values (to_date('13-APR-17','DD-MON-RR'),3,6,1);
Insert into DB_UNAH.TBL_MATRICULA (FECHA_MATRICULA,CODIGO_SECCION,CODIGO_ALUMNO,CODIGO_ESTADO_MATRICULA) values (to_date('13-APR-17','DD-MON-RR'),3,7,1);
Insert into DB_UNAH.TBL_MATRICULA (FECHA_MATRICULA,CODIGO_SECCION,CODIGO_ALUMNO,CODIGO_ESTADO_MATRICULA) values (to_date('13-APR-17','DD-MON-RR'),3,8,1);
Insert into DB_UNAH.TBL_MATRICULA (FECHA_MATRICULA,CODIGO_SECCION,CODIGO_ALUMNO,CODIGO_ESTADO_MATRICULA) values (to_date('13-APR-17','DD-MON-RR'),3,9,1);
Insert into DB_UNAH.TBL_MATRICULA (FECHA_MATRICULA,CODIGO_SECCION,CODIGO_ALUMNO,CODIGO_ESTADO_MATRICULA) values (to_date('13-APR-17','DD-MON-RR'),3,10,1);
Insert into DB_UNAH.TBL_MATRICULA (FECHA_MATRICULA,CODIGO_SECCION,CODIGO_ALUMNO,CODIGO_ESTADO_MATRICULA) values (to_date('13-APR-17','DD-MON-RR'),3,11,2);
Insert into DB_UNAH.TBL_MATRICULA (FECHA_MATRICULA,CODIGO_SECCION,CODIGO_ALUMNO,CODIGO_ESTADO_MATRICULA) values (to_date('13-APR-17','DD-MON-RR'),3,12,2);
Insert into DB_UNAH.TBL_MATRICULA (FECHA_MATRICULA,CODIGO_SECCION,CODIGO_ALUMNO,CODIGO_ESTADO_MATRICULA) values (to_date('03-APR-17','DD-MON-RR'),3,13,2);
Insert into DB_UNAH.TBL_MATRICULA (FECHA_MATRICULA,CODIGO_SECCION,CODIGO_ALUMNO,CODIGO_ESTADO_MATRICULA) values (to_date('03-APR-17','DD-MON-RR'),3,14,2);
Insert into DB_UNAH.TBL_MATRICULA (FECHA_MATRICULA,CODIGO_SECCION,CODIGO_ALUMNO,CODIGO_ESTADO_MATRICULA) values (to_date('03-APR-17','DD-MON-RR'),3,15,3);
Insert into DB_UNAH.TBL_MATRICULA (FECHA_MATRICULA,CODIGO_SECCION,CODIGO_ALUMNO,CODIGO_ESTADO_MATRICULA) values (to_date('03-APR-17','DD-MON-RR'),3,16,3);
Insert into DB_UNAH.TBL_MATRICULA (FECHA_MATRICULA,CODIGO_SECCION,CODIGO_ALUMNO,CODIGO_ESTADO_MATRICULA) values (to_date('03-APR-17','DD-MON-RR'),3,17,1);
Insert into DB_UNAH.TBL_MATRICULA (FECHA_MATRICULA,CODIGO_SECCION,CODIGO_ALUMNO,CODIGO_ESTADO_MATRICULA) values (to_date('03-APR-17','DD-MON-RR'),3,18,1);
Insert into DB_UNAH.TBL_MATRICULA (FECHA_MATRICULA,CODIGO_SECCION,CODIGO_ALUMNO,CODIGO_ESTADO_MATRICULA) values (to_date('03-APR-17','DD-MON-RR'),3,19,1);
Insert into DB_UNAH.TBL_MATRICULA (FECHA_MATRICULA,CODIGO_SECCION,CODIGO_ALUMNO,CODIGO_ESTADO_MATRICULA) values (to_date('03-APR-17','DD-MON-RR'),3,20,1);
Insert into DB_UNAH.TBL_MATRICULA (FECHA_MATRICULA,CODIGO_SECCION,CODIGO_ALUMNO,CODIGO_ESTADO_MATRICULA) values (to_date('03-APR-17','DD-MON-RR'),3,21,1);
Insert into DB_UNAH.TBL_MATRICULA (FECHA_MATRICULA,CODIGO_SECCION,CODIGO_ALUMNO,CODIGO_ESTADO_MATRICULA) values (to_date('03-APR-17','DD-MON-RR'),3,22,1);
Insert into DB_UNAH.TBL_MATRICULA (FECHA_MATRICULA,CODIGO_SECCION,CODIGO_ALUMNO,CODIGO_ESTADO_MATRICULA) values (to_date('03-APR-17','DD-MON-RR'),4,23,1);
Insert into DB_UNAH.TBL_MATRICULA (FECHA_MATRICULA,CODIGO_SECCION,CODIGO_ALUMNO,CODIGO_ESTADO_MATRICULA) values (to_date('03-APR-17','DD-MON-RR'),4,24,1);
Insert into DB_UNAH.TBL_MATRICULA (FECHA_MATRICULA,CODIGO_SECCION,CODIGO_ALUMNO,CODIGO_ESTADO_MATRICULA) values (to_date('03-APR-17','DD-MON-RR'),4,25,1);
Insert into DB_UNAH.TBL_MATRICULA (FECHA_MATRICULA,CODIGO_SECCION,CODIGO_ALUMNO,CODIGO_ESTADO_MATRICULA) values (to_date('03-APR-17','DD-MON-RR'),4,26,1);
Insert into DB_UNAH.TBL_MATRICULA (FECHA_MATRICULA,CODIGO_SECCION,CODIGO_ALUMNO,CODIGO_ESTADO_MATRICULA) values (to_date('03-APR-17','DD-MON-RR'),4,27,1);
Insert into DB_UNAH.TBL_MATRICULA (FECHA_MATRICULA,CODIGO_SECCION,CODIGO_ALUMNO,CODIGO_ESTADO_MATRICULA) values (to_date('03-APR-17','DD-MON-RR'),4,28,1);
Insert into DB_UNAH.TBL_MATRICULA (FECHA_MATRICULA,CODIGO_SECCION,CODIGO_ALUMNO,CODIGO_ESTADO_MATRICULA) values (to_date('03-APR-17','DD-MON-RR'),4,29,1);
Insert into DB_UNAH.TBL_MATRICULA (FECHA_MATRICULA,CODIGO_SECCION,CODIGO_ALUMNO,CODIGO_ESTADO_MATRICULA) values (to_date('03-APR-17','DD-MON-RR'),4,30,2);
Insert into DB_UNAH.TBL_MATRICULA (FECHA_MATRICULA,CODIGO_SECCION,CODIGO_ALUMNO,CODIGO_ESTADO_MATRICULA) values (to_date('03-APR-17','DD-MON-RR'),4,1,1);
Insert into DB_UNAH.TBL_MATRICULA (FECHA_MATRICULA,CODIGO_SECCION,CODIGO_ALUMNO,CODIGO_ESTADO_MATRICULA) values (to_date('03-APR-17','DD-MON-RR'),4,2,1);
Insert into DB_UNAH.TBL_MATRICULA (FECHA_MATRICULA,CODIGO_SECCION,CODIGO_ALUMNO,CODIGO_ESTADO_MATRICULA) values (to_date('03-APR-17','DD-MON-RR'),4,3,1);
Insert into DB_UNAH.TBL_MATRICULA (FECHA_MATRICULA,CODIGO_SECCION,CODIGO_ALUMNO,CODIGO_ESTADO_MATRICULA) values (to_date('03-APR-17','DD-MON-RR'),5,4,2);
Insert into DB_UNAH.TBL_MATRICULA (FECHA_MATRICULA,CODIGO_SECCION,CODIGO_ALUMNO,CODIGO_ESTADO_MATRICULA) values (to_date('03-APR-17','DD-MON-RR'),5,5,1);
Insert into DB_UNAH.TBL_MATRICULA (FECHA_MATRICULA,CODIGO_SECCION,CODIGO_ALUMNO,CODIGO_ESTADO_MATRICULA) values (to_date('03-APR-17','DD-MON-RR'),5,6,1);
Insert into DB_UNAH.TBL_MATRICULA (FECHA_MATRICULA,CODIGO_SECCION,CODIGO_ALUMNO,CODIGO_ESTADO_MATRICULA) values (to_date('03-APR-17','DD-MON-RR'),5,7,1);
Insert into DB_UNAH.TBL_MATRICULA (FECHA_MATRICULA,CODIGO_SECCION,CODIGO_ALUMNO,CODIGO_ESTADO_MATRICULA) values (to_date('03-APR-17','DD-MON-RR'),5,8,1);
Insert into DB_UNAH.TBL_MATRICULA (FECHA_MATRICULA,CODIGO_SECCION,CODIGO_ALUMNO,CODIGO_ESTADO_MATRICULA) values (to_date('03-APR-17','DD-MON-RR'),5,9,2);
Insert into DB_UNAH.TBL_MATRICULA (FECHA_MATRICULA,CODIGO_SECCION,CODIGO_ALUMNO,CODIGO_ESTADO_MATRICULA) values (to_date('03-APR-17','DD-MON-RR'),5,10,2);
REM INSERTING into DB_UNAH.TBL_PERIODOS
SET DEFINE OFF;
Insert into DB_UNAH.TBL_PERIODOS (CODIGO_PERIODO,NOMBRE_PERIODO,FECHA_INICIO,FECHA_FIN,CODIGO_TIPO_PERIODO) values (1,'Periodo 1',to_date('01-APR-17','DD-MON-RR'),to_date('01-JUN-17','DD-MON-RR'),1);
Insert into DB_UNAH.TBL_PERIODOS (CODIGO_PERIODO,NOMBRE_PERIODO,FECHA_INICIO,FECHA_FIN,CODIGO_TIPO_PERIODO) values (2,'Periodo 2',to_date('01-FEB-17','DD-MON-RR'),to_date('01-JUN-17','DD-MON-RR'),1);
Insert into DB_UNAH.TBL_PERIODOS (CODIGO_PERIODO,NOMBRE_PERIODO,FECHA_INICIO,FECHA_FIN,CODIGO_TIPO_PERIODO) values (3,'Periodo 3',to_date('01-APR-17','DD-MON-RR'),to_date('01-JUN-17','DD-MON-RR'),1);
Insert into DB_UNAH.TBL_PERIODOS (CODIGO_PERIODO,NOMBRE_PERIODO,FECHA_INICIO,FECHA_FIN,CODIGO_TIPO_PERIODO) values (4,'Periodo 4',to_date('07-MAR-17','DD-MON-RR'),to_date('01-JUN-17','DD-MON-RR'),1);
Insert into DB_UNAH.TBL_PERIODOS (CODIGO_PERIODO,NOMBRE_PERIODO,FECHA_INICIO,FECHA_FIN,CODIGO_TIPO_PERIODO) values (5,'Periodo 5',to_date('01-APR-17','DD-MON-RR'),to_date('01-JUN-17','DD-MON-RR'),1);
REM INSERTING into DB_UNAH.TBL_PERSONAS
SET DEFINE OFF;
Insert into DB_UNAH.TBL_PERSONAS (CODIGO_PERSONA,CODIGO_GENERO,CODIGO_LUGAR_NACIMIENTO,CODIGO_LUGAR_RESIDENCIA,CODIGO_MUNICIPIO_NACIMIENTO,CODIGO_MUNICIPIO_RESIDENCIA,CODIGO_CAMPUS,CODIGO_TIPO_IDENTIFICACION,CODIGO_ESTADO_CIVIL,NOMBRE,APELLIDO,FECHA_NACIMIENTO,IDENTIDAD,DIRECCION,TELEFONO,CORREO_ELECTRONICO) values (1,1,3,3,0,0,1,1,3,'PERSONA1','APELLIDO1',to_date('21-APR-17','DD-MON-RR'),'111','Col Kennedy','123456','correo@gmail.com');
Insert into DB_UNAH.TBL_PERSONAS (CODIGO_PERSONA,CODIGO_GENERO,CODIGO_LUGAR_NACIMIENTO,CODIGO_LUGAR_RESIDENCIA,CODIGO_MUNICIPIO_NACIMIENTO,CODIGO_MUNICIPIO_RESIDENCIA,CODIGO_CAMPUS,CODIGO_TIPO_IDENTIFICACION,CODIGO_ESTADO_CIVIL,NOMBRE,APELLIDO,FECHA_NACIMIENTO,IDENTIDAD,DIRECCION,TELEFONO,CORREO_ELECTRONICO) values (2,1,3,3,0,0,1,1,3,'PERSONA2','APELLIDO2',to_date('21-APR-17','DD-MON-RR'),'111','Col Kennedy','123456','correo@gmail.com');
Insert into DB_UNAH.TBL_PERSONAS (CODIGO_PERSONA,CODIGO_GENERO,CODIGO_LUGAR_NACIMIENTO,CODIGO_LUGAR_RESIDENCIA,CODIGO_MUNICIPIO_NACIMIENTO,CODIGO_MUNICIPIO_RESIDENCIA,CODIGO_CAMPUS,CODIGO_TIPO_IDENTIFICACION,CODIGO_ESTADO_CIVIL,NOMBRE,APELLIDO,FECHA_NACIMIENTO,IDENTIDAD,DIRECCION,TELEFONO,CORREO_ELECTRONICO) values (3,1,3,3,0,0,1,1,3,'PERSONA3','APELLIDO3',to_date('21-APR-17','DD-MON-RR'),'111','Col Kennedy','123456','correo@gmail.com');
Insert into DB_UNAH.TBL_PERSONAS (CODIGO_PERSONA,CODIGO_GENERO,CODIGO_LUGAR_NACIMIENTO,CODIGO_LUGAR_RESIDENCIA,CODIGO_MUNICIPIO_NACIMIENTO,CODIGO_MUNICIPIO_RESIDENCIA,CODIGO_CAMPUS,CODIGO_TIPO_IDENTIFICACION,CODIGO_ESTADO_CIVIL,NOMBRE,APELLIDO,FECHA_NACIMIENTO,IDENTIDAD,DIRECCION,TELEFONO,CORREO_ELECTRONICO) values (4,1,3,3,0,0,1,1,3,'PERSONA4','APELLIDO4',to_date('21-APR-17','DD-MON-RR'),'111','Col Kennedy','123456','correo@gmail.com');
Insert into DB_UNAH.TBL_PERSONAS (CODIGO_PERSONA,CODIGO_GENERO,CODIGO_LUGAR_NACIMIENTO,CODIGO_LUGAR_RESIDENCIA,CODIGO_MUNICIPIO_NACIMIENTO,CODIGO_MUNICIPIO_RESIDENCIA,CODIGO_CAMPUS,CODIGO_TIPO_IDENTIFICACION,CODIGO_ESTADO_CIVIL,NOMBRE,APELLIDO,FECHA_NACIMIENTO,IDENTIDAD,DIRECCION,TELEFONO,CORREO_ELECTRONICO) values (5,1,3,3,0,0,1,1,3,'PERSONA5','APELLIDO5',to_date('21-APR-17','DD-MON-RR'),'111','Col Kennedy','123456','correo@gmail.com');
Insert into DB_UNAH.TBL_PERSONAS (CODIGO_PERSONA,CODIGO_GENERO,CODIGO_LUGAR_NACIMIENTO,CODIGO_LUGAR_RESIDENCIA,CODIGO_MUNICIPIO_NACIMIENTO,CODIGO_MUNICIPIO_RESIDENCIA,CODIGO_CAMPUS,CODIGO_TIPO_IDENTIFICACION,CODIGO_ESTADO_CIVIL,NOMBRE,APELLIDO,FECHA_NACIMIENTO,IDENTIDAD,DIRECCION,TELEFONO,CORREO_ELECTRONICO) values (6,1,3,3,0,0,1,1,3,'PERSONA6','APELLIDO6',to_date('21-APR-17','DD-MON-RR'),'111','Col Kennedy','123456','correo@gmail.com');
Insert into DB_UNAH.TBL_PERSONAS (CODIGO_PERSONA,CODIGO_GENERO,CODIGO_LUGAR_NACIMIENTO,CODIGO_LUGAR_RESIDENCIA,CODIGO_MUNICIPIO_NACIMIENTO,CODIGO_MUNICIPIO_RESIDENCIA,CODIGO_CAMPUS,CODIGO_TIPO_IDENTIFICACION,CODIGO_ESTADO_CIVIL,NOMBRE,APELLIDO,FECHA_NACIMIENTO,IDENTIDAD,DIRECCION,TELEFONO,CORREO_ELECTRONICO) values (7,1,3,3,0,0,1,1,3,'PERSONA7','APELLIDO7',to_date('21-APR-17','DD-MON-RR'),'111','Col Kennedy','123456','correo@gmail.com');
Insert into DB_UNAH.TBL_PERSONAS (CODIGO_PERSONA,CODIGO_GENERO,CODIGO_LUGAR_NACIMIENTO,CODIGO_LUGAR_RESIDENCIA,CODIGO_MUNICIPIO_NACIMIENTO,CODIGO_MUNICIPIO_RESIDENCIA,CODIGO_CAMPUS,CODIGO_TIPO_IDENTIFICACION,CODIGO_ESTADO_CIVIL,NOMBRE,APELLIDO,FECHA_NACIMIENTO,IDENTIDAD,DIRECCION,TELEFONO,CORREO_ELECTRONICO) values (8,1,3,3,0,0,1,1,3,'PERSONA8','APELLIDO8',to_date('21-APR-17','DD-MON-RR'),'111','Col Kennedy','123456','correo@gmail.com');
Insert into DB_UNAH.TBL_PERSONAS (CODIGO_PERSONA,CODIGO_GENERO,CODIGO_LUGAR_NACIMIENTO,CODIGO_LUGAR_RESIDENCIA,CODIGO_MUNICIPIO_NACIMIENTO,CODIGO_MUNICIPIO_RESIDENCIA,CODIGO_CAMPUS,CODIGO_TIPO_IDENTIFICACION,CODIGO_ESTADO_CIVIL,NOMBRE,APELLIDO,FECHA_NACIMIENTO,IDENTIDAD,DIRECCION,TELEFONO,CORREO_ELECTRONICO) values (9,1,3,3,0,0,1,1,3,'PERSONA9','APELLIDO9',to_date('21-APR-17','DD-MON-RR'),'111','Col Kennedy','123456','correo@gmail.com');
Insert into DB_UNAH.TBL_PERSONAS (CODIGO_PERSONA,CODIGO_GENERO,CODIGO_LUGAR_NACIMIENTO,CODIGO_LUGAR_RESIDENCIA,CODIGO_MUNICIPIO_NACIMIENTO,CODIGO_MUNICIPIO_RESIDENCIA,CODIGO_CAMPUS,CODIGO_TIPO_IDENTIFICACION,CODIGO_ESTADO_CIVIL,NOMBRE,APELLIDO,FECHA_NACIMIENTO,IDENTIDAD,DIRECCION,TELEFONO,CORREO_ELECTRONICO) values (10,1,3,3,0,0,1,1,3,'PERSONA10','APELLIDO10',to_date('21-APR-17','DD-MON-RR'),'111','Col Kennedy','123456','correo@gmail.com');
Insert into DB_UNAH.TBL_PERSONAS (CODIGO_PERSONA,CODIGO_GENERO,CODIGO_LUGAR_NACIMIENTO,CODIGO_LUGAR_RESIDENCIA,CODIGO_MUNICIPIO_NACIMIENTO,CODIGO_MUNICIPIO_RESIDENCIA,CODIGO_CAMPUS,CODIGO_TIPO_IDENTIFICACION,CODIGO_ESTADO_CIVIL,NOMBRE,APELLIDO,FECHA_NACIMIENTO,IDENTIDAD,DIRECCION,TELEFONO,CORREO_ELECTRONICO) values (11,1,3,3,0,0,1,1,3,'PERSONA11','APELLIDO11',to_date('21-APR-17','DD-MON-RR'),'111','Col Kennedy','123456','correo@gmail.com');
Insert into DB_UNAH.TBL_PERSONAS (CODIGO_PERSONA,CODIGO_GENERO,CODIGO_LUGAR_NACIMIENTO,CODIGO_LUGAR_RESIDENCIA,CODIGO_MUNICIPIO_NACIMIENTO,CODIGO_MUNICIPIO_RESIDENCIA,CODIGO_CAMPUS,CODIGO_TIPO_IDENTIFICACION,CODIGO_ESTADO_CIVIL,NOMBRE,APELLIDO,FECHA_NACIMIENTO,IDENTIDAD,DIRECCION,TELEFONO,CORREO_ELECTRONICO) values (12,1,3,3,0,0,1,1,3,'PERSONA12','APELLIDO12',to_date('21-APR-17','DD-MON-RR'),'111','Col Kennedy','123456','correo@gmail.com');
Insert into DB_UNAH.TBL_PERSONAS (CODIGO_PERSONA,CODIGO_GENERO,CODIGO_LUGAR_NACIMIENTO,CODIGO_LUGAR_RESIDENCIA,CODIGO_MUNICIPIO_NACIMIENTO,CODIGO_MUNICIPIO_RESIDENCIA,CODIGO_CAMPUS,CODIGO_TIPO_IDENTIFICACION,CODIGO_ESTADO_CIVIL,NOMBRE,APELLIDO,FECHA_NACIMIENTO,IDENTIDAD,DIRECCION,TELEFONO,CORREO_ELECTRONICO) values (13,1,3,3,0,0,1,1,3,'PERSONA13','APELLIDO13',to_date('21-APR-17','DD-MON-RR'),'111','Col Kennedy','123456','correo@gmail.com');
Insert into DB_UNAH.TBL_PERSONAS (CODIGO_PERSONA,CODIGO_GENERO,CODIGO_LUGAR_NACIMIENTO,CODIGO_LUGAR_RESIDENCIA,CODIGO_MUNICIPIO_NACIMIENTO,CODIGO_MUNICIPIO_RESIDENCIA,CODIGO_CAMPUS,CODIGO_TIPO_IDENTIFICACION,CODIGO_ESTADO_CIVIL,NOMBRE,APELLIDO,FECHA_NACIMIENTO,IDENTIDAD,DIRECCION,TELEFONO,CORREO_ELECTRONICO) values (14,1,3,3,0,0,1,1,3,'PERSONA14','APELLIDO14',to_date('21-APR-17','DD-MON-RR'),'111','Col Kennedy','123456','correo@gmail.com');
Insert into DB_UNAH.TBL_PERSONAS (CODIGO_PERSONA,CODIGO_GENERO,CODIGO_LUGAR_NACIMIENTO,CODIGO_LUGAR_RESIDENCIA,CODIGO_MUNICIPIO_NACIMIENTO,CODIGO_MUNICIPIO_RESIDENCIA,CODIGO_CAMPUS,CODIGO_TIPO_IDENTIFICACION,CODIGO_ESTADO_CIVIL,NOMBRE,APELLIDO,FECHA_NACIMIENTO,IDENTIDAD,DIRECCION,TELEFONO,CORREO_ELECTRONICO) values (15,1,3,3,0,0,1,1,3,'PERSONA15','APELLIDO15',to_date('21-APR-17','DD-MON-RR'),'111','Col Kennedy','123456','correo@gmail.com');
Insert into DB_UNAH.TBL_PERSONAS (CODIGO_PERSONA,CODIGO_GENERO,CODIGO_LUGAR_NACIMIENTO,CODIGO_LUGAR_RESIDENCIA,CODIGO_MUNICIPIO_NACIMIENTO,CODIGO_MUNICIPIO_RESIDENCIA,CODIGO_CAMPUS,CODIGO_TIPO_IDENTIFICACION,CODIGO_ESTADO_CIVIL,NOMBRE,APELLIDO,FECHA_NACIMIENTO,IDENTIDAD,DIRECCION,TELEFONO,CORREO_ELECTRONICO) values (16,1,3,3,0,0,1,1,3,'PERSONA16','APELLIDO16',to_date('21-APR-17','DD-MON-RR'),'111','Col Kennedy','123456','correo@gmail.com');
Insert into DB_UNAH.TBL_PERSONAS (CODIGO_PERSONA,CODIGO_GENERO,CODIGO_LUGAR_NACIMIENTO,CODIGO_LUGAR_RESIDENCIA,CODIGO_MUNICIPIO_NACIMIENTO,CODIGO_MUNICIPIO_RESIDENCIA,CODIGO_CAMPUS,CODIGO_TIPO_IDENTIFICACION,CODIGO_ESTADO_CIVIL,NOMBRE,APELLIDO,FECHA_NACIMIENTO,IDENTIDAD,DIRECCION,TELEFONO,CORREO_ELECTRONICO) values (17,1,3,3,0,0,1,1,3,'PERSONA17','APELLIDO17',to_date('21-APR-17','DD-MON-RR'),'111','Col Kennedy','123456','correo@gmail.com');
Insert into DB_UNAH.TBL_PERSONAS (CODIGO_PERSONA,CODIGO_GENERO,CODIGO_LUGAR_NACIMIENTO,CODIGO_LUGAR_RESIDENCIA,CODIGO_MUNICIPIO_NACIMIENTO,CODIGO_MUNICIPIO_RESIDENCIA,CODIGO_CAMPUS,CODIGO_TIPO_IDENTIFICACION,CODIGO_ESTADO_CIVIL,NOMBRE,APELLIDO,FECHA_NACIMIENTO,IDENTIDAD,DIRECCION,TELEFONO,CORREO_ELECTRONICO) values (18,1,3,3,0,0,1,1,3,'PERSONA18','APELLIDO18',to_date('21-APR-17','DD-MON-RR'),'111','Col Kennedy','123456','correo@gmail.com');
Insert into DB_UNAH.TBL_PERSONAS (CODIGO_PERSONA,CODIGO_GENERO,CODIGO_LUGAR_NACIMIENTO,CODIGO_LUGAR_RESIDENCIA,CODIGO_MUNICIPIO_NACIMIENTO,CODIGO_MUNICIPIO_RESIDENCIA,CODIGO_CAMPUS,CODIGO_TIPO_IDENTIFICACION,CODIGO_ESTADO_CIVIL,NOMBRE,APELLIDO,FECHA_NACIMIENTO,IDENTIDAD,DIRECCION,TELEFONO,CORREO_ELECTRONICO) values (19,1,3,3,0,0,1,1,3,'PERSONA19','APELLIDO19',to_date('21-APR-17','DD-MON-RR'),'111','Col Kennedy','123456','correo@gmail.com');
Insert into DB_UNAH.TBL_PERSONAS (CODIGO_PERSONA,CODIGO_GENERO,CODIGO_LUGAR_NACIMIENTO,CODIGO_LUGAR_RESIDENCIA,CODIGO_MUNICIPIO_NACIMIENTO,CODIGO_MUNICIPIO_RESIDENCIA,CODIGO_CAMPUS,CODIGO_TIPO_IDENTIFICACION,CODIGO_ESTADO_CIVIL,NOMBRE,APELLIDO,FECHA_NACIMIENTO,IDENTIDAD,DIRECCION,TELEFONO,CORREO_ELECTRONICO) values (20,1,3,3,0,0,1,1,3,'PERSONA20','APELLIDO20',to_date('21-APR-17','DD-MON-RR'),'111','Col Kennedy','123456','correo@gmail.com');
Insert into DB_UNAH.TBL_PERSONAS (CODIGO_PERSONA,CODIGO_GENERO,CODIGO_LUGAR_NACIMIENTO,CODIGO_LUGAR_RESIDENCIA,CODIGO_MUNICIPIO_NACIMIENTO,CODIGO_MUNICIPIO_RESIDENCIA,CODIGO_CAMPUS,CODIGO_TIPO_IDENTIFICACION,CODIGO_ESTADO_CIVIL,NOMBRE,APELLIDO,FECHA_NACIMIENTO,IDENTIDAD,DIRECCION,TELEFONO,CORREO_ELECTRONICO) values (21,1,3,3,0,0,1,1,3,'PERSONA21','APELLIDO21',to_date('21-APR-17','DD-MON-RR'),'111','Col Kennedy','123456','correo@gmail.com');
Insert into DB_UNAH.TBL_PERSONAS (CODIGO_PERSONA,CODIGO_GENERO,CODIGO_LUGAR_NACIMIENTO,CODIGO_LUGAR_RESIDENCIA,CODIGO_MUNICIPIO_NACIMIENTO,CODIGO_MUNICIPIO_RESIDENCIA,CODIGO_CAMPUS,CODIGO_TIPO_IDENTIFICACION,CODIGO_ESTADO_CIVIL,NOMBRE,APELLIDO,FECHA_NACIMIENTO,IDENTIDAD,DIRECCION,TELEFONO,CORREO_ELECTRONICO) values (22,1,3,3,0,0,1,1,3,'PERSONA22','APELLIDO22',to_date('21-APR-17','DD-MON-RR'),'111','Col Kennedy','123456','correo@gmail.com');
Insert into DB_UNAH.TBL_PERSONAS (CODIGO_PERSONA,CODIGO_GENERO,CODIGO_LUGAR_NACIMIENTO,CODIGO_LUGAR_RESIDENCIA,CODIGO_MUNICIPIO_NACIMIENTO,CODIGO_MUNICIPIO_RESIDENCIA,CODIGO_CAMPUS,CODIGO_TIPO_IDENTIFICACION,CODIGO_ESTADO_CIVIL,NOMBRE,APELLIDO,FECHA_NACIMIENTO,IDENTIDAD,DIRECCION,TELEFONO,CORREO_ELECTRONICO) values (23,1,3,3,0,0,1,1,3,'PERSONA23','APELLIDO23',to_date('21-APR-17','DD-MON-RR'),'111','Col Kennedy','123456','correo@gmail.com');
Insert into DB_UNAH.TBL_PERSONAS (CODIGO_PERSONA,CODIGO_GENERO,CODIGO_LUGAR_NACIMIENTO,CODIGO_LUGAR_RESIDENCIA,CODIGO_MUNICIPIO_NACIMIENTO,CODIGO_MUNICIPIO_RESIDENCIA,CODIGO_CAMPUS,CODIGO_TIPO_IDENTIFICACION,CODIGO_ESTADO_CIVIL,NOMBRE,APELLIDO,FECHA_NACIMIENTO,IDENTIDAD,DIRECCION,TELEFONO,CORREO_ELECTRONICO) values (24,1,3,3,0,0,1,1,3,'PERSONA24','APELLIDO24',to_date('21-APR-17','DD-MON-RR'),'111','Col Kennedy','123456','correo@gmail.com');
Insert into DB_UNAH.TBL_PERSONAS (CODIGO_PERSONA,CODIGO_GENERO,CODIGO_LUGAR_NACIMIENTO,CODIGO_LUGAR_RESIDENCIA,CODIGO_MUNICIPIO_NACIMIENTO,CODIGO_MUNICIPIO_RESIDENCIA,CODIGO_CAMPUS,CODIGO_TIPO_IDENTIFICACION,CODIGO_ESTADO_CIVIL,NOMBRE,APELLIDO,FECHA_NACIMIENTO,IDENTIDAD,DIRECCION,TELEFONO,CORREO_ELECTRONICO) values (25,1,3,3,0,0,1,1,3,'PERSONA25','APELLIDO25',to_date('21-APR-17','DD-MON-RR'),'111','Col Kennedy','123456','correo@gmail.com');
Insert into DB_UNAH.TBL_PERSONAS (CODIGO_PERSONA,CODIGO_GENERO,CODIGO_LUGAR_NACIMIENTO,CODIGO_LUGAR_RESIDENCIA,CODIGO_MUNICIPIO_NACIMIENTO,CODIGO_MUNICIPIO_RESIDENCIA,CODIGO_CAMPUS,CODIGO_TIPO_IDENTIFICACION,CODIGO_ESTADO_CIVIL,NOMBRE,APELLIDO,FECHA_NACIMIENTO,IDENTIDAD,DIRECCION,TELEFONO,CORREO_ELECTRONICO) values (26,1,3,3,0,0,1,1,3,'PERSONA26','APELLIDO26',to_date('21-APR-17','DD-MON-RR'),'111','Col Kennedy','123456','correo@gmail.com');
Insert into DB_UNAH.TBL_PERSONAS (CODIGO_PERSONA,CODIGO_GENERO,CODIGO_LUGAR_NACIMIENTO,CODIGO_LUGAR_RESIDENCIA,CODIGO_MUNICIPIO_NACIMIENTO,CODIGO_MUNICIPIO_RESIDENCIA,CODIGO_CAMPUS,CODIGO_TIPO_IDENTIFICACION,CODIGO_ESTADO_CIVIL,NOMBRE,APELLIDO,FECHA_NACIMIENTO,IDENTIDAD,DIRECCION,TELEFONO,CORREO_ELECTRONICO) values (27,1,3,3,0,0,1,1,3,'PERSONA27','APELLIDO27',to_date('21-APR-17','DD-MON-RR'),'111','Col Kennedy','123456','correo@gmail.com');
Insert into DB_UNAH.TBL_PERSONAS (CODIGO_PERSONA,CODIGO_GENERO,CODIGO_LUGAR_NACIMIENTO,CODIGO_LUGAR_RESIDENCIA,CODIGO_MUNICIPIO_NACIMIENTO,CODIGO_MUNICIPIO_RESIDENCIA,CODIGO_CAMPUS,CODIGO_TIPO_IDENTIFICACION,CODIGO_ESTADO_CIVIL,NOMBRE,APELLIDO,FECHA_NACIMIENTO,IDENTIDAD,DIRECCION,TELEFONO,CORREO_ELECTRONICO) values (28,1,3,3,0,0,1,1,3,'PERSONA28','APELLIDO28',to_date('21-APR-17','DD-MON-RR'),'111','Col Kennedy','123456','correo@gmail.com');
Insert into DB_UNAH.TBL_PERSONAS (CODIGO_PERSONA,CODIGO_GENERO,CODIGO_LUGAR_NACIMIENTO,CODIGO_LUGAR_RESIDENCIA,CODIGO_MUNICIPIO_NACIMIENTO,CODIGO_MUNICIPIO_RESIDENCIA,CODIGO_CAMPUS,CODIGO_TIPO_IDENTIFICACION,CODIGO_ESTADO_CIVIL,NOMBRE,APELLIDO,FECHA_NACIMIENTO,IDENTIDAD,DIRECCION,TELEFONO,CORREO_ELECTRONICO) values (29,1,3,3,0,0,1,1,3,'PERSONA29','APELLIDO29',to_date('21-APR-17','DD-MON-RR'),'111','Col Kennedy','123456','correo@gmail.com');
Insert into DB_UNAH.TBL_PERSONAS (CODIGO_PERSONA,CODIGO_GENERO,CODIGO_LUGAR_NACIMIENTO,CODIGO_LUGAR_RESIDENCIA,CODIGO_MUNICIPIO_NACIMIENTO,CODIGO_MUNICIPIO_RESIDENCIA,CODIGO_CAMPUS,CODIGO_TIPO_IDENTIFICACION,CODIGO_ESTADO_CIVIL,NOMBRE,APELLIDO,FECHA_NACIMIENTO,IDENTIDAD,DIRECCION,TELEFONO,CORREO_ELECTRONICO) values (30,1,3,3,0,0,1,1,3,'PERSONA30','APELLIDO30',to_date('21-APR-17','DD-MON-RR'),'111','Col Kennedy','123456','correo@gmail.com');
Insert into DB_UNAH.TBL_PERSONAS (CODIGO_PERSONA,CODIGO_GENERO,CODIGO_LUGAR_NACIMIENTO,CODIGO_LUGAR_RESIDENCIA,CODIGO_MUNICIPIO_NACIMIENTO,CODIGO_MUNICIPIO_RESIDENCIA,CODIGO_CAMPUS,CODIGO_TIPO_IDENTIFICACION,CODIGO_ESTADO_CIVIL,NOMBRE,APELLIDO,FECHA_NACIMIENTO,IDENTIDAD,DIRECCION,TELEFONO,CORREO_ELECTRONICO) values (31,1,3,3,0,0,1,1,3,'PERSONA31','APELLIDO31',to_date('21-APR-17','DD-MON-RR'),'111','Col Kennedy','123456','correo@gmail.com');
Insert into DB_UNAH.TBL_PERSONAS (CODIGO_PERSONA,CODIGO_GENERO,CODIGO_LUGAR_NACIMIENTO,CODIGO_LUGAR_RESIDENCIA,CODIGO_MUNICIPIO_NACIMIENTO,CODIGO_MUNICIPIO_RESIDENCIA,CODIGO_CAMPUS,CODIGO_TIPO_IDENTIFICACION,CODIGO_ESTADO_CIVIL,NOMBRE,APELLIDO,FECHA_NACIMIENTO,IDENTIDAD,DIRECCION,TELEFONO,CORREO_ELECTRONICO) values (32,1,3,3,0,0,1,1,3,'PERSONA32','APELLIDO32',to_date('21-APR-17','DD-MON-RR'),'111','Col Kennedy','123456','correo@gmail.com');
Insert into DB_UNAH.TBL_PERSONAS (CODIGO_PERSONA,CODIGO_GENERO,CODIGO_LUGAR_NACIMIENTO,CODIGO_LUGAR_RESIDENCIA,CODIGO_MUNICIPIO_NACIMIENTO,CODIGO_MUNICIPIO_RESIDENCIA,CODIGO_CAMPUS,CODIGO_TIPO_IDENTIFICACION,CODIGO_ESTADO_CIVIL,NOMBRE,APELLIDO,FECHA_NACIMIENTO,IDENTIDAD,DIRECCION,TELEFONO,CORREO_ELECTRONICO) values (33,1,3,3,0,0,1,1,3,'PERSONA33','APELLIDO33',to_date('21-APR-17','DD-MON-RR'),'111','Col Kennedy','123456','correo@gmail.com');
Insert into DB_UNAH.TBL_PERSONAS (CODIGO_PERSONA,CODIGO_GENERO,CODIGO_LUGAR_NACIMIENTO,CODIGO_LUGAR_RESIDENCIA,CODIGO_MUNICIPIO_NACIMIENTO,CODIGO_MUNICIPIO_RESIDENCIA,CODIGO_CAMPUS,CODIGO_TIPO_IDENTIFICACION,CODIGO_ESTADO_CIVIL,NOMBRE,APELLIDO,FECHA_NACIMIENTO,IDENTIDAD,DIRECCION,TELEFONO,CORREO_ELECTRONICO) values (34,1,3,3,0,0,1,1,3,'PERSONA34','APELLIDO34',to_date('21-APR-17','DD-MON-RR'),'111','Col Kennedy','123456','correo@gmail.com');
Insert into DB_UNAH.TBL_PERSONAS (CODIGO_PERSONA,CODIGO_GENERO,CODIGO_LUGAR_NACIMIENTO,CODIGO_LUGAR_RESIDENCIA,CODIGO_MUNICIPIO_NACIMIENTO,CODIGO_MUNICIPIO_RESIDENCIA,CODIGO_CAMPUS,CODIGO_TIPO_IDENTIFICACION,CODIGO_ESTADO_CIVIL,NOMBRE,APELLIDO,FECHA_NACIMIENTO,IDENTIDAD,DIRECCION,TELEFONO,CORREO_ELECTRONICO) values (35,1,3,3,0,0,1,1,3,'PERSONA35','APELLIDO35',to_date('21-APR-17','DD-MON-RR'),'111','Col Kennedy','123456','correo@gmail.com');
Insert into DB_UNAH.TBL_PERSONAS (CODIGO_PERSONA,CODIGO_GENERO,CODIGO_LUGAR_NACIMIENTO,CODIGO_LUGAR_RESIDENCIA,CODIGO_MUNICIPIO_NACIMIENTO,CODIGO_MUNICIPIO_RESIDENCIA,CODIGO_CAMPUS,CODIGO_TIPO_IDENTIFICACION,CODIGO_ESTADO_CIVIL,NOMBRE,APELLIDO,FECHA_NACIMIENTO,IDENTIDAD,DIRECCION,TELEFONO,CORREO_ELECTRONICO) values (36,1,3,3,0,0,1,1,3,'PERSONA36','APELLIDO36',to_date('21-APR-17','DD-MON-RR'),'111','Col Kennedy','123456','correo@gmail.com');
Insert into DB_UNAH.TBL_PERSONAS (CODIGO_PERSONA,CODIGO_GENERO,CODIGO_LUGAR_NACIMIENTO,CODIGO_LUGAR_RESIDENCIA,CODIGO_MUNICIPIO_NACIMIENTO,CODIGO_MUNICIPIO_RESIDENCIA,CODIGO_CAMPUS,CODIGO_TIPO_IDENTIFICACION,CODIGO_ESTADO_CIVIL,NOMBRE,APELLIDO,FECHA_NACIMIENTO,IDENTIDAD,DIRECCION,TELEFONO,CORREO_ELECTRONICO) values (37,1,3,3,0,0,1,1,3,'PERSONA37','APELLIDO37',to_date('21-APR-17','DD-MON-RR'),'111','Col Kennedy','123456','correo@gmail.com');
Insert into DB_UNAH.TBL_PERSONAS (CODIGO_PERSONA,CODIGO_GENERO,CODIGO_LUGAR_NACIMIENTO,CODIGO_LUGAR_RESIDENCIA,CODIGO_MUNICIPIO_NACIMIENTO,CODIGO_MUNICIPIO_RESIDENCIA,CODIGO_CAMPUS,CODIGO_TIPO_IDENTIFICACION,CODIGO_ESTADO_CIVIL,NOMBRE,APELLIDO,FECHA_NACIMIENTO,IDENTIDAD,DIRECCION,TELEFONO,CORREO_ELECTRONICO) values (38,1,3,3,0,0,1,1,3,'PERSONA38','APELLIDO38',to_date('21-APR-17','DD-MON-RR'),'111','Col Kennedy','123456','correo@gmail.com');
Insert into DB_UNAH.TBL_PERSONAS (CODIGO_PERSONA,CODIGO_GENERO,CODIGO_LUGAR_NACIMIENTO,CODIGO_LUGAR_RESIDENCIA,CODIGO_MUNICIPIO_NACIMIENTO,CODIGO_MUNICIPIO_RESIDENCIA,CODIGO_CAMPUS,CODIGO_TIPO_IDENTIFICACION,CODIGO_ESTADO_CIVIL,NOMBRE,APELLIDO,FECHA_NACIMIENTO,IDENTIDAD,DIRECCION,TELEFONO,CORREO_ELECTRONICO) values (39,1,3,3,0,0,1,1,3,'PERSONA39','APELLIDO39',to_date('21-APR-17','DD-MON-RR'),'111','Col Kennedy','123456','correo@gmail.com');
Insert into DB_UNAH.TBL_PERSONAS (CODIGO_PERSONA,CODIGO_GENERO,CODIGO_LUGAR_NACIMIENTO,CODIGO_LUGAR_RESIDENCIA,CODIGO_MUNICIPIO_NACIMIENTO,CODIGO_MUNICIPIO_RESIDENCIA,CODIGO_CAMPUS,CODIGO_TIPO_IDENTIFICACION,CODIGO_ESTADO_CIVIL,NOMBRE,APELLIDO,FECHA_NACIMIENTO,IDENTIDAD,DIRECCION,TELEFONO,CORREO_ELECTRONICO) values (40,1,3,3,0,0,1,1,3,'PERSONA40','APELLIDO40',to_date('21-APR-17','DD-MON-RR'),'111','Col Kennedy','123456','correo@gmail.com');
REM INSERTING into DB_UNAH.TBL_REQUISITOS
SET DEFINE OFF;
Insert into DB_UNAH.TBL_REQUISITOS (CODIGO_ASIGNATURA,CODIGO_ASIGNATURA_REQUISITO,CODIGO_CARRERA) values (2,1,2);
Insert into DB_UNAH.TBL_REQUISITOS (CODIGO_ASIGNATURA,CODIGO_ASIGNATURA_REQUISITO,CODIGO_CARRERA) values (3,2,3);
Insert into DB_UNAH.TBL_REQUISITOS (CODIGO_ASIGNATURA,CODIGO_ASIGNATURA_REQUISITO,CODIGO_CARRERA) values (4,3,4);
Insert into DB_UNAH.TBL_REQUISITOS (CODIGO_ASIGNATURA,CODIGO_ASIGNATURA_REQUISITO,CODIGO_CARRERA) values (5,1,2);
Insert into DB_UNAH.TBL_REQUISITOS (CODIGO_ASIGNATURA,CODIGO_ASIGNATURA_REQUISITO,CODIGO_CARRERA) values (5,4,1);
Insert into DB_UNAH.TBL_REQUISITOS (CODIGO_ASIGNATURA,CODIGO_ASIGNATURA_REQUISITO,CODIGO_CARRERA) values (6,5,3);
Insert into DB_UNAH.TBL_REQUISITOS (CODIGO_ASIGNATURA,CODIGO_ASIGNATURA_REQUISITO,CODIGO_CARRERA) values (7,6,4);
Insert into DB_UNAH.TBL_REQUISITOS (CODIGO_ASIGNATURA,CODIGO_ASIGNATURA_REQUISITO,CODIGO_CARRERA) values (8,7,1);
Insert into DB_UNAH.TBL_REQUISITOS (CODIGO_ASIGNATURA,CODIGO_ASIGNATURA_REQUISITO,CODIGO_CARRERA) values (9,8,2);
Insert into DB_UNAH.TBL_REQUISITOS (CODIGO_ASIGNATURA,CODIGO_ASIGNATURA_REQUISITO,CODIGO_CARRERA) values (10,9,3);
Insert into DB_UNAH.TBL_REQUISITOS (CODIGO_ASIGNATURA,CODIGO_ASIGNATURA_REQUISITO,CODIGO_CARRERA) values (11,10,4);
Insert into DB_UNAH.TBL_REQUISITOS (CODIGO_ASIGNATURA,CODIGO_ASIGNATURA_REQUISITO,CODIGO_CARRERA) values (12,11,1);
Insert into DB_UNAH.TBL_REQUISITOS (CODIGO_ASIGNATURA,CODIGO_ASIGNATURA_REQUISITO,CODIGO_CARRERA) values (13,12,2);
Insert into DB_UNAH.TBL_REQUISITOS (CODIGO_ASIGNATURA,CODIGO_ASIGNATURA_REQUISITO,CODIGO_CARRERA) values (14,13,1);
Insert into DB_UNAH.TBL_REQUISITOS (CODIGO_ASIGNATURA,CODIGO_ASIGNATURA_REQUISITO,CODIGO_CARRERA) values (15,14,4);
Insert into DB_UNAH.TBL_REQUISITOS (CODIGO_ASIGNATURA,CODIGO_ASIGNATURA_REQUISITO,CODIGO_CARRERA) values (16,15,2);
Insert into DB_UNAH.TBL_REQUISITOS (CODIGO_ASIGNATURA,CODIGO_ASIGNATURA_REQUISITO,CODIGO_CARRERA) values (17,16,1);
Insert into DB_UNAH.TBL_REQUISITOS (CODIGO_ASIGNATURA,CODIGO_ASIGNATURA_REQUISITO,CODIGO_CARRERA) values (17,19,1);
Insert into DB_UNAH.TBL_REQUISITOS (CODIGO_ASIGNATURA,CODIGO_ASIGNATURA_REQUISITO,CODIGO_CARRERA) values (17,20,2);
Insert into DB_UNAH.TBL_REQUISITOS (CODIGO_ASIGNATURA,CODIGO_ASIGNATURA_REQUISITO,CODIGO_CARRERA) values (18,17,1);
REM INSERTING into DB_UNAH.TBL_SECCION
SET DEFINE OFF;
Insert into DB_UNAH.TBL_SECCION (CODIGO_SECCION,CODIGO_ALTERNO,HORA_INICIO,HORA_FIN,DIAS,CODIGO_AULA,CODIGO_ASIGNATURA,CODIGO_MAESTRO,CODIGO_PERIODO,CANTIDAD_CUPOS) values (1,'1',to_date('22-APR-17','DD-MON-RR'),to_date('22-APR-17','DD-MON-RR'),'-',1,20,31,1,30);
Insert into DB_UNAH.TBL_SECCION (CODIGO_SECCION,CODIGO_ALTERNO,HORA_INICIO,HORA_FIN,DIAS,CODIGO_AULA,CODIGO_ASIGNATURA,CODIGO_MAESTRO,CODIGO_PERIODO,CANTIDAD_CUPOS) values (2,'2',to_date('22-APR-17','DD-MON-RR'),to_date('22-APR-17','DD-MON-RR'),'-',2,19,32,2,40);
Insert into DB_UNAH.TBL_SECCION (CODIGO_SECCION,CODIGO_ALTERNO,HORA_INICIO,HORA_FIN,DIAS,CODIGO_AULA,CODIGO_ASIGNATURA,CODIGO_MAESTRO,CODIGO_PERIODO,CANTIDAD_CUPOS) values (3,'3',to_date('22-APR-17','DD-MON-RR'),to_date('22-APR-17','DD-MON-RR'),'-',3,18,33,3,30);
Insert into DB_UNAH.TBL_SECCION (CODIGO_SECCION,CODIGO_ALTERNO,HORA_INICIO,HORA_FIN,DIAS,CODIGO_AULA,CODIGO_ASIGNATURA,CODIGO_MAESTRO,CODIGO_PERIODO,CANTIDAD_CUPOS) values (4,'4',to_date('22-APR-17','DD-MON-RR'),to_date('22-APR-17','DD-MON-RR'),'-',4,17,34,1,30);
Insert into DB_UNAH.TBL_SECCION (CODIGO_SECCION,CODIGO_ALTERNO,HORA_INICIO,HORA_FIN,DIAS,CODIGO_AULA,CODIGO_ASIGNATURA,CODIGO_MAESTRO,CODIGO_PERIODO,CANTIDAD_CUPOS) values (5,'5',to_date('22-APR-17','DD-MON-RR'),to_date('22-APR-17','DD-MON-RR'),'-',5,16,35,2,38);
Insert into DB_UNAH.TBL_SECCION (CODIGO_SECCION,CODIGO_ALTERNO,HORA_INICIO,HORA_FIN,DIAS,CODIGO_AULA,CODIGO_ASIGNATURA,CODIGO_MAESTRO,CODIGO_PERIODO,CANTIDAD_CUPOS) values (6,'6',to_date('22-APR-17','DD-MON-RR'),to_date('22-APR-17','DD-MON-RR'),'-',1,15,36,3,15);
Insert into DB_UNAH.TBL_SECCION (CODIGO_SECCION,CODIGO_ALTERNO,HORA_INICIO,HORA_FIN,DIAS,CODIGO_AULA,CODIGO_ASIGNATURA,CODIGO_MAESTRO,CODIGO_PERIODO,CANTIDAD_CUPOS) values (7,'7',to_date('22-APR-17','DD-MON-RR'),to_date('22-APR-17','DD-MON-RR'),'-',2,14,37,1,20);
Insert into DB_UNAH.TBL_SECCION (CODIGO_SECCION,CODIGO_ALTERNO,HORA_INICIO,HORA_FIN,DIAS,CODIGO_AULA,CODIGO_ASIGNATURA,CODIGO_MAESTRO,CODIGO_PERIODO,CANTIDAD_CUPOS) values (8,'8',to_date('22-APR-17','DD-MON-RR'),to_date('22-APR-17','DD-MON-RR'),'-',3,13,38,2,30);
Insert into DB_UNAH.TBL_SECCION (CODIGO_SECCION,CODIGO_ALTERNO,HORA_INICIO,HORA_FIN,DIAS,CODIGO_AULA,CODIGO_ASIGNATURA,CODIGO_MAESTRO,CODIGO_PERIODO,CANTIDAD_CUPOS) values (9,'9',to_date('22-APR-17','DD-MON-RR'),to_date('22-APR-17','DD-MON-RR'),'-',4,12,39,3,33);
Insert into DB_UNAH.TBL_SECCION (CODIGO_SECCION,CODIGO_ALTERNO,HORA_INICIO,HORA_FIN,DIAS,CODIGO_AULA,CODIGO_ASIGNATURA,CODIGO_MAESTRO,CODIGO_PERIODO,CANTIDAD_CUPOS) values (10,'10',to_date('22-APR-17','DD-MON-RR'),to_date('22-APR-17','DD-MON-RR'),'-',5,11,40,1,30);
REM INSERTING into DB_UNAH.TBL_TIPO_ASIGNATURA
SET DEFINE OFF;
Insert into DB_UNAH.TBL_TIPO_ASIGNATURA (CODIGO_TIPO_ASIGNATURA,TIPO_ASIGNATURA) values (1,'Tipo 1');
Insert into DB_UNAH.TBL_TIPO_ASIGNATURA (CODIGO_TIPO_ASIGNATURA,TIPO_ASIGNATURA) values (2,'Tipo 2');
Insert into DB_UNAH.TBL_TIPO_ASIGNATURA (CODIGO_TIPO_ASIGNATURA,TIPO_ASIGNATURA) values (3,'Tipo 3');
REM INSERTING into DB_UNAH.TBL_TIPO_EMPLEADO
SET DEFINE OFF;
Insert into DB_UNAH.TBL_TIPO_EMPLEADO (CODIGO_TIPO_EMPLEADO,NOMBRE_TIPO_EMPLEADO) values (1,'Permanente');
Insert into DB_UNAH.TBL_TIPO_EMPLEADO (CODIGO_TIPO_EMPLEADO,NOMBRE_TIPO_EMPLEADO) values (2,'Por Hora');
REM INSERTING into DB_UNAH.TBL_TIPO_IDENTIFICACION
SET DEFINE OFF;
Insert into DB_UNAH.TBL_TIPO_IDENTIFICACION (CODIGO_TIPO_IDENTIFICACION,TIPO_IDENTIFICACION) values (1,'Tarjeta de identidad');
Insert into DB_UNAH.TBL_TIPO_IDENTIFICACION (CODIGO_TIPO_IDENTIFICACION,TIPO_IDENTIFICACION) values (2,'Pasaporte');
REM INSERTING into DB_UNAH.TBL_TIPO_LUGARES
SET DEFINE OFF;
Insert into DB_UNAH.TBL_TIPO_LUGARES (CODIGO_TIPO_LUGAR,NOMBRE_TIPO_LUGAR) values (1,'Municipio');
Insert into DB_UNAH.TBL_TIPO_LUGARES (CODIGO_TIPO_LUGAR,NOMBRE_TIPO_LUGAR) values (2,'Departamento');
Insert into DB_UNAH.TBL_TIPO_LUGARES (CODIGO_TIPO_LUGAR,NOMBRE_TIPO_LUGAR) values (3,'Pais');
Insert into DB_UNAH.TBL_TIPO_LUGARES (CODIGO_TIPO_LUGAR,NOMBRE_TIPO_LUGAR) values (4,'Region');
Insert into DB_UNAH.TBL_TIPO_LUGARES (CODIGO_TIPO_LUGAR,NOMBRE_TIPO_LUGAR) values (5,'Aldea');
Insert into DB_UNAH.TBL_TIPO_LUGARES (CODIGO_TIPO_LUGAR,NOMBRE_TIPO_LUGAR) values (6,'Estado');
Insert into DB_UNAH.TBL_TIPO_LUGARES (CODIGO_TIPO_LUGAR,NOMBRE_TIPO_LUGAR) values (7,'Colinia');
REM INSERTING into DB_UNAH.TBL_TIPOS_AULAS
SET DEFINE OFF;
Insert into DB_UNAH.TBL_TIPOS_AULAS (CODIGO_TIPO_AULA,TIPO_AULA,DESCRIPCION) values (1,'Aula normal','Aula normal');
Insert into DB_UNAH.TBL_TIPOS_AULAS (CODIGO_TIPO_AULA,TIPO_AULA,DESCRIPCION) values (2,'Laboratorio','Laboratorio');
REM INSERTING into DB_UNAH.TBL_TIPOS_EVALUACIONES
SET DEFINE OFF;
Insert into DB_UNAH.TBL_TIPOS_EVALUACIONES (CODIGO_TIPO_EVALUACION,NOMBRE_TIPO_EVALUACION) values (1,'Examen');
Insert into DB_UNAH.TBL_TIPOS_EVALUACIONES (CODIGO_TIPO_EVALUACION,NOMBRE_TIPO_EVALUACION) values (2,'Acumulativo');
Insert into DB_UNAH.TBL_TIPOS_EVALUACIONES (CODIGO_TIPO_EVALUACION,NOMBRE_TIPO_EVALUACION) values (3,'Laboratorio');
REM INSERTING into DB_UNAH.TBL_TIPOS_PERIODOS
SET DEFINE OFF;
Insert into DB_UNAH.TBL_TIPOS_PERIODOS (CODIGO_TIPO_PERIODO,TIPO_PERIODO) values (1,'Normal');
Insert into DB_UNAH.TBL_TIPOS_PERIODOS (CODIGO_TIPO_PERIODO,TIPO_PERIODO) values (2,'Intensivo');
REM INSERTING into DB_UNAH.TBL_TITULARIDAD
SET DEFINE OFF;
Insert into DB_UNAH.TBL_TITULARIDAD (CODIGO_TITULARIDAD,NOMBRE_TITULARIDAD,SALARIO_MINIMO,SALARIO_MAXIMO) values (1,'Titularidad 1',20000,30000);
Insert into DB_UNAH.TBL_TITULARIDAD (CODIGO_TITULARIDAD,NOMBRE_TITULARIDAD,SALARIO_MINIMO,SALARIO_MAXIMO) values (2,'Titularidad 2',20000,30000);
Insert into DB_UNAH.TBL_TITULARIDAD (CODIGO_TITULARIDAD,NOMBRE_TITULARIDAD,SALARIO_MINIMO,SALARIO_MAXIMO) values (3,'Titularidad 3',20000,30000);
REM INSERTING into DB_UNAH.TBL_TITULOS
SET DEFINE OFF;
REM INSERTING into DB_UNAH.TBL_TITULOS_X_EMPLEADO
SET DEFINE OFF;
REM INSERTING into DB_UNAH.TBL_UNIVERSIDADES
SET DEFINE OFF;
Insert into DB_UNAH.TBL_UNIVERSIDADES (CODIGO_UNIVERSIDAD,NOMBRE_UNIVERSIDAD,DIRECCION,TELEFONO) values (1,'Universidad 1','--','-');
Insert into DB_UNAH.TBL_UNIVERSIDADES (CODIGO_UNIVERSIDAD,NOMBRE_UNIVERSIDAD,DIRECCION,TELEFONO) values (2,'Universidad 2','-','-');
Insert into DB_UNAH.TBL_UNIVERSIDADES (CODIGO_UNIVERSIDAD,NOMBRE_UNIVERSIDAD,DIRECCION,TELEFONO) values (3,'Universidad 3','-','-');
Insert into DB_UNAH.TBL_UNIVERSIDADES (CODIGO_UNIVERSIDAD,NOMBRE_UNIVERSIDAD,DIRECCION,TELEFONO) values (4,'Universidad 4','-','-');